run_id,market,rate,period,count,amount,side,fetched_at
cf1d285f-a041-4d0d-bc4c-3c586ccd8ae6,fBTC,3e-08,120,1,-0.5,demand,2026-08-18T01:48:33.630011+00:00
cf1d285f-a041-4d0d-bc4c-3c586ccd8ae6,fBTC,2e-08,120,1,-0.07950436,demand,2026-08-18T01:48:33.630011+00:00
cf1d285f-a041-4d0d-bc4c-3c586ccd8ae6,fBTC,1.1e-08,120,1,-0.1826823,demand,2026-08-18T01:48:33.630011+00:00
cf1d285f-a041-4d0d-bc4c-3c586ccd8ae6,fBTC,1e-08,120,1,-0.4,demand,2026-08-18T01:48:33.630011+00:00
cf1d285f-a041-4d0d-bc4c-3c586ccd8ae6,fBTC,1e-08,10,1,-0.2,demand,2026-08-18T01:48:33.630011+00:00
cf1d285f-a041-4d0d-bc4c-3c586ccd8ae6,fBTC,2.92484304e-08,2,1,11.7209228,offer,2026-08-18T01:48:33.630011+00:00
cf1d285f-a041-4d0d-bc4c-3c586ccd8ae6,fBTC,2.9342e-08,2,1,0.54010642,offer,2026-08-18T01:48:33.630011+00:00
cf1d285f-a041-4d0d-bc4c-3c586ccd8ae6,fBTC,2.95e-08,2,2,3.05000464,offer,2026-08-18T01:48:33.630011+00:00
cf1d285f-a041-4d0d-bc4c-3c586ccd8ae6,fBTC,2.97e-08,10,1,3.51604542,offer,2026-08-18T01:48:33.630011+00:00
cf1d285f-a041-4d0d-bc4c-3c586ccd8ae6,fBTC,3e-08,2,9,10.03060956,offer,2026-08-18T01:48:33.630011+00:00
cf1d285f-a041-4d0d-bc4c-3c586ccd8ae6,fBTC,3e-08,5,3,3.80929906,offer,2026-08-18T01:48:33.630011+00:00
cf1d285f-a041-4d0d-bc4c-3c586ccd8ae6,fBTC,3e-08,7,5,7.08431349,offer,2026-08-18T01:48:33.630011+00:00
cf1d285f-a041-4d0d-bc4c-3c586ccd8ae6,fBTC,3e-08,15,1,0.08293907,offer,2026-08-18T01:48:33.630011+00:00
cf1d285f-a041-4d0d-bc4c-3c586ccd8ae6,fBTC,3.0081e-08,2,1,0.00600173,offer,2026-08-18T01:48:33.630011+00:00
cf1d285f-a041-4d0d-bc4c-3c586ccd8ae6,fBTC,3.0081e-08,30,1,0.0962261,offer,2026-08-18T01:48:33.630011+00:00
cf1d285f-a041-4d0d-bc4c-3c586ccd8ae6,fBTC,3.008194e-08,2,32,0.18789454,offer,2026-08-18T01:48:33.630011+00:00
cf1d285f-a041-4d0d-bc4c-3c586ccd8ae6,fBTC,3.0136e-08,30,1,0.10726593,offer,2026-08-18T01:48:33.630011+00:00
cf1d285f-a041-4d0d-bc4c-3c586ccd8ae6,fBTC,3.0136986301369865e-08,30,87,352.40655645,offer,2026-08-18T01:48:33.630011+00:00
cf1d285f-a041-4d0d-bc4c-3c586ccd8ae6,fBTC,3.0136986301369865e-08,120,50,206.8974749,offer,2026-08-18T01:48:33.630011+00:00
cf1d285f-a041-4d0d-bc4c-3c586ccd8ae6,fBTC,3.0136986301369865e-08,14,8,13.00741468,offer,2026-08-18T01:48:33.630011+00:00
cf1d285f-a041-4d0d-bc4c-3c586ccd8ae6,fBTC,3.0136986301369865e-08,2,200,219.02902334,offer,2026-08-18T01:48:33.630011+00:00
cf1d285f-a041-4d0d-bc4c-3c586ccd8ae6,fBTC,3.0136986301369865e-08,4,4,0.36477312,offer,2026-08-18T01:48:33.630011+00:00
cf1d285f-a041-4d0d-bc4c-3c586ccd8ae6,fBTC,3.0136986301369865e-08,15,10,3.08172885,offer,2026-08-18T01:48:33.630011+00:00
cf1d285f-a041-4d0d-bc4c-3c586ccd8ae6,fBTC,3.0136986301369865e-08,5,11,0.24233105,offer,2026-08-18T01:48:33.630011+00:00
cf1d285f-a041-4d0d-bc4c-3c586ccd8ae6,fBTC,3.0136986301369865e-08,60,8,6.1036453,offer,2026-08-18T01:48:33.630011+00:00
cf1d285f-a041-4d0d-bc4c-3c586ccd8ae6,fBTC,3.0136986301369865e-08,12,2,1.85580208,offer,2026-08-18T01:48:33.630011+00:00
cf1d285f-a041-4d0d-bc4c-3c586ccd8ae6,fBTC,3.0136986301369865e-08,7,10,7.37955224,offer,2026-08-18T01:48:33.630011+00:00
cf1d285f-a041-4d0d-bc4c-3c586ccd8ae6,fBTC,3.0136986301369865e-08,10,9,1.81974863,offer,2026-08-18T01:48:33.630011+00:00
cf1d285f-a041-4d0d-bc4c-3c586ccd8ae6,fBTC,3.0136986301369865e-08,20,5,5.95732358,offer,2026-08-18T01:48:33.630011+00:00
cf1d285f-a041-4d0d-bc4c-3c586ccd8ae6,fBTC,3.0136986301369865e-08,6,1,0.13857429,offer,2026-08-18T01:48:33.630011+00:00
b361ed9a-5a0f-4e6d-b10e-8cea12abd050,fBTC,3e-08,120,1,-0.5,demand,2026-08-18T03:07:17.778510+00:00
b361ed9a-5a0f-4e6d-b10e-8cea12abd050,fBTC,2e-08,120,1,-0.07950436,demand,2026-08-18T03:07:17.778510+00:00
b361ed9a-5a0f-4e6d-b10e-8cea12abd050,fBTC,1.1e-08,120,1,-0.1826823,demand,2026-08-18T03:07:17.778510+00:00
b361ed9a-5a0f-4e6d-b10e-8cea12abd050,fBTC,1e-08,120,1,-0.4,demand,2026-08-18T03:07:17.778510+00:00
b361ed9a-5a0f-4e6d-b10e-8cea12abd050,fBTC,1e-08,10,1,-0.2,demand,2026-08-18T03:07:17.778510+00:00
b361ed9a-5a0f-4e6d-b10e-8cea12abd050,fBTC,2.88722448e-08,2,1,10.4059813,offer,2026-08-18T03:07:17.778510+00:00
b361ed9a-5a0f-4e6d-b10e-8cea12abd050,fBTC,2.92e-08,2,1,0.00289076,offer,2026-08-18T03:07:17.778510+00:00
b361ed9a-5a0f-4e6d-b10e-8cea12abd050,fBTC,2.9342e-08,2,1,0.54010642,offer,2026-08-18T03:07:17.778510+00:00
b361ed9a-5a0f-4e6d-b10e-8cea12abd050,fBTC,2.95e-08,2,2,3.05000464,offer,2026-08-18T03:07:17.778510+00:00
b361ed9a-5a0f-4e6d-b10e-8cea12abd050,fBTC,2.97e-08,10,1,3.51604542,offer,2026-08-18T03:07:17.778510+00:00
b361ed9a-5a0f-4e6d-b10e-8cea12abd050,fBTC,3e-08,2,10,11.14037479,offer,2026-08-18T03:07:17.778510+00:00
b361ed9a-5a0f-4e6d-b10e-8cea12abd050,fBTC,3e-08,5,3,3.80929906,offer,2026-08-18T03:07:17.778510+00:00
b361ed9a-5a0f-4e6d-b10e-8cea12abd050,fBTC,3e-08,7,5,7.08431349,offer,2026-08-18T03:07:17.778510+00:00
b361ed9a-5a0f-4e6d-b10e-8cea12abd050,fBTC,3e-08,15,1,0.08293907,offer,2026-08-18T03:07:17.778510+00:00
b361ed9a-5a0f-4e6d-b10e-8cea12abd050,fBTC,3.0081e-08,2,1,0.00600173,offer,2026-08-18T03:07:17.778510+00:00
b361ed9a-5a0f-4e6d-b10e-8cea12abd050,fBTC,3.0081e-08,30,1,0.0962261,offer,2026-08-18T03:07:17.778510+00:00
b361ed9a-5a0f-4e6d-b10e-8cea12abd050,fBTC,3.008194e-08,2,31,0.18801163,offer,2026-08-18T03:07:17.778510+00:00
b361ed9a-5a0f-4e6d-b10e-8cea12abd050,fBTC,3.0136e-08,30,1,0.10726593,offer,2026-08-18T03:07:17.778510+00:00
b361ed9a-5a0f-4e6d-b10e-8cea12abd050,fBTC,3.0136986301369865e-08,30,87,352.40655645,offer,2026-08-18T03:07:17.778510+00:00
b361ed9a-5a0f-4e6d-b10e-8cea12abd050,fBTC,3.0136986301369865e-08,120,49,206.89143178,offer,2026-08-18T03:07:17.778510+00:00
b361ed9a-5a0f-4e6d-b10e-8cea12abd050,fBTC,3.0136986301369865e-08,14,8,13.00741468,offer,2026-08-18T03:07:17.778510+00:00
b361ed9a-5a0f-4e6d-b10e-8cea12abd050,fBTC,3.0136986301369865e-08,2,200,219.02902334,offer,2026-08-18T03:07:17.778510+00:00
b361ed9a-5a0f-4e6d-b10e-8cea12abd050,fBTC,3.0136986301369865e-08,4,4,0.36477312,offer,2026-08-18T03:07:17.778510+00:00
b361ed9a-5a0f-4e6d-b10e-8cea12abd050,fBTC,3.0136986301369865e-08,15,10,3.08172885,offer,2026-08-18T03:07:17.778510+00:00
b361ed9a-5a0f-4e6d-b10e-8cea12abd050,fBTC,3.0136986301369865e-08,5,11,0.24233105,offer,2026-08-18T03:07:17.778510+00:00
b361ed9a-5a0f-4e6d-b10e-8cea12abd050,fBTC,3.0136986301369865e-08,60,8,6.1036453,offer,2026-08-18T03:07:17.778510+00:00
b361ed9a-5a0f-4e6d-b10e-8cea12abd050,fBTC,3.0136986301369865e-08,12,2,1.85580208,offer,2026-08-18T03:07:17.778510+00:00
b361ed9a-5a0f-4e6d-b10e-8cea12abd050,fBTC,3.0136986301369865e-08,7,10,7.37955224,offer,2026-08-18T03:07:17.778510+00:00
b361ed9a-5a0f-4e6d-b10e-8cea12abd050,fBTC,3.0136986301369865e-08,10,9,1.81974863,offer,2026-08-18T03:07:17.778510+00:00
b361ed9a-5a0f-4e6d-b10e-8cea12abd050,fBTC,3.0136986301369865e-08,20,5,5.95732358,offer,2026-08-18T03:07:17.778510+00:00
f7a6fe84-19db-4e46-b0d6-b25d059921af,fBTC,3e-08,120,1,-0.5,demand,2026-08-18T03:56:26.795634+00:00
f7a6fe84-19db-4e46-b0d6-b25d059921af,fBTC,2e-08,120,1,-0.07950436,demand,2026-08-18T03:56:26.795634+00:00
f7a6fe84-19db-4e46-b0d6-b25d059921af,fBTC,1.1e-08,120,1,-0.1826823,demand,2026-08-18T03:56:26.795634+00:00
f7a6fe84-19db-4e46-b0d6-b25d059921af,fBTC,1e-08,120,1,-0.4,demand,2026-08-18T03:56:26.795634+00:00
f7a6fe84-19db-4e46-b0d6-b25d059921af,fBTC,1e-08,10,1,-0.2,demand,2026-08-18T03:56:26.795634+00:00
f7a6fe84-19db-4e46-b0d6-b25d059921af,fBTC,2.90603376e-08,2,1,10.26319258,offer,2026-08-18T03:56:26.795634+00:00
f7a6fe84-19db-4e46-b0d6-b25d059921af,fBTC,2.92e-08,2,1,0.00289076,offer,2026-08-18T03:56:26.795634+00:00
f7a6fe84-19db-4e46-b0d6-b25d059921af,fBTC,2.9342e-08,2,1,0.54010642,offer,2026-08-18T03:56:26.795634+00:00
f7a6fe84-19db-4e46-b0d6-b25d059921af,fBTC,2.95e-08,2,2,3.05000464,offer,2026-08-18T03:56:26.795634+00:00
f7a6fe84-19db-4e46-b0d6-b25d059921af,fBTC,2.97e-08,10,1,3.51604542,offer,2026-08-18T03:56:26.795634+00:00
f7a6fe84-19db-4e46-b0d6-b25d059921af,fBTC,3e-08,2,10,11.14037479,offer,2026-08-18T03:56:26.795634+00:00
f7a6fe84-19db-4e46-b0d6-b25d059921af,fBTC,3e-08,5,3,3.80929906,offer,2026-08-18T03:56:26.795634+00:00
f7a6fe84-19db-4e46-b0d6-b25d059921af,fBTC,3e-08,7,5,7.08431349,offer,2026-08-18T03:56:26.795634+00:00
f7a6fe84-19db-4e46-b0d6-b25d059921af,fBTC,3e-08,15,1,0.08293907,offer,2026-08-18T03:56:26.795634+00:00
f7a6fe84-19db-4e46-b0d6-b25d059921af,fBTC,3.0081e-08,2,1,0.00600173,offer,2026-08-18T03:56:26.795634+00:00
f7a6fe84-19db-4e46-b0d6-b25d059921af,fBTC,3.0081e-08,30,1,0.0962261,offer,2026-08-18T03:56:26.795634+00:00
f7a6fe84-19db-4e46-b0d6-b25d059921af,fBTC,3.008194e-08,2,31,0.18798903,offer,2026-08-18T03:56:26.795634+00:00
f7a6fe84-19db-4e46-b0d6-b25d059921af,fBTC,3.0136e-08,30,1,0.10726593,offer,2026-08-18T03:56:26.795634+00:00
f7a6fe84-19db-4e46-b0d6-b25d059921af,fBTC,3.0136986301369865e-08,30,87,352.40655645,offer,2026-08-18T03:56:26.795634+00:00
f7a6fe84-19db-4e46-b0d6-b25d059921af,fBTC,3.0136986301369865e-08,120,50,206.91425714,offer,2026-08-18T03:56:26.795634+00:00
f7a6fe84-19db-4e46-b0d6-b25d059921af,fBTC,3.0136986301369865e-08,14,8,13.00741468,offer,2026-08-18T03:56:26.795634+00:00
f7a6fe84-19db-4e46-b0d6-b25d059921af,fBTC,3.0136986301369865e-08,2,201,219.0520072,offer,2026-08-18T03:56:26.795634+00:00
f7a6fe84-19db-4e46-b0d6-b25d059921af,fBTC,3.0136986301369865e-08,4,4,0.36477312,offer,2026-08-18T03:56:26.795634+00:00
f7a6fe84-19db-4e46-b0d6-b25d059921af,fBTC,3.0136986301369865e-08,15,10,3.08172885,offer,2026-08-18T03:56:26.795634+00:00
f7a6fe84-19db-4e46-b0d6-b25d059921af,fBTC,3.0136986301369865e-08,5,11,0.24233105,offer,2026-08-18T03:56:26.795634+00:00
f7a6fe84-19db-4e46-b0d6-b25d059921af,fBTC,3.0136986301369865e-08,60,8,6.1036453,offer,2026-08-18T03:56:26.795634+00:00
f7a6fe84-19db-4e46-b0d6-b25d059921af,fBTC,3.0136986301369865e-08,12,2,1.85580208,offer,2026-08-18T03:56:26.795634+00:00
f7a6fe84-19db-4e46-b0d6-b25d059921af,fBTC,3.0136986301369865e-08,7,10,7.37955224,offer,2026-08-18T03:56:26.795634+00:00
f7a6fe84-19db-4e46-b0d6-b25d059921af,fBTC,3.0136986301369865e-08,10,9,1.81974863,offer,2026-08-18T03:56:26.795634+00:00
f7a6fe84-19db-4e46-b0d6-b25d059921af,fBTC,3.0136986301369865e-08,20,5,5.95732358,offer,2026-08-18T03:56:26.795634+00:00
4e491332-140b-41f2-90fc-1846b32fe15a,fBTC,3e-08,120,1,-0.5,demand,2026-08-18T04:49:38.846108+00:00
4e491332-140b-41f2-90fc-1846b32fe15a,fBTC,2e-08,120,1,-0.07950436,demand,2026-08-18T04:49:38.846108+00:00
4e491332-140b-41f2-90fc-1846b32fe15a,fBTC,1.1e-08,120,1,-0.1826823,demand,2026-08-18T04:49:38.846108+00:00
4e491332-140b-41f2-90fc-1846b32fe15a,fBTC,1e-08,120,1,-0.4,demand,2026-08-18T04:49:38.846108+00:00
4e491332-140b-41f2-90fc-1846b32fe15a,fBTC,1e-08,10,1,-0.2,demand,2026-08-18T04:49:38.846108+00:00
4e491332-140b-41f2-90fc-1846b32fe15a,fBTC,2e-08,2,1,0.04488656,offer,2026-08-18T04:49:38.846108+00:00
4e491332-140b-41f2-90fc-1846b32fe15a,fBTC,2.87781984e-08,2,1,6.56156133,offer,2026-08-18T04:49:38.846108+00:00
4e491332-140b-41f2-90fc-1846b32fe15a,fBTC,2.9342e-08,2,1,0.54010642,offer,2026-08-18T04:49:38.846108+00:00
4e491332-140b-41f2-90fc-1846b32fe15a,fBTC,2.95e-08,2,2,3.05000464,offer,2026-08-18T04:49:38.846108+00:00
4e491332-140b-41f2-90fc-1846b32fe15a,fBTC,2.97e-08,10,2,4.36686166,offer,2026-08-18T04:49:38.846108+00:00
4e491332-140b-41f2-90fc-1846b32fe15a,fBTC,3e-08,2,10,11.14037479,offer,2026-08-18T04:49:38.846108+00:00
4e491332-140b-41f2-90fc-1846b32fe15a,fBTC,3e-08,5,3,3.80929906,offer,2026-08-18T04:49:38.846108+00:00
4e491332-140b-41f2-90fc-1846b32fe15a,fBTC,3e-08,7,5,7.08431349,offer,2026-08-18T04:49:38.846108+00:00
4e491332-140b-41f2-90fc-1846b32fe15a,fBTC,3e-08,15,1,0.08293907,offer,2026-08-18T04:49:38.846108+00:00
4e491332-140b-41f2-90fc-1846b32fe15a,fBTC,3.0081e-08,2,1,0.00600173,offer,2026-08-18T04:49:38.846108+00:00
4e491332-140b-41f2-90fc-1846b32fe15a,fBTC,3.0081e-08,30,1,0.0962261,offer,2026-08-18T04:49:38.846108+00:00
4e491332-140b-41f2-90fc-1846b32fe15a,fBTC,3.008194e-08,2,32,0.18793906,offer,2026-08-18T04:49:38.846108+00:00
4e491332-140b-41f2-90fc-1846b32fe15a,fBTC,3.0136e-08,30,1,0.10726593,offer,2026-08-18T04:49:38.846108+00:00
4e491332-140b-41f2-90fc-1846b32fe15a,fBTC,3.0136986301369865e-08,30,87,352.40655645,offer,2026-08-18T04:49:38.846108+00:00
4e491332-140b-41f2-90fc-1846b32fe15a,fBTC,3.0136986301369865e-08,120,50,206.91425714,offer,2026-08-18T04:49:38.846108+00:00
4e491332-140b-41f2-90fc-1846b32fe15a,fBTC,3.0136986301369865e-08,14,8,13.00741468,offer,2026-08-18T04:49:38.846108+00:00
4e491332-140b-41f2-90fc-1846b32fe15a,fBTC,3.0136986301369865e-08,2,202,219.13825305,offer,2026-08-18T04:49:38.846108+00:00
4e491332-140b-41f2-90fc-1846b32fe15a,fBTC,3.0136986301369865e-08,4,4,0.36477312,offer,2026-08-18T04:49:38.846108+00:00
4e491332-140b-41f2-90fc-1846b32fe15a,fBTC,3.0136986301369865e-08,15,10,3.08172885,offer,2026-08-18T04:49:38.846108+00:00
4e491332-140b-41f2-90fc-1846b32fe15a,fBTC,3.0136986301369865e-08,5,11,0.24233105,offer,2026-08-18T04:49:38.846108+00:00
4e491332-140b-41f2-90fc-1846b32fe15a,fBTC,3.0136986301369865e-08,60,8,6.1036453,offer,2026-08-18T04:49:38.846108+00:00
4e491332-140b-41f2-90fc-1846b32fe15a,fBTC,3.0136986301369865e-08,12,2,1.85580208,offer,2026-08-18T04:49:38.846108+00:00
4e491332-140b-41f2-90fc-1846b32fe15a,fBTC,3.0136986301369865e-08,7,10,7.37955224,offer,2026-08-18T04:49:38.846108+00:00
4e491332-140b-41f2-90fc-1846b32fe15a,fBTC,3.0136986301369865e-08,10,9,1.81974863,offer,2026-08-18T04:49:38.846108+00:00
4e491332-140b-41f2-90fc-1846b32fe15a,fBTC,3.0136986301369865e-08,20,5,5.95732358,offer,2026-08-18T04:49:38.846108+00:00
0a260ef9-6607-450d-a3de-15228beaf4d9,fBTC,3e-08,120,1,-0.5,demand,2026-08-18T05:43:33.809222+00:00
0a260ef9-6607-450d-a3de-15228beaf4d9,fBTC,2e-08,120,1,-0.07950436,demand,2026-08-18T05:43:33.809222+00:00
0a260ef9-6607-450d-a3de-15228beaf4d9,fBTC,1.1e-08,120,1,-0.1826823,demand,2026-08-18T05:43:33.809222+00:00
0a260ef9-6607-450d-a3de-15228beaf4d9,fBTC,1e-08,120,1,-0.4,demand,2026-08-18T05:43:33.809222+00:00
0a260ef9-6607-450d-a3de-15228beaf4d9,fBTC,1e-08,10,1,-0.2,demand,2026-08-18T05:43:33.809222+00:00
0a260ef9-6607-450d-a3de-15228beaf4d9,fBTC,2.88e-08,2,1,0.00280992,offer,2026-08-18T05:43:33.809222+00:00
0a260ef9-6607-450d-a3de-15228beaf4d9,fBTC,2.9154384e-08,2,1,0.9635161,offer,2026-08-18T05:43:33.809222+00:00
0a260ef9-6607-450d-a3de-15228beaf4d9,fBTC,2.9342e-08,2,1,0.54010642,offer,2026-08-18T05:43:33.809222+00:00
0a260ef9-6607-450d-a3de-15228beaf4d9,fBTC,2.95e-08,2,2,3.05000464,offer,2026-08-18T05:43:33.809222+00:00
0a260ef9-6607-450d-a3de-15228beaf4d9,fBTC,2.97e-08,10,2,4.36686166,offer,2026-08-18T05:43:33.809222+00:00
0a260ef9-6607-450d-a3de-15228beaf4d9,fBTC,3e-08,2,10,11.14037479,offer,2026-08-18T05:43:33.809222+00:00
0a260ef9-6607-450d-a3de-15228beaf4d9,fBTC,3e-08,5,3,3.80929906,offer,2026-08-18T05:43:33.809222+00:00
0a260ef9-6607-450d-a3de-15228beaf4d9,fBTC,3e-08,7,5,7.08431349,offer,2026-08-18T05:43:33.809222+00:00
0a260ef9-6607-450d-a3de-15228beaf4d9,fBTC,3e-08,15,1,0.08293907,offer,2026-08-18T05:43:33.809222+00:00
0a260ef9-6607-450d-a3de-15228beaf4d9,fBTC,3.0081e-08,2,1,0.00600173,offer,2026-08-18T05:43:33.809222+00:00
0a260ef9-6607-450d-a3de-15228beaf4d9,fBTC,3.0081e-08,30,1,0.0962261,offer,2026-08-18T05:43:33.809222+00:00
0a260ef9-6607-450d-a3de-15228beaf4d9,fBTC,3.008194e-08,2,31,0.18797203,offer,2026-08-18T05:43:33.809222+00:00
0a260ef9-6607-450d-a3de-15228beaf4d9,fBTC,3.0136e-08,30,1,0.10726593,offer,2026-08-18T05:43:33.809222+00:00
0a260ef9-6607-450d-a3de-15228beaf4d9,fBTC,3.0136986301369865e-08,30,87,352.40655645,offer,2026-08-18T05:43:33.809222+00:00
0a260ef9-6607-450d-a3de-15228beaf4d9,fBTC,3.0136986301369865e-08,120,50,206.91425714,offer,2026-08-18T05:43:33.809222+00:00
0a260ef9-6607-450d-a3de-15228beaf4d9,fBTC,3.0136986301369865e-08,14,8,13.00741468,offer,2026-08-18T05:43:33.809222+00:00
0a260ef9-6607-450d-a3de-15228beaf4d9,fBTC,3.0136986301369865e-08,2,202,219.13825305,offer,2026-08-18T05:43:33.809222+00:00
0a260ef9-6607-450d-a3de-15228beaf4d9,fBTC,3.0136986301369865e-08,4,4,0.36477312,offer,2026-08-18T05:43:33.809222+00:00
0a260ef9-6607-450d-a3de-15228beaf4d9,fBTC,3.0136986301369865e-08,15,10,3.08172885,offer,2026-08-18T05:43:33.809222+00:00
0a260ef9-6607-450d-a3de-15228beaf4d9,fBTC,3.0136986301369865e-08,5,11,0.24233105,offer,2026-08-18T05:43:33.809222+00:00
0a260ef9-6607-450d-a3de-15228beaf4d9,fBTC,3.0136986301369865e-08,60,8,6.1036453,offer,2026-08-18T05:43:33.809222+00:00
0a260ef9-6607-450d-a3de-15228beaf4d9,fBTC,3.0136986301369865e-08,12,2,1.85580208,offer,2026-08-18T05:43:33.809222+00:00
0a260ef9-6607-450d-a3de-15228beaf4d9,fBTC,3.0136986301369865e-08,7,10,7.37955224,offer,2026-08-18T05:43:33.809222+00:00
0a260ef9-6607-450d-a3de-15228beaf4d9,fBTC,3.0136986301369865e-08,10,9,1.81974863,offer,2026-08-18T05:43:33.809222+00:00
0a260ef9-6607-450d-a3de-15228beaf4d9,fBTC,3.0136986301369865e-08,20,5,5.95732358,offer,2026-08-18T05:43:33.809222+00:00
f932f226-bc63-4e59-82af-a495eb374654,fBTC,3e-08,120,1,-0.5,demand,2026-08-18T07:02:08.807867+00:00
f932f226-bc63-4e59-82af-a495eb374654,fBTC,2e-08,120,1,-0.07950436,demand,2026-08-18T07:02:08.807867+00:00
f932f226-bc63-4e59-82af-a495eb374654,fBTC,1.1e-08,120,1,-0.1826823,demand,2026-08-18T07:02:08.807867+00:00
f932f226-bc63-4e59-82af-a495eb374654,fBTC,1e-08,120,1,-0.4,demand,2026-08-18T07:02:08.807867+00:00
f932f226-bc63-4e59-82af-a495eb374654,fBTC,1e-08,10,1,-0.2,demand,2026-08-18T07:02:08.807867+00:00
f932f226-bc63-4e59-82af-a495eb374654,fBTC,2.9154384e-08,2,1,0.14113356,offer,2026-08-18T07:02:08.807867+00:00
f932f226-bc63-4e59-82af-a495eb374654,fBTC,2.9342e-08,2,1,0.54010642,offer,2026-08-18T07:02:08.807867+00:00
f932f226-bc63-4e59-82af-a495eb374654,fBTC,2.95e-08,2,1,3.00000176,offer,2026-08-18T07:02:08.807867+00:00
f932f226-bc63-4e59-82af-a495eb374654,fBTC,2.97e-08,10,2,4.36686166,offer,2026-08-18T07:02:08.807867+00:00
f932f226-bc63-4e59-82af-a495eb374654,fBTC,2.97e-08,2,1,0.27172756,offer,2026-08-18T07:02:08.807867+00:00
f932f226-bc63-4e59-82af-a495eb374654,fBTC,3e-08,2,9,10.91865133,offer,2026-08-18T07:02:08.807867+00:00
f932f226-bc63-4e59-82af-a495eb374654,fBTC,3e-08,5,3,3.80929906,offer,2026-08-18T07:02:08.807867+00:00
f932f226-bc63-4e59-82af-a495eb374654,fBTC,3e-08,7,5,7.08431349,offer,2026-08-18T07:02:08.807867+00:00
f932f226-bc63-4e59-82af-a495eb374654,fBTC,3e-08,15,1,0.08293907,offer,2026-08-18T07:02:08.807867+00:00
f932f226-bc63-4e59-82af-a495eb374654,fBTC,3.0081e-08,2,1,0.00600173,offer,2026-08-18T07:02:08.807867+00:00
f932f226-bc63-4e59-82af-a495eb374654,fBTC,3.0081e-08,30,1,0.0962261,offer,2026-08-18T07:02:08.807867+00:00
f932f226-bc63-4e59-82af-a495eb374654,fBTC,3.008194e-08,2,32,0.18785072,offer,2026-08-18T07:02:08.807867+00:00
f932f226-bc63-4e59-82af-a495eb374654,fBTC,3.0136e-08,30,1,0.10726593,offer,2026-08-18T07:02:08.807867+00:00
f932f226-bc63-4e59-82af-a495eb374654,fBTC,3.0136986301369865e-08,30,87,352.40655645,offer,2026-08-18T07:02:08.807867+00:00
f932f226-bc63-4e59-82af-a495eb374654,fBTC,3.0136986301369865e-08,120,50,206.91425714,offer,2026-08-18T07:02:08.807867+00:00
f932f226-bc63-4e59-82af-a495eb374654,fBTC,3.0136986301369865e-08,14,8,13.00741468,offer,2026-08-18T07:02:08.807867+00:00
f932f226-bc63-4e59-82af-a495eb374654,fBTC,3.0136986301369865e-08,2,202,219.13825305,offer,2026-08-18T07:02:08.807867+00:00
f932f226-bc63-4e59-82af-a495eb374654,fBTC,3.0136986301369865e-08,4,4,0.36477312,offer,2026-08-18T07:02:08.807867+00:00
f932f226-bc63-4e59-82af-a495eb374654,fBTC,3.0136986301369865e-08,15,10,3.08172885,offer,2026-08-18T07:02:08.807867+00:00
f932f226-bc63-4e59-82af-a495eb374654,fBTC,3.0136986301369865e-08,5,11,0.24233105,offer,2026-08-18T07:02:08.807867+00:00
f932f226-bc63-4e59-82af-a495eb374654,fBTC,3.0136986301369865e-08,60,8,6.1036453,offer,2026-08-18T07:02:08.807867+00:00
f932f226-bc63-4e59-82af-a495eb374654,fBTC,3.0136986301369865e-08,12,2,1.85580208,offer,2026-08-18T07:02:08.807867+00:00
f932f226-bc63-4e59-82af-a495eb374654,fBTC,3.0136986301369865e-08,7,10,7.37955224,offer,2026-08-18T07:02:08.807867+00:00
f932f226-bc63-4e59-82af-a495eb374654,fBTC,3.0136986301369865e-08,10,9,1.81974863,offer,2026-08-18T07:02:08.807867+00:00
f932f226-bc63-4e59-82af-a495eb374654,fBTC,3.0136986301369865e-08,20,5,5.95732358,offer,2026-08-18T07:02:08.807867+00:00
5f7da2e4-4ac8-47ea-b745-ad8e79c051f6,fBTC,3e-08,120,1,-0.5,demand,2026-08-18T07:52:01.478282+00:00
5f7da2e4-4ac8-47ea-b745-ad8e79c051f6,fBTC,2e-08,120,1,-0.07950436,demand,2026-08-18T07:52:01.478282+00:00
5f7da2e4-4ac8-47ea-b745-ad8e79c051f6,fBTC,1.1e-08,120,1,-0.1826823,demand,2026-08-18T07:52:01.478282+00:00
5f7da2e4-4ac8-47ea-b745-ad8e79c051f6,fBTC,1e-08,120,1,-0.4,demand,2026-08-18T07:52:01.478282+00:00
5f7da2e4-4ac8-47ea-b745-ad8e79c051f6,fBTC,1e-08,10,1,-0.2,demand,2026-08-18T07:52:01.478282+00:00
5f7da2e4-4ac8-47ea-b745-ad8e79c051f6,fBTC,2.90603376e-08,2,1,4.09028746,offer,2026-08-18T07:52:01.478282+00:00
5f7da2e4-4ac8-47ea-b745-ad8e79c051f6,fBTC,2.95e-08,2,1,0.1732303,offer,2026-08-18T07:52:01.478282+00:00
5f7da2e4-4ac8-47ea-b745-ad8e79c051f6,fBTC,2.97e-08,10,2,4.36686166,offer,2026-08-18T07:52:01.478282+00:00
5f7da2e4-4ac8-47ea-b745-ad8e79c051f6,fBTC,2.97e-08,2,1,0.27172756,offer,2026-08-18T07:52:01.478282+00:00
5f7da2e4-4ac8-47ea-b745-ad8e79c051f6,fBTC,2.99e-08,2,1,0.01076986,offer,2026-08-18T07:52:01.478282+00:00
5f7da2e4-4ac8-47ea-b745-ad8e79c051f6,fBTC,3e-08,2,9,10.91865133,offer,2026-08-18T07:52:01.478282+00:00
5f7da2e4-4ac8-47ea-b745-ad8e79c051f6,fBTC,3e-08,5,3,3.80929906,offer,2026-08-18T07:52:01.478282+00:00
5f7da2e4-4ac8-47ea-b745-ad8e79c051f6,fBTC,3e-08,7,5,7.08431349,offer,2026-08-18T07:52:01.478282+00:00
5f7da2e4-4ac8-47ea-b745-ad8e79c051f6,fBTC,3e-08,15,1,0.08293907,offer,2026-08-18T07:52:01.478282+00:00
5f7da2e4-4ac8-47ea-b745-ad8e79c051f6,fBTC,3.0081e-08,2,1,0.00600173,offer,2026-08-18T07:52:01.478282+00:00
5f7da2e4-4ac8-47ea-b745-ad8e79c051f6,fBTC,3.0081e-08,30,1,0.0962261,offer,2026-08-18T07:52:01.478282+00:00
5f7da2e4-4ac8-47ea-b745-ad8e79c051f6,fBTC,3.008194e-08,2,32,0.1879483,offer,2026-08-18T07:52:01.478282+00:00
5f7da2e4-4ac8-47ea-b745-ad8e79c051f6,fBTC,3.0136e-08,30,1,0.10726593,offer,2026-08-18T07:52:01.478282+00:00
5f7da2e4-4ac8-47ea-b745-ad8e79c051f6,fBTC,3.0136986301369865e-08,30,87,352.40655645,offer,2026-08-18T07:52:01.478282+00:00
5f7da2e4-4ac8-47ea-b745-ad8e79c051f6,fBTC,3.0136986301369865e-08,120,50,206.91425714,offer,2026-08-18T07:52:01.478282+00:00
5f7da2e4-4ac8-47ea-b745-ad8e79c051f6,fBTC,3.0136986301369865e-08,14,8,13.00741468,offer,2026-08-18T07:52:01.478282+00:00
5f7da2e4-4ac8-47ea-b745-ad8e79c051f6,fBTC,3.0136986301369865e-08,2,202,219.13825305,offer,2026-08-18T07:52:01.478282+00:00
5f7da2e4-4ac8-47ea-b745-ad8e79c051f6,fBTC,3.0136986301369865e-08,4,4,0.36477312,offer,2026-08-18T07:52:01.478282+00:00
5f7da2e4-4ac8-47ea-b745-ad8e79c051f6,fBTC,3.0136986301369865e-08,15,10,3.08172885,offer,2026-08-18T07:52:01.478282+00:00
5f7da2e4-4ac8-47ea-b745-ad8e79c051f6,fBTC,3.0136986301369865e-08,5,11,0.24233105,offer,2026-08-18T07:52:01.478282+00:00
5f7da2e4-4ac8-47ea-b745-ad8e79c051f6,fBTC,3.0136986301369865e-08,60,8,6.1036453,offer,2026-08-18T07:52:01.478282+00:00
5f7da2e4-4ac8-47ea-b745-ad8e79c051f6,fBTC,3.0136986301369865e-08,12,2,1.85580208,offer,2026-08-18T07:52:01.478282+00:00
5f7da2e4-4ac8-47ea-b745-ad8e79c051f6,fBTC,3.0136986301369865e-08,7,10,7.37955224,offer,2026-08-18T07:52:01.478282+00:00
5f7da2e4-4ac8-47ea-b745-ad8e79c051f6,fBTC,3.0136986301369865e-08,10,9,1.81974863,offer,2026-08-18T07:52:01.478282+00:00
5f7da2e4-4ac8-47ea-b745-ad8e79c051f6,fBTC,3.0136986301369865e-08,20,5,5.95732358,offer,2026-08-18T07:52:01.478282+00:00
38e454b9-9da2-4dc6-b3ad-e5e62f45bf57,fBTC,3e-08,120,1,-0.5,demand,2026-08-18T08:51:58.584657+00:00
38e454b9-9da2-4dc6-b3ad-e5e62f45bf57,fBTC,2e-08,120,1,-0.07950436,demand,2026-08-18T08:51:58.584657+00:00
38e454b9-9da2-4dc6-b3ad-e5e62f45bf57,fBTC,1.1e-08,120,1,-0.1826823,demand,2026-08-18T08:51:58.584657+00:00
38e454b9-9da2-4dc6-b3ad-e5e62f45bf57,fBTC,1e-08,120,1,-0.4,demand,2026-08-18T08:51:58.584657+00:00
38e454b9-9da2-4dc6-b3ad-e5e62f45bf57,fBTC,1e-08,10,1,-0.2,demand,2026-08-18T08:51:58.584657+00:00
38e454b9-9da2-4dc6-b3ad-e5e62f45bf57,fBTC,2.89662912e-08,2,1,3.9014752,offer,2026-08-18T08:51:58.584657+00:00
38e454b9-9da2-4dc6-b3ad-e5e62f45bf57,fBTC,2.95e-08,2,1,0.1732303,offer,2026-08-18T08:51:58.584657+00:00
38e454b9-9da2-4dc6-b3ad-e5e62f45bf57,fBTC,2.97e-08,10,2,4.36686166,offer,2026-08-18T08:51:58.584657+00:00
38e454b9-9da2-4dc6-b3ad-e5e62f45bf57,fBTC,2.97e-08,2,1,0.27172756,offer,2026-08-18T08:51:58.584657+00:00
38e454b9-9da2-4dc6-b3ad-e5e62f45bf57,fBTC,2.99e-08,2,1,0.01076986,offer,2026-08-18T08:51:58.584657+00:00
38e454b9-9da2-4dc6-b3ad-e5e62f45bf57,fBTC,3e-08,2,9,10.91865133,offer,2026-08-18T08:51:58.584657+00:00
38e454b9-9da2-4dc6-b3ad-e5e62f45bf57,fBTC,3e-08,5,3,3.80929906,offer,2026-08-18T08:51:58.584657+00:00
38e454b9-9da2-4dc6-b3ad-e5e62f45bf57,fBTC,3e-08,7,5,7.08431349,offer,2026-08-18T08:51:58.584657+00:00
38e454b9-9da2-4dc6-b3ad-e5e62f45bf57,fBTC,3e-08,15,1,0.08293907,offer,2026-08-18T08:51:58.584657+00:00
38e454b9-9da2-4dc6-b3ad-e5e62f45bf57,fBTC,3.0081e-08,2,1,0.00600173,offer,2026-08-18T08:51:58.584657+00:00
38e454b9-9da2-4dc6-b3ad-e5e62f45bf57,fBTC,3.0081e-08,30,1,0.0962261,offer,2026-08-18T08:51:58.584657+00:00
38e454b9-9da2-4dc6-b3ad-e5e62f45bf57,fBTC,3.008194e-08,2,32,0.18792604,offer,2026-08-18T08:51:58.584657+00:00
38e454b9-9da2-4dc6-b3ad-e5e62f45bf57,fBTC,3.0136e-08,30,1,0.10726593,offer,2026-08-18T08:51:58.584657+00:00
38e454b9-9da2-4dc6-b3ad-e5e62f45bf57,fBTC,3.0136986301369865e-08,30,87,352.40655645,offer,2026-08-18T08:51:58.584657+00:00
38e454b9-9da2-4dc6-b3ad-e5e62f45bf57,fBTC,3.0136986301369865e-08,120,50,206.91425714,offer,2026-08-18T08:51:58.584657+00:00
38e454b9-9da2-4dc6-b3ad-e5e62f45bf57,fBTC,3.0136986301369865e-08,14,8,13.00741468,offer,2026-08-18T08:51:58.584657+00:00
38e454b9-9da2-4dc6-b3ad-e5e62f45bf57,fBTC,3.0136986301369865e-08,2,202,219.13825305,offer,2026-08-18T08:51:58.584657+00:00
38e454b9-9da2-4dc6-b3ad-e5e62f45bf57,fBTC,3.0136986301369865e-08,4,4,0.36477312,offer,2026-08-18T08:51:58.584657+00:00
38e454b9-9da2-4dc6-b3ad-e5e62f45bf57,fBTC,3.0136986301369865e-08,15,10,3.08172885,offer,2026-08-18T08:51:58.584657+00:00
38e454b9-9da2-4dc6-b3ad-e5e62f45bf57,fBTC,3.0136986301369865e-08,5,11,0.24233105,offer,2026-08-18T08:51:58.584657+00:00
38e454b9-9da2-4dc6-b3ad-e5e62f45bf57,fBTC,3.0136986301369865e-08,60,8,6.1036453,offer,2026-08-18T08:51:58.584657+00:00
38e454b9-9da2-4dc6-b3ad-e5e62f45bf57,fBTC,3.0136986301369865e-08,12,2,1.85580208,offer,2026-08-18T08:51:58.584657+00:00
38e454b9-9da2-4dc6-b3ad-e5e62f45bf57,fBTC,3.0136986301369865e-08,7,10,7.37955224,offer,2026-08-18T08:51:58.584657+00:00
38e454b9-9da2-4dc6-b3ad-e5e62f45bf57,fBTC,3.0136986301369865e-08,10,9,1.81974863,offer,2026-08-18T08:51:58.584657+00:00
38e454b9-9da2-4dc6-b3ad-e5e62f45bf57,fBTC,3.0136986301369865e-08,20,5,5.95732358,offer,2026-08-18T08:51:58.584657+00:00
a5d8f1b3-a79d-4256-bc9a-0e198ce17ba0,fBTC,3e-08,120,1,-0.5,demand,2026-08-18T09:47:12.405930+00:00
a5d8f1b3-a79d-4256-bc9a-0e198ce17ba0,fBTC,2e-08,120,1,-0.07950436,demand,2026-08-18T09:47:12.405930+00:00
a5d8f1b3-a79d-4256-bc9a-0e198ce17ba0,fBTC,1.1e-08,120,1,-0.1826823,demand,2026-08-18T09:47:12.405930+00:00
a5d8f1b3-a79d-4256-bc9a-0e198ce17ba0,fBTC,1e-08,120,1,-0.4,demand,2026-08-18T09:47:12.405930+00:00
a5d8f1b3-a79d-4256-bc9a-0e198ce17ba0,fBTC,1e-08,10,1,-0.2,demand,2026-08-18T09:47:12.405930+00:00
a5d8f1b3-a79d-4256-bc9a-0e198ce17ba0,fBTC,2.90603376e-08,2,1,3.76613899,offer,2026-08-18T09:47:12.405930+00:00
a5d8f1b3-a79d-4256-bc9a-0e198ce17ba0,fBTC,2.95e-08,2,1,0.1732303,offer,2026-08-18T09:47:12.405930+00:00
a5d8f1b3-a79d-4256-bc9a-0e198ce17ba0,fBTC,2.97e-08,10,2,4.36686166,offer,2026-08-18T09:47:12.405930+00:00
a5d8f1b3-a79d-4256-bc9a-0e198ce17ba0,fBTC,2.97e-08,2,1,0.27172756,offer,2026-08-18T09:47:12.405930+00:00
a5d8f1b3-a79d-4256-bc9a-0e198ce17ba0,fBTC,2.99e-08,2,1,0.01076986,offer,2026-08-18T09:47:12.405930+00:00
a5d8f1b3-a79d-4256-bc9a-0e198ce17ba0,fBTC,3e-08,2,10,10.92531671,offer,2026-08-18T09:47:12.405930+00:00
a5d8f1b3-a79d-4256-bc9a-0e198ce17ba0,fBTC,3e-08,5,3,3.80929906,offer,2026-08-18T09:47:12.405930+00:00
a5d8f1b3-a79d-4256-bc9a-0e198ce17ba0,fBTC,3e-08,7,5,7.08431349,offer,2026-08-18T09:47:12.405930+00:00
a5d8f1b3-a79d-4256-bc9a-0e198ce17ba0,fBTC,3e-08,15,1,0.08293907,offer,2026-08-18T09:47:12.405930+00:00
a5d8f1b3-a79d-4256-bc9a-0e198ce17ba0,fBTC,3.0081e-08,2,1,0.00600173,offer,2026-08-18T09:47:12.405930+00:00
a5d8f1b3-a79d-4256-bc9a-0e198ce17ba0,fBTC,3.0081e-08,30,1,0.0962261,offer,2026-08-18T09:47:12.405930+00:00
a5d8f1b3-a79d-4256-bc9a-0e198ce17ba0,fBTC,3.008194e-08,2,31,0.18798966,offer,2026-08-18T09:47:12.405930+00:00
a5d8f1b3-a79d-4256-bc9a-0e198ce17ba0,fBTC,3.0136e-08,30,1,0.10726593,offer,2026-08-18T09:47:12.405930+00:00
a5d8f1b3-a79d-4256-bc9a-0e198ce17ba0,fBTC,3.0136986301369865e-08,30,87,352.40655645,offer,2026-08-18T09:47:12.405930+00:00
a5d8f1b3-a79d-4256-bc9a-0e198ce17ba0,fBTC,3.0136986301369865e-08,120,50,206.91425714,offer,2026-08-18T09:47:12.405930+00:00
a5d8f1b3-a79d-4256-bc9a-0e198ce17ba0,fBTC,3.0136986301369865e-08,14,8,13.00741468,offer,2026-08-18T09:47:12.405930+00:00
a5d8f1b3-a79d-4256-bc9a-0e198ce17ba0,fBTC,3.0136986301369865e-08,2,202,219.13825305,offer,2026-08-18T09:47:12.405930+00:00
a5d8f1b3-a79d-4256-bc9a-0e198ce17ba0,fBTC,3.0136986301369865e-08,4,4,0.36477312,offer,2026-08-18T09:47:12.405930+00:00
a5d8f1b3-a79d-4256-bc9a-0e198ce17ba0,fBTC,3.0136986301369865e-08,15,10,3.08172885,offer,2026-08-18T09:47:12.405930+00:00
a5d8f1b3-a79d-4256-bc9a-0e198ce17ba0,fBTC,3.0136986301369865e-08,5,11,0.24233105,offer,2026-08-18T09:47:12.405930+00:00
a5d8f1b3-a79d-4256-bc9a-0e198ce17ba0,fBTC,3.0136986301369865e-08,60,8,6.1036453,offer,2026-08-18T09:47:12.405930+00:00
a5d8f1b3-a79d-4256-bc9a-0e198ce17ba0,fBTC,3.0136986301369865e-08,12,2,1.85580208,offer,2026-08-18T09:47:12.405930+00:00
a5d8f1b3-a79d-4256-bc9a-0e198ce17ba0,fBTC,3.0136986301369865e-08,7,10,7.37955224,offer,2026-08-18T09:47:12.405930+00:00
a5d8f1b3-a79d-4256-bc9a-0e198ce17ba0,fBTC,3.0136986301369865e-08,10,9,1.81974863,offer,2026-08-18T09:47:12.405930+00:00
a5d8f1b3-a79d-4256-bc9a-0e198ce17ba0,fBTC,3.0136986301369865e-08,20,5,5.95732358,offer,2026-08-18T09:47:12.405930+00:00
a01f1293-2f80-4053-82bb-c4aef3964aa2,fBTC,3e-08,120,1,-0.5,demand,2026-08-18T10:44:43.262841+00:00
a01f1293-2f80-4053-82bb-c4aef3964aa2,fBTC,2e-08,120,1,-0.07950436,demand,2026-08-18T10:44:43.262841+00:00
a01f1293-2f80-4053-82bb-c4aef3964aa2,fBTC,1.1e-08,120,1,-0.1826823,demand,2026-08-18T10:44:43.262841+00:00
a01f1293-2f80-4053-82bb-c4aef3964aa2,fBTC,1e-08,120,1,-0.4,demand,2026-08-18T10:44:43.262841+00:00
a01f1293-2f80-4053-82bb-c4aef3964aa2,fBTC,1e-08,10,1,-0.2,demand,2026-08-18T10:44:43.262841+00:00
a01f1293-2f80-4053-82bb-c4aef3964aa2,fBTC,2.94365232e-08,2,1,21.5029264,offer,2026-08-18T10:44:43.262841+00:00
a01f1293-2f80-4053-82bb-c4aef3964aa2,fBTC,3e-08,7,3,2.53080967,offer,2026-08-18T10:44:43.262841+00:00
a01f1293-2f80-4053-82bb-c4aef3964aa2,fBTC,3e-08,2,7,5.0084786,offer,2026-08-18T10:44:43.262841+00:00
a01f1293-2f80-4053-82bb-c4aef3964aa2,fBTC,3e-08,15,1,0.08293907,offer,2026-08-18T10:44:43.262841+00:00
a01f1293-2f80-4053-82bb-c4aef3964aa2,fBTC,3.0081e-08,2,1,0.00600173,offer,2026-08-18T10:44:43.262841+00:00
a01f1293-2f80-4053-82bb-c4aef3964aa2,fBTC,3.0081e-08,30,1,0.0962261,offer,2026-08-18T10:44:43.262841+00:00
a01f1293-2f80-4053-82bb-c4aef3964aa2,fBTC,3.008194e-08,2,23,0.16679285,offer,2026-08-18T10:44:43.262841+00:00
a01f1293-2f80-4053-82bb-c4aef3964aa2,fBTC,3.0136e-08,30,1,0.10726593,offer,2026-08-18T10:44:43.262841+00:00
a01f1293-2f80-4053-82bb-c4aef3964aa2,fBTC,3.0136986301369865e-08,30,87,352.40655645,offer,2026-08-18T10:44:43.262841+00:00
a01f1293-2f80-4053-82bb-c4aef3964aa2,fBTC,3.0136986301369865e-08,120,50,206.91425714,offer,2026-08-18T10:44:43.262841+00:00
a01f1293-2f80-4053-82bb-c4aef3964aa2,fBTC,3.0136986301369865e-08,14,8,13.00741468,offer,2026-08-18T10:44:43.262841+00:00
a01f1293-2f80-4053-82bb-c4aef3964aa2,fBTC,3.0136986301369865e-08,2,201,219.13404496,offer,2026-08-18T10:44:43.262841+00:00
a01f1293-2f80-4053-82bb-c4aef3964aa2,fBTC,3.0136986301369865e-08,4,4,0.36477312,offer,2026-08-18T10:44:43.262841+00:00
a01f1293-2f80-4053-82bb-c4aef3964aa2,fBTC,3.0136986301369865e-08,15,10,3.08172885,offer,2026-08-18T10:44:43.262841+00:00
a01f1293-2f80-4053-82bb-c4aef3964aa2,fBTC,3.0136986301369865e-08,5,11,0.24233105,offer,2026-08-18T10:44:43.262841+00:00
a01f1293-2f80-4053-82bb-c4aef3964aa2,fBTC,3.0136986301369865e-08,60,8,6.1036453,offer,2026-08-18T10:44:43.262841+00:00
a01f1293-2f80-4053-82bb-c4aef3964aa2,fBTC,3.0136986301369865e-08,12,2,1.85580208,offer,2026-08-18T10:44:43.262841+00:00
a01f1293-2f80-4053-82bb-c4aef3964aa2,fBTC,3.0136986301369865e-08,7,10,7.37955224,offer,2026-08-18T10:44:43.262841+00:00
a01f1293-2f80-4053-82bb-c4aef3964aa2,fBTC,3.0136986301369865e-08,10,9,1.81974863,offer,2026-08-18T10:44:43.262841+00:00
a01f1293-2f80-4053-82bb-c4aef3964aa2,fBTC,3.0136986301369865e-08,20,5,5.95732358,offer,2026-08-18T10:44:43.262841+00:00
a01f1293-2f80-4053-82bb-c4aef3964aa2,fBTC,3.0136986301369865e-08,6,1,0.13857429,offer,2026-08-18T10:44:43.262841+00:00
a01f1293-2f80-4053-82bb-c4aef3964aa2,fBTC,3.0136986301369865e-08,3,3,1.20190701,offer,2026-08-18T10:44:43.262841+00:00
a01f1293-2f80-4053-82bb-c4aef3964aa2,fBTC,3.0136986301369865e-08,21,1,0.18,offer,2026-08-18T10:44:43.262841+00:00
a01f1293-2f80-4053-82bb-c4aef3964aa2,fBTC,3.1e-08,2,1,100.0,offer,2026-08-18T10:44:43.262841+00:00
a01f1293-2f80-4053-82bb-c4aef3964aa2,fBTC,3.1086e-08,5,1,0.173657,offer,2026-08-18T10:44:43.262841+00:00
aa8eb453-73ee-4da6-9548-94091e0d3802,fBTC,3e-08,120,1,-0.5,demand,2026-08-18T11:37:58.634636+00:00
aa8eb453-73ee-4da6-9548-94091e0d3802,fBTC,2e-08,120,1,-0.07950436,demand,2026-08-18T11:37:58.634636+00:00
aa8eb453-73ee-4da6-9548-94091e0d3802,fBTC,1.1e-08,120,1,-0.1826823,demand,2026-08-18T11:37:58.634636+00:00
aa8eb453-73ee-4da6-9548-94091e0d3802,fBTC,1e-08,120,1,-0.4,demand,2026-08-18T11:37:58.634636+00:00
aa8eb453-73ee-4da6-9548-94091e0d3802,fBTC,1e-08,10,1,-0.2,demand,2026-08-18T11:37:58.634636+00:00
aa8eb453-73ee-4da6-9548-94091e0d3802,fBTC,2.5e-08,2,1,0.08002214,offer,2026-08-18T11:37:58.634636+00:00
aa8eb453-73ee-4da6-9548-94091e0d3802,fBTC,2.95e-08,2,1,0.08624685,offer,2026-08-18T11:37:58.634636+00:00
aa8eb453-73ee-4da6-9548-94091e0d3802,fBTC,2.9624616e-08,2,1,20.70944799,offer,2026-08-18T11:37:58.634636+00:00
aa8eb453-73ee-4da6-9548-94091e0d3802,fBTC,3e-08,2,7,5.0084786,offer,2026-08-18T11:37:58.634636+00:00
aa8eb453-73ee-4da6-9548-94091e0d3802,fBTC,3e-08,7,1,0.27,offer,2026-08-18T11:37:58.634636+00:00
aa8eb453-73ee-4da6-9548-94091e0d3802,fBTC,3e-08,15,1,0.08293907,offer,2026-08-18T11:37:58.634636+00:00
aa8eb453-73ee-4da6-9548-94091e0d3802,fBTC,3e-08,5,1,1.44046767,offer,2026-08-18T11:37:58.634636+00:00
aa8eb453-73ee-4da6-9548-94091e0d3802,fBTC,3.0081e-08,2,1,0.00600173,offer,2026-08-18T11:37:58.634636+00:00
aa8eb453-73ee-4da6-9548-94091e0d3802,fBTC,3.0081e-08,30,1,0.0962261,offer,2026-08-18T11:37:58.634636+00:00
aa8eb453-73ee-4da6-9548-94091e0d3802,fBTC,3.008194e-08,2,32,0.18782691,offer,2026-08-18T11:37:58.634636+00:00
aa8eb453-73ee-4da6-9548-94091e0d3802,fBTC,3.0136e-08,30,1,0.10726593,offer,2026-08-18T11:37:58.634636+00:00
aa8eb453-73ee-4da6-9548-94091e0d3802,fBTC,3.0136986301369865e-08,30,87,352.40655645,offer,2026-08-18T11:37:58.634636+00:00
aa8eb453-73ee-4da6-9548-94091e0d3802,fBTC,3.0136986301369865e-08,120,50,206.91425714,offer,2026-08-18T11:37:58.634636+00:00
aa8eb453-73ee-4da6-9548-94091e0d3802,fBTC,3.0136986301369865e-08,14,8,13.00741468,offer,2026-08-18T11:37:58.634636+00:00
aa8eb453-73ee-4da6-9548-94091e0d3802,fBTC,3.0136986301369865e-08,2,201,219.0520072,offer,2026-08-18T11:37:58.634636+00:00
aa8eb453-73ee-4da6-9548-94091e0d3802,fBTC,3.0136986301369865e-08,4,4,0.36477312,offer,2026-08-18T11:37:58.634636+00:00
aa8eb453-73ee-4da6-9548-94091e0d3802,fBTC,3.0136986301369865e-08,15,10,3.08172885,offer,2026-08-18T11:37:58.634636+00:00
aa8eb453-73ee-4da6-9548-94091e0d3802,fBTC,3.0136986301369865e-08,5,11,0.24233105,offer,2026-08-18T11:37:58.634636+00:00
aa8eb453-73ee-4da6-9548-94091e0d3802,fBTC,3.0136986301369865e-08,60,8,6.1036453,offer,2026-08-18T11:37:58.634636+00:00
aa8eb453-73ee-4da6-9548-94091e0d3802,fBTC,3.0136986301369865e-08,12,2,1.85580208,offer,2026-08-18T11:37:58.634636+00:00
aa8eb453-73ee-4da6-9548-94091e0d3802,fBTC,3.0136986301369865e-08,7,10,7.37955224,offer,2026-08-18T11:37:58.634636+00:00
aa8eb453-73ee-4da6-9548-94091e0d3802,fBTC,3.0136986301369865e-08,10,9,1.81974863,offer,2026-08-18T11:37:58.634636+00:00
aa8eb453-73ee-4da6-9548-94091e0d3802,fBTC,3.0136986301369865e-08,20,5,5.95732358,offer,2026-08-18T11:37:58.634636+00:00
aa8eb453-73ee-4da6-9548-94091e0d3802,fBTC,3.0136986301369865e-08,6,1,0.13857429,offer,2026-08-18T11:37:58.634636+00:00
aa8eb453-73ee-4da6-9548-94091e0d3802,fBTC,3.0136986301369865e-08,3,3,1.20190701,offer,2026-08-18T11:37:58.634636+00:00
91fb5406-5ce9-44a1-82c2-e4af91a6a166,fBTC,3e-08,120,1,-0.5,demand,2026-08-18T13:05:48.512647+00:00
91fb5406-5ce9-44a1-82c2-e4af91a6a166,fBTC,2e-08,120,1,-0.07950436,demand,2026-08-18T13:05:48.512647+00:00
91fb5406-5ce9-44a1-82c2-e4af91a6a166,fBTC,1.1e-08,120,1,-0.1826823,demand,2026-08-18T13:05:48.512647+00:00
91fb5406-5ce9-44a1-82c2-e4af91a6a166,fBTC,1e-08,120,1,-0.4,demand,2026-08-18T13:05:48.512647+00:00
91fb5406-5ce9-44a1-82c2-e4af91a6a166,fBTC,1e-08,10,1,-0.2,demand,2026-08-18T13:05:48.512647+00:00
91fb5406-5ce9-44a1-82c2-e4af91a6a166,fBTC,2.93424768e-08,2,1,20.478236,offer,2026-08-18T13:05:48.512647+00:00
91fb5406-5ce9-44a1-82c2-e4af91a6a166,fBTC,3e-08,2,8,5.06279485,offer,2026-08-18T13:05:48.512647+00:00
91fb5406-5ce9-44a1-82c2-e4af91a6a166,fBTC,3e-08,7,2,2.59031166,offer,2026-08-18T13:05:48.512647+00:00
91fb5406-5ce9-44a1-82c2-e4af91a6a166,fBTC,3e-08,15,1,0.08293907,offer,2026-08-18T13:05:48.512647+00:00
91fb5406-5ce9-44a1-82c2-e4af91a6a166,fBTC,3e-08,5,1,1.44046767,offer,2026-08-18T13:05:48.512647+00:00
91fb5406-5ce9-44a1-82c2-e4af91a6a166,fBTC,3.0081e-08,2,1,0.00600173,offer,2026-08-18T13:05:48.512647+00:00
91fb5406-5ce9-44a1-82c2-e4af91a6a166,fBTC,3.0081e-08,30,1,0.0962261,offer,2026-08-18T13:05:48.512647+00:00
91fb5406-5ce9-44a1-82c2-e4af91a6a166,fBTC,3.008194e-08,2,32,0.18796447,offer,2026-08-18T13:05:48.512647+00:00
91fb5406-5ce9-44a1-82c2-e4af91a6a166,fBTC,3.0136e-08,30,1,0.10726593,offer,2026-08-18T13:05:48.512647+00:00
91fb5406-5ce9-44a1-82c2-e4af91a6a166,fBTC,3.0136986301369865e-08,30,87,352.40655645,offer,2026-08-18T13:05:48.512647+00:00
91fb5406-5ce9-44a1-82c2-e4af91a6a166,fBTC,3.0136986301369865e-08,120,50,206.91425714,offer,2026-08-18T13:05:48.512647+00:00
91fb5406-5ce9-44a1-82c2-e4af91a6a166,fBTC,3.0136986301369865e-08,14,8,13.00741468,offer,2026-08-18T13:05:48.512647+00:00
91fb5406-5ce9-44a1-82c2-e4af91a6a166,fBTC,3.0136986301369865e-08,2,201,219.05514019,offer,2026-08-18T13:05:48.512647+00:00
91fb5406-5ce9-44a1-82c2-e4af91a6a166,fBTC,3.0136986301369865e-08,4,4,0.36477312,offer,2026-08-18T13:05:48.512647+00:00
91fb5406-5ce9-44a1-82c2-e4af91a6a166,fBTC,3.0136986301369865e-08,15,10,3.08172885,offer,2026-08-18T13:05:48.512647+00:00
91fb5406-5ce9-44a1-82c2-e4af91a6a166,fBTC,3.0136986301369865e-08,5,11,0.24233105,offer,2026-08-18T13:05:48.512647+00:00
91fb5406-5ce9-44a1-82c2-e4af91a6a166,fBTC,3.0136986301369865e-08,60,8,6.1036453,offer,2026-08-18T13:05:48.512647+00:00
91fb5406-5ce9-44a1-82c2-e4af91a6a166,fBTC,3.0136986301369865e-08,12,2,1.85580208,offer,2026-08-18T13:05:48.512647+00:00
91fb5406-5ce9-44a1-82c2-e4af91a6a166,fBTC,3.0136986301369865e-08,7,10,7.37955224,offer,2026-08-18T13:05:48.512647+00:00
91fb5406-5ce9-44a1-82c2-e4af91a6a166,fBTC,3.0136986301369865e-08,10,9,1.81974863,offer,2026-08-18T13:05:48.512647+00:00
91fb5406-5ce9-44a1-82c2-e4af91a6a166,fBTC,3.0136986301369865e-08,20,5,5.95732358,offer,2026-08-18T13:05:48.512647+00:00
91fb5406-5ce9-44a1-82c2-e4af91a6a166,fBTC,3.0136986301369865e-08,6,1,0.13857429,offer,2026-08-18T13:05:48.512647+00:00
91fb5406-5ce9-44a1-82c2-e4af91a6a166,fBTC,3.0136986301369865e-08,3,3,1.20190701,offer,2026-08-18T13:05:48.512647+00:00
91fb5406-5ce9-44a1-82c2-e4af91a6a166,fBTC,3.0136986301369865e-08,21,1,0.18,offer,2026-08-18T13:05:48.512647+00:00
91fb5406-5ce9-44a1-82c2-e4af91a6a166,fBTC,3.1e-08,2,1,100.0,offer,2026-08-18T13:05:48.512647+00:00
190ea75c-c7e8-43b5-acf6-41e0e5e04508,fBTC,3e-08,120,1,-0.5,demand,2026-08-18T13:55:18.085277+00:00
190ea75c-c7e8-43b5-acf6-41e0e5e04508,fBTC,2e-08,120,1,-0.07950436,demand,2026-08-18T13:55:18.085277+00:00
190ea75c-c7e8-43b5-acf6-41e0e5e04508,fBTC,1.1e-08,120,1,-0.1826823,demand,2026-08-18T13:55:18.085277+00:00
190ea75c-c7e8-43b5-acf6-41e0e5e04508,fBTC,1e-08,120,1,-0.4,demand,2026-08-18T13:55:18.085277+00:00
190ea75c-c7e8-43b5-acf6-41e0e5e04508,fBTC,1e-08,10,1,-0.2,demand,2026-08-18T13:55:18.085277+00:00
190ea75c-c7e8-43b5-acf6-41e0e5e04508,fBTC,2.93e-08,2,1,0.0043957,offer,2026-08-18T13:55:18.085277+00:00
190ea75c-c7e8-43b5-acf6-41e0e5e04508,fBTC,2.93424768e-08,2,1,19.79218692,offer,2026-08-18T13:55:18.085277+00:00
190ea75c-c7e8-43b5-acf6-41e0e5e04508,fBTC,3e-08,2,9,5.17076386,offer,2026-08-18T13:55:18.085277+00:00
190ea75c-c7e8-43b5-acf6-41e0e5e04508,fBTC,3e-08,7,2,2.59031166,offer,2026-08-18T13:55:18.085277+00:00
190ea75c-c7e8-43b5-acf6-41e0e5e04508,fBTC,3e-08,15,1,0.08293907,offer,2026-08-18T13:55:18.085277+00:00
190ea75c-c7e8-43b5-acf6-41e0e5e04508,fBTC,3e-08,5,1,1.44046767,offer,2026-08-18T13:55:18.085277+00:00
190ea75c-c7e8-43b5-acf6-41e0e5e04508,fBTC,3.0081e-08,2,1,0.00600173,offer,2026-08-18T13:55:18.085277+00:00
190ea75c-c7e8-43b5-acf6-41e0e5e04508,fBTC,3.0081e-08,30,1,0.0962261,offer,2026-08-18T13:55:18.085277+00:00
190ea75c-c7e8-43b5-acf6-41e0e5e04508,fBTC,3.008194e-08,2,31,0.18799282,offer,2026-08-18T13:55:18.085277+00:00
190ea75c-c7e8-43b5-acf6-41e0e5e04508,fBTC,3.0136e-08,30,1,0.10726593,offer,2026-08-18T13:55:18.085277+00:00
190ea75c-c7e8-43b5-acf6-41e0e5e04508,fBTC,3.0136986301369865e-08,30,87,352.40655645,offer,2026-08-18T13:55:18.085277+00:00
190ea75c-c7e8-43b5-acf6-41e0e5e04508,fBTC,3.0136986301369865e-08,120,50,206.91425714,offer,2026-08-18T13:55:18.085277+00:00
190ea75c-c7e8-43b5-acf6-41e0e5e04508,fBTC,3.0136986301369865e-08,14,8,13.00741468,offer,2026-08-18T13:55:18.085277+00:00
190ea75c-c7e8-43b5-acf6-41e0e5e04508,fBTC,3.0136986301369865e-08,2,201,219.05560819,offer,2026-08-18T13:55:18.085277+00:00
190ea75c-c7e8-43b5-acf6-41e0e5e04508,fBTC,3.0136986301369865e-08,4,4,0.36477312,offer,2026-08-18T13:55:18.085277+00:00
190ea75c-c7e8-43b5-acf6-41e0e5e04508,fBTC,3.0136986301369865e-08,15,10,3.08172885,offer,2026-08-18T13:55:18.085277+00:00
190ea75c-c7e8-43b5-acf6-41e0e5e04508,fBTC,3.0136986301369865e-08,5,11,0.24233105,offer,2026-08-18T13:55:18.085277+00:00
190ea75c-c7e8-43b5-acf6-41e0e5e04508,fBTC,3.0136986301369865e-08,60,8,6.1036453,offer,2026-08-18T13:55:18.085277+00:00
190ea75c-c7e8-43b5-acf6-41e0e5e04508,fBTC,3.0136986301369865e-08,12,2,1.85580208,offer,2026-08-18T13:55:18.085277+00:00
190ea75c-c7e8-43b5-acf6-41e0e5e04508,fBTC,3.0136986301369865e-08,7,10,7.37955224,offer,2026-08-18T13:55:18.085277+00:00
190ea75c-c7e8-43b5-acf6-41e0e5e04508,fBTC,3.0136986301369865e-08,10,9,1.81974863,offer,2026-08-18T13:55:18.085277+00:00
190ea75c-c7e8-43b5-acf6-41e0e5e04508,fBTC,3.0136986301369865e-08,20,5,5.95732358,offer,2026-08-18T13:55:18.085277+00:00
190ea75c-c7e8-43b5-acf6-41e0e5e04508,fBTC,3.0136986301369865e-08,6,1,0.13857429,offer,2026-08-18T13:55:18.085277+00:00
190ea75c-c7e8-43b5-acf6-41e0e5e04508,fBTC,3.0136986301369865e-08,3,3,1.20190701,offer,2026-08-18T13:55:18.085277+00:00
190ea75c-c7e8-43b5-acf6-41e0e5e04508,fBTC,3.0136986301369865e-08,21,1,0.18,offer,2026-08-18T13:55:18.085277+00:00
7ab9884a-ba53-411c-827f-e40beb30b241,fBTC,3e-08,120,1,-0.5,demand,2026-08-18T14:50:50.126326+00:00
7ab9884a-ba53-411c-827f-e40beb30b241,fBTC,2e-08,120,1,-0.07950436,demand,2026-08-18T14:50:50.126326+00:00
7ab9884a-ba53-411c-827f-e40beb30b241,fBTC,1.1e-08,120,1,-0.1826823,demand,2026-08-18T14:50:50.126326+00:00
7ab9884a-ba53-411c-827f-e40beb30b241,fBTC,1e-08,120,1,-0.4,demand,2026-08-18T14:50:50.126326+00:00
7ab9884a-ba53-411c-827f-e40beb30b241,fBTC,1e-08,10,1,-0.2,demand,2026-08-18T14:50:50.126326+00:00
7ab9884a-ba53-411c-827f-e40beb30b241,fBTC,2.92484304e-08,2,1,15.88848534,offer,2026-08-18T14:50:50.126326+00:00
7ab9884a-ba53-411c-827f-e40beb30b241,fBTC,3e-08,2,7,5.0084786,offer,2026-08-18T14:50:50.126326+00:00
7ab9884a-ba53-411c-827f-e40beb30b241,fBTC,3e-08,7,2,2.59031166,offer,2026-08-18T14:50:50.126326+00:00
7ab9884a-ba53-411c-827f-e40beb30b241,fBTC,3e-08,15,1,0.08293907,offer,2026-08-18T14:50:50.126326+00:00
7ab9884a-ba53-411c-827f-e40beb30b241,fBTC,3e-08,5,1,1.44046767,offer,2026-08-18T14:50:50.126326+00:00
7ab9884a-ba53-411c-827f-e40beb30b241,fBTC,3.0081e-08,2,1,0.00600173,offer,2026-08-18T14:50:50.126326+00:00
7ab9884a-ba53-411c-827f-e40beb30b241,fBTC,3.0081e-08,30,1,0.0962261,offer,2026-08-18T14:50:50.126326+00:00
7ab9884a-ba53-411c-827f-e40beb30b241,fBTC,3.008194e-08,2,32,0.18751087,offer,2026-08-18T14:50:50.126326+00:00
7ab9884a-ba53-411c-827f-e40beb30b241,fBTC,3.0136e-08,30,1,0.10726593,offer,2026-08-18T14:50:50.126326+00:00
7ab9884a-ba53-411c-827f-e40beb30b241,fBTC,3.0136986301369865e-08,30,87,352.40655645,offer,2026-08-18T14:50:50.126326+00:00
7ab9884a-ba53-411c-827f-e40beb30b241,fBTC,3.0136986301369865e-08,120,50,206.91425714,offer,2026-08-18T14:50:50.126326+00:00
7ab9884a-ba53-411c-827f-e40beb30b241,fBTC,3.0136986301369865e-08,14,8,13.00741468,offer,2026-08-18T14:50:50.126326+00:00
7ab9884a-ba53-411c-827f-e40beb30b241,fBTC,3.0136986301369865e-08,2,201,219.05577819,offer,2026-08-18T14:50:50.126326+00:00
7ab9884a-ba53-411c-827f-e40beb30b241,fBTC,3.0136986301369865e-08,4,4,0.36477312,offer,2026-08-18T14:50:50.126326+00:00
7ab9884a-ba53-411c-827f-e40beb30b241,fBTC,3.0136986301369865e-08,15,10,3.08172885,offer,2026-08-18T14:50:50.126326+00:00
7ab9884a-ba53-411c-827f-e40beb30b241,fBTC,3.0136986301369865e-08,5,11,0.24233105,offer,2026-08-18T14:50:50.126326+00:00
7ab9884a-ba53-411c-827f-e40beb30b241,fBTC,3.0136986301369865e-08,60,8,6.1036453,offer,2026-08-18T14:50:50.126326+00:00
7ab9884a-ba53-411c-827f-e40beb30b241,fBTC,3.0136986301369865e-08,12,2,1.85580208,offer,2026-08-18T14:50:50.126326+00:00
7ab9884a-ba53-411c-827f-e40beb30b241,fBTC,3.0136986301369865e-08,7,10,7.37955224,offer,2026-08-18T14:50:50.126326+00:00
7ab9884a-ba53-411c-827f-e40beb30b241,fBTC,3.0136986301369865e-08,10,9,1.81974863,offer,2026-08-18T14:50:50.126326+00:00
7ab9884a-ba53-411c-827f-e40beb30b241,fBTC,3.0136986301369865e-08,20,5,5.95732358,offer,2026-08-18T14:50:50.126326+00:00
7ab9884a-ba53-411c-827f-e40beb30b241,fBTC,3.0136986301369865e-08,6,1,0.13857429,offer,2026-08-18T14:50:50.126326+00:00
7ab9884a-ba53-411c-827f-e40beb30b241,fBTC,3.0136986301369865e-08,3,3,1.20190701,offer,2026-08-18T14:50:50.126326+00:00
7ab9884a-ba53-411c-827f-e40beb30b241,fBTC,3.0136986301369865e-08,21,1,0.18,offer,2026-08-18T14:50:50.126326+00:00
7ab9884a-ba53-411c-827f-e40beb30b241,fBTC,3.1e-08,2,3,100.4017615,offer,2026-08-18T14:50:50.126326+00:00
2ad97fa8-a5ee-42ed-b8ac-141e2d5274a7,fBTC,3e-08,120,1,-0.5,demand,2026-08-18T15:44:29.615536+00:00
2ad97fa8-a5ee-42ed-b8ac-141e2d5274a7,fBTC,2e-08,120,1,-0.07950436,demand,2026-08-18T15:44:29.615536+00:00
2ad97fa8-a5ee-42ed-b8ac-141e2d5274a7,fBTC,1.1e-08,120,1,-0.1826823,demand,2026-08-18T15:44:29.615536+00:00
2ad97fa8-a5ee-42ed-b8ac-141e2d5274a7,fBTC,1e-08,120,1,-0.4,demand,2026-08-18T15:44:29.615536+00:00
2ad97fa8-a5ee-42ed-b8ac-141e2d5274a7,fBTC,1e-08,10,1,-0.2,demand,2026-08-18T15:44:29.615536+00:00
2ad97fa8-a5ee-42ed-b8ac-141e2d5274a7,fBTC,2.93424768e-08,2,1,10.66689112,offer,2026-08-18T15:44:29.615536+00:00
2ad97fa8-a5ee-42ed-b8ac-141e2d5274a7,fBTC,3e-08,2,9,5.82784742,offer,2026-08-18T15:44:29.615536+00:00
2ad97fa8-a5ee-42ed-b8ac-141e2d5274a7,fBTC,3e-08,7,3,2.76419088,offer,2026-08-18T15:44:29.615536+00:00
2ad97fa8-a5ee-42ed-b8ac-141e2d5274a7,fBTC,3e-08,15,1,0.08293907,offer,2026-08-18T15:44:29.615536+00:00
2ad97fa8-a5ee-42ed-b8ac-141e2d5274a7,fBTC,3e-08,5,1,1.44046767,offer,2026-08-18T15:44:29.615536+00:00
2ad97fa8-a5ee-42ed-b8ac-141e2d5274a7,fBTC,3.0081e-08,2,1,0.00600173,offer,2026-08-18T15:44:29.615536+00:00
2ad97fa8-a5ee-42ed-b8ac-141e2d5274a7,fBTC,3.0081e-08,30,1,0.0962261,offer,2026-08-18T15:44:29.615536+00:00
2ad97fa8-a5ee-42ed-b8ac-141e2d5274a7,fBTC,3.008194e-08,2,32,0.18746755,offer,2026-08-18T15:44:29.615536+00:00
2ad97fa8-a5ee-42ed-b8ac-141e2d5274a7,fBTC,3.0136e-08,30,1,0.10726593,offer,2026-08-18T15:44:29.615536+00:00
2ad97fa8-a5ee-42ed-b8ac-141e2d5274a7,fBTC,3.0136986301369865e-08,30,87,352.40655645,offer,2026-08-18T15:44:29.615536+00:00
2ad97fa8-a5ee-42ed-b8ac-141e2d5274a7,fBTC,3.0136986301369865e-08,120,50,206.91425714,offer,2026-08-18T15:44:29.615536+00:00
2ad97fa8-a5ee-42ed-b8ac-141e2d5274a7,fBTC,3.0136986301369865e-08,14,8,13.00741468,offer,2026-08-18T15:44:29.615536+00:00
2ad97fa8-a5ee-42ed-b8ac-141e2d5274a7,fBTC,3.0136986301369865e-08,2,201,219.05577819,offer,2026-08-18T15:44:29.615536+00:00
2ad97fa8-a5ee-42ed-b8ac-141e2d5274a7,fBTC,3.0136986301369865e-08,4,4,0.36477312,offer,2026-08-18T15:44:29.615536+00:00
2ad97fa8-a5ee-42ed-b8ac-141e2d5274a7,fBTC,3.0136986301369865e-08,15,10,3.08172885,offer,2026-08-18T15:44:29.615536+00:00
2ad97fa8-a5ee-42ed-b8ac-141e2d5274a7,fBTC,3.0136986301369865e-08,5,11,0.24233105,offer,2026-08-18T15:44:29.615536+00:00
2ad97fa8-a5ee-42ed-b8ac-141e2d5274a7,fBTC,3.0136986301369865e-08,60,8,6.1036453,offer,2026-08-18T15:44:29.615536+00:00
2ad97fa8-a5ee-42ed-b8ac-141e2d5274a7,fBTC,3.0136986301369865e-08,12,2,1.85580208,offer,2026-08-18T15:44:29.615536+00:00
2ad97fa8-a5ee-42ed-b8ac-141e2d5274a7,fBTC,3.0136986301369865e-08,7,10,7.37955224,offer,2026-08-18T15:44:29.615536+00:00
2ad97fa8-a5ee-42ed-b8ac-141e2d5274a7,fBTC,3.0136986301369865e-08,10,9,1.81974863,offer,2026-08-18T15:44:29.615536+00:00
2ad97fa8-a5ee-42ed-b8ac-141e2d5274a7,fBTC,3.0136986301369865e-08,20,5,5.95732358,offer,2026-08-18T15:44:29.615536+00:00
2ad97fa8-a5ee-42ed-b8ac-141e2d5274a7,fBTC,3.0136986301369865e-08,6,1,0.13857429,offer,2026-08-18T15:44:29.615536+00:00
2ad97fa8-a5ee-42ed-b8ac-141e2d5274a7,fBTC,3.0136986301369865e-08,3,3,1.20190701,offer,2026-08-18T15:44:29.615536+00:00
2ad97fa8-a5ee-42ed-b8ac-141e2d5274a7,fBTC,3.0136986301369865e-08,21,1,0.18,offer,2026-08-18T15:44:29.615536+00:00
2ad97fa8-a5ee-42ed-b8ac-141e2d5274a7,fBTC,3.1e-08,2,1,100.0,offer,2026-08-18T15:44:29.615536+00:00
d4539b7d-d88d-483e-ad7f-f071f27394fc,fBTC,3e-08,120,1,-0.5,demand,2026-08-18T16:46:47.465313+00:00
d4539b7d-d88d-483e-ad7f-f071f27394fc,fBTC,2e-08,120,1,-0.07950436,demand,2026-08-18T16:46:47.465313+00:00
d4539b7d-d88d-483e-ad7f-f071f27394fc,fBTC,1.1e-08,120,1,-0.1826823,demand,2026-08-18T16:46:47.465313+00:00
d4539b7d-d88d-483e-ad7f-f071f27394fc,fBTC,1e-08,120,1,-0.4,demand,2026-08-18T16:46:47.465313+00:00
d4539b7d-d88d-483e-ad7f-f071f27394fc,fBTC,1e-08,10,1,-0.2,demand,2026-08-18T16:46:47.465313+00:00
d4539b7d-d88d-483e-ad7f-f071f27394fc,fBTC,2.429e-08,7,1,0.47287036,offer,2026-08-18T16:46:47.465313+00:00
d4539b7d-d88d-483e-ad7f-f071f27394fc,fBTC,2.93e-08,2,1,0.40319472,offer,2026-08-18T16:46:47.465313+00:00
d4539b7d-d88d-483e-ad7f-f071f27394fc,fBTC,2.93424768e-08,2,1,10.3088294,offer,2026-08-18T16:46:47.465313+00:00
d4539b7d-d88d-483e-ad7f-f071f27394fc,fBTC,3e-08,2,7,5.0084786,offer,2026-08-18T16:46:47.465313+00:00
d4539b7d-d88d-483e-ad7f-f071f27394fc,fBTC,3e-08,7,2,2.59031166,offer,2026-08-18T16:46:47.465313+00:00
d4539b7d-d88d-483e-ad7f-f071f27394fc,fBTC,3e-08,15,1,0.08293907,offer,2026-08-18T16:46:47.465313+00:00
d4539b7d-d88d-483e-ad7f-f071f27394fc,fBTC,3.0081e-08,2,1,0.00600173,offer,2026-08-18T16:46:47.465313+00:00
d4539b7d-d88d-483e-ad7f-f071f27394fc,fBTC,3.0081e-08,30,1,0.0962261,offer,2026-08-18T16:46:47.465313+00:00
d4539b7d-d88d-483e-ad7f-f071f27394fc,fBTC,3.008194e-08,2,32,0.18749596,offer,2026-08-18T16:46:47.465313+00:00
d4539b7d-d88d-483e-ad7f-f071f27394fc,fBTC,3.0136e-08,30,1,0.10726593,offer,2026-08-18T16:46:47.465313+00:00
d4539b7d-d88d-483e-ad7f-f071f27394fc,fBTC,3.0136986301369865e-08,30,87,352.40655645,offer,2026-08-18T16:46:47.465313+00:00
d4539b7d-d88d-483e-ad7f-f071f27394fc,fBTC,3.0136986301369865e-08,120,50,206.91425714,offer,2026-08-18T16:46:47.465313+00:00
d4539b7d-d88d-483e-ad7f-f071f27394fc,fBTC,3.0136986301369865e-08,14,8,13.00741468,offer,2026-08-18T16:46:47.465313+00:00
d4539b7d-d88d-483e-ad7f-f071f27394fc,fBTC,3.0136986301369865e-08,2,201,219.05577819,offer,2026-08-18T16:46:47.465313+00:00
d4539b7d-d88d-483e-ad7f-f071f27394fc,fBTC,3.0136986301369865e-08,4,4,0.36477312,offer,2026-08-18T16:46:47.465313+00:00
d4539b7d-d88d-483e-ad7f-f071f27394fc,fBTC,3.0136986301369865e-08,15,10,3.08172885,offer,2026-08-18T16:46:47.465313+00:00
d4539b7d-d88d-483e-ad7f-f071f27394fc,fBTC,3.0136986301369865e-08,5,11,0.24233105,offer,2026-08-18T16:46:47.465313+00:00
d4539b7d-d88d-483e-ad7f-f071f27394fc,fBTC,3.0136986301369865e-08,60,8,6.1036453,offer,2026-08-18T16:46:47.465313+00:00
d4539b7d-d88d-483e-ad7f-f071f27394fc,fBTC,3.0136986301369865e-08,12,2,1.85580208,offer,2026-08-18T16:46:47.465313+00:00
d4539b7d-d88d-483e-ad7f-f071f27394fc,fBTC,3.0136986301369865e-08,7,10,7.37955224,offer,2026-08-18T16:46:47.465313+00:00
d4539b7d-d88d-483e-ad7f-f071f27394fc,fBTC,3.0136986301369865e-08,10,9,1.81974863,offer,2026-08-18T16:46:47.465313+00:00
d4539b7d-d88d-483e-ad7f-f071f27394fc,fBTC,3.0136986301369865e-08,20,5,5.95732358,offer,2026-08-18T16:46:47.465313+00:00
d4539b7d-d88d-483e-ad7f-f071f27394fc,fBTC,3.0136986301369865e-08,6,1,0.13857429,offer,2026-08-18T16:46:47.465313+00:00
d4539b7d-d88d-483e-ad7f-f071f27394fc,fBTC,3.0136986301369865e-08,3,3,1.20190701,offer,2026-08-18T16:46:47.465313+00:00
d4539b7d-d88d-483e-ad7f-f071f27394fc,fBTC,3.0136986301369865e-08,21,1,0.18,offer,2026-08-18T16:46:47.465313+00:00
35179e9b-6deb-4c52-a1c9-0bd2bb45278f,fBTC,3e-08,120,1,-0.5,demand,2026-08-18T17:40:41.963382+00:00
35179e9b-6deb-4c52-a1c9-0bd2bb45278f,fBTC,2e-08,120,1,-0.07950436,demand,2026-08-18T17:40:41.963382+00:00
35179e9b-6deb-4c52-a1c9-0bd2bb45278f,fBTC,1.1e-08,120,1,-0.1826823,demand,2026-08-18T17:40:41.963382+00:00
35179e9b-6deb-4c52-a1c9-0bd2bb45278f,fBTC,1e-08,120,1,-0.4,demand,2026-08-18T17:40:41.963382+00:00
35179e9b-6deb-4c52-a1c9-0bd2bb45278f,fBTC,1e-08,10,1,-0.2,demand,2026-08-18T17:40:41.963382+00:00
35179e9b-6deb-4c52-a1c9-0bd2bb45278f,fBTC,2e-08,2,1,0.04533903,offer,2026-08-18T17:40:41.963382+00:00
35179e9b-6deb-4c52-a1c9-0bd2bb45278f,fBTC,2.89e-08,2,1,0.00291224,offer,2026-08-18T17:40:41.963382+00:00
35179e9b-6deb-4c52-a1c9-0bd2bb45278f,fBTC,2.9154384e-08,2,1,6.0977508,offer,2026-08-18T17:40:41.963382+00:00
35179e9b-6deb-4c52-a1c9-0bd2bb45278f,fBTC,3e-08,2,9,5.35056547,offer,2026-08-18T17:40:41.963382+00:00
35179e9b-6deb-4c52-a1c9-0bd2bb45278f,fBTC,3e-08,7,3,2.93612965,offer,2026-08-18T17:40:41.963382+00:00
35179e9b-6deb-4c52-a1c9-0bd2bb45278f,fBTC,3e-08,15,1,0.08293907,offer,2026-08-18T17:40:41.963382+00:00
35179e9b-6deb-4c52-a1c9-0bd2bb45278f,fBTC,3e-08,5,1,1.54495538,offer,2026-08-18T17:40:41.963382+00:00
35179e9b-6deb-4c52-a1c9-0bd2bb45278f,fBTC,3.0081e-08,2,1,0.00600173,offer,2026-08-18T17:40:41.963382+00:00
35179e9b-6deb-4c52-a1c9-0bd2bb45278f,fBTC,3.0081e-08,30,1,0.0962261,offer,2026-08-18T17:40:41.963382+00:00
35179e9b-6deb-4c52-a1c9-0bd2bb45278f,fBTC,3.008194e-08,2,32,0.18751696,offer,2026-08-18T17:40:41.963382+00:00
35179e9b-6deb-4c52-a1c9-0bd2bb45278f,fBTC,3.0136e-08,30,1,0.10726593,offer,2026-08-18T17:40:41.963382+00:00
35179e9b-6deb-4c52-a1c9-0bd2bb45278f,fBTC,3.0136986301369865e-08,30,87,352.40655645,offer,2026-08-18T17:40:41.963382+00:00
35179e9b-6deb-4c52-a1c9-0bd2bb45278f,fBTC,3.0136986301369865e-08,120,50,206.91425714,offer,2026-08-18T17:40:41.963382+00:00
35179e9b-6deb-4c52-a1c9-0bd2bb45278f,fBTC,3.0136986301369865e-08,14,8,13.00741468,offer,2026-08-18T17:40:41.963382+00:00
35179e9b-6deb-4c52-a1c9-0bd2bb45278f,fBTC,3.0136986301369865e-08,2,202,219.23061804,offer,2026-08-18T17:40:41.963382+00:00
35179e9b-6deb-4c52-a1c9-0bd2bb45278f,fBTC,3.0136986301369865e-08,4,4,0.36477312,offer,2026-08-18T17:40:41.963382+00:00
35179e9b-6deb-4c52-a1c9-0bd2bb45278f,fBTC,3.0136986301369865e-08,15,10,3.08172885,offer,2026-08-18T17:40:41.963382+00:00
35179e9b-6deb-4c52-a1c9-0bd2bb45278f,fBTC,3.0136986301369865e-08,5,11,0.24233105,offer,2026-08-18T17:40:41.963382+00:00
35179e9b-6deb-4c52-a1c9-0bd2bb45278f,fBTC,3.0136986301369865e-08,60,8,6.1036453,offer,2026-08-18T17:40:41.963382+00:00
35179e9b-6deb-4c52-a1c9-0bd2bb45278f,fBTC,3.0136986301369865e-08,12,2,1.85580208,offer,2026-08-18T17:40:41.963382+00:00
35179e9b-6deb-4c52-a1c9-0bd2bb45278f,fBTC,3.0136986301369865e-08,7,10,7.37955224,offer,2026-08-18T17:40:41.963382+00:00
35179e9b-6deb-4c52-a1c9-0bd2bb45278f,fBTC,3.0136986301369865e-08,10,9,1.81974863,offer,2026-08-18T17:40:41.963382+00:00
35179e9b-6deb-4c52-a1c9-0bd2bb45278f,fBTC,3.0136986301369865e-08,20,5,5.95732358,offer,2026-08-18T17:40:41.963382+00:00
35179e9b-6deb-4c52-a1c9-0bd2bb45278f,fBTC,3.0136986301369865e-08,6,1,0.13857429,offer,2026-08-18T17:40:41.963382+00:00
35179e9b-6deb-4c52-a1c9-0bd2bb45278f,fBTC,3.0136986301369865e-08,3,3,1.20190701,offer,2026-08-18T17:40:41.963382+00:00
