run_id,market,rate,period,count,amount,side,fetched_at
ff72fbe7-f530-4590-a593-b28cd9fe5220,fBTC,3.11e-08,120,1,-0.4,demand,2026-08-22T00:47:01.466684+00:00
ff72fbe7-f530-4590-a593-b28cd9fe5220,fBTC,3.1e-08,59,1,-0.005,demand,2026-08-22T00:47:01.466684+00:00
ff72fbe7-f530-4590-a593-b28cd9fe5220,fBTC,2.1e-08,59,1,-0.015,demand,2026-08-22T00:47:01.466684+00:00
ff72fbe7-f530-4590-a593-b28cd9fe5220,fBTC,1.11e-08,120,1,-0.4,demand,2026-08-22T00:47:01.466684+00:00
ff72fbe7-f530-4590-a593-b28cd9fe5220,fBTC,1.1e-08,120,1,-0.1826823,demand,2026-08-22T00:47:01.466684+00:00
ff72fbe7-f530-4590-a593-b28cd9fe5220,fBTC,1.1e-08,59,1,-0.015,demand,2026-08-22T00:47:01.466684+00:00
ff72fbe7-f530-4590-a593-b28cd9fe5220,fBTC,1e-08,10,1,-0.2,demand,2026-08-22T00:47:01.466684+00:00
ff72fbe7-f530-4590-a593-b28cd9fe5220,fBTC,2e-08,2,1,0.24098696,offer,2026-08-22T00:47:01.466684+00:00
ff72fbe7-f530-4590-a593-b28cd9fe5220,fBTC,2.92484304e-08,2,1,0.3892866,offer,2026-08-22T00:47:01.466684+00:00
ff72fbe7-f530-4590-a593-b28cd9fe5220,fBTC,2.98e-08,2,1,0.0461,offer,2026-08-22T00:47:01.466684+00:00
ff72fbe7-f530-4590-a593-b28cd9fe5220,fBTC,3e-08,2,11,107.70332163,offer,2026-08-22T00:47:01.466684+00:00
ff72fbe7-f530-4590-a593-b28cd9fe5220,fBTC,3e-08,5,3,1.43644967,offer,2026-08-22T00:47:01.466684+00:00
ff72fbe7-f530-4590-a593-b28cd9fe5220,fBTC,3e-08,15,1,0.56330642,offer,2026-08-22T00:47:01.466684+00:00
ff72fbe7-f530-4590-a593-b28cd9fe5220,fBTC,3e-08,14,1,0.04849508,offer,2026-08-22T00:47:01.466684+00:00
ff72fbe7-f530-4590-a593-b28cd9fe5220,fBTC,3.008194e-08,2,33,0.17897832,offer,2026-08-22T00:47:01.466684+00:00
ff72fbe7-f530-4590-a593-b28cd9fe5220,fBTC,3.0136986301369865e-08,120,57,235.98431327,offer,2026-08-22T00:47:01.466684+00:00
ff72fbe7-f530-4590-a593-b28cd9fe5220,fBTC,3.0136986301369865e-08,30,96,341.34650643,offer,2026-08-22T00:47:01.466684+00:00
ff72fbe7-f530-4590-a593-b28cd9fe5220,fBTC,3.0136986301369865e-08,15,11,3.51803817,offer,2026-08-22T00:47:01.466684+00:00
ff72fbe7-f530-4590-a593-b28cd9fe5220,fBTC,3.0136986301369865e-08,2,204,219.09101748,offer,2026-08-22T00:47:01.466684+00:00
ff72fbe7-f530-4590-a593-b28cd9fe5220,fBTC,3.0136986301369865e-08,5,11,0.24233105,offer,2026-08-22T00:47:01.466684+00:00
ff72fbe7-f530-4590-a593-b28cd9fe5220,fBTC,3.0136986301369865e-08,60,8,6.15125724,offer,2026-08-22T00:47:01.466684+00:00
ff72fbe7-f530-4590-a593-b28cd9fe5220,fBTC,3.0136986301369865e-08,12,2,1.85580208,offer,2026-08-22T00:47:01.466684+00:00
ff72fbe7-f530-4590-a593-b28cd9fe5220,fBTC,3.0136986301369865e-08,7,10,7.37955224,offer,2026-08-22T00:47:01.466684+00:00
ff72fbe7-f530-4590-a593-b28cd9fe5220,fBTC,3.0136986301369865e-08,10,8,1.78637215,offer,2026-08-22T00:47:01.466684+00:00
ff72fbe7-f530-4590-a593-b28cd9fe5220,fBTC,3.0136986301369865e-08,4,4,0.36477312,offer,2026-08-22T00:47:01.466684+00:00
ff72fbe7-f530-4590-a593-b28cd9fe5220,fBTC,3.0136986301369865e-08,14,6,14.01893143,offer,2026-08-22T00:47:01.466684+00:00
ff72fbe7-f530-4590-a593-b28cd9fe5220,fBTC,3.0136986301369865e-08,20,5,5.95732358,offer,2026-08-22T00:47:01.466684+00:00
ff72fbe7-f530-4590-a593-b28cd9fe5220,fBTC,3.0136986301369865e-08,6,1,0.13857429,offer,2026-08-22T00:47:01.466684+00:00
ff72fbe7-f530-4590-a593-b28cd9fe5220,fBTC,3.0136986301369865e-08,3,3,1.20190701,offer,2026-08-22T00:47:01.466684+00:00
ff72fbe7-f530-4590-a593-b28cd9fe5220,fBTC,3.0136986301369865e-08,21,2,0.29881947,offer,2026-08-22T00:47:01.466684+00:00
ff72fbe7-f530-4590-a593-b28cd9fe5220,fBTC,3.0136986301369865e-08,38,1,0.00451216,offer,2026-08-22T00:47:01.466684+00:00
ff72fbe7-f530-4590-a593-b28cd9fe5220,fBTC,3.05e-08,2,1,100.0,offer,2026-08-22T00:47:01.466684+00:00
9b1b7726-40d0-4776-8a35-b5d2c809b4e1,fBTC,3.11e-08,120,1,-0.4,demand,2026-08-22T01:47:01.493438+00:00
9b1b7726-40d0-4776-8a35-b5d2c809b4e1,fBTC,3.1e-08,59,1,-0.005,demand,2026-08-22T01:47:01.493438+00:00
9b1b7726-40d0-4776-8a35-b5d2c809b4e1,fBTC,2.1e-08,59,1,-0.015,demand,2026-08-22T01:47:01.493438+00:00
9b1b7726-40d0-4776-8a35-b5d2c809b4e1,fBTC,1.11e-08,120,1,-0.4,demand,2026-08-22T01:47:01.493438+00:00
9b1b7726-40d0-4776-8a35-b5d2c809b4e1,fBTC,1.1e-08,120,1,-0.1826823,demand,2026-08-22T01:47:01.493438+00:00
9b1b7726-40d0-4776-8a35-b5d2c809b4e1,fBTC,1.1e-08,59,1,-0.015,demand,2026-08-22T01:47:01.493438+00:00
9b1b7726-40d0-4776-8a35-b5d2c809b4e1,fBTC,1e-08,10,1,-0.2,demand,2026-08-22T01:47:01.493438+00:00
9b1b7726-40d0-4776-8a35-b5d2c809b4e1,fBTC,2e-08,2,1,0.15074876,offer,2026-08-22T01:47:01.493438+00:00
9b1b7726-40d0-4776-8a35-b5d2c809b4e1,fBTC,2.92484304e-08,2,1,0.0797136,offer,2026-08-22T01:47:01.493438+00:00
9b1b7726-40d0-4776-8a35-b5d2c809b4e1,fBTC,2.98e-08,2,1,0.07785001,offer,2026-08-22T01:47:01.493438+00:00
9b1b7726-40d0-4776-8a35-b5d2c809b4e1,fBTC,3e-08,2,12,105.87123725,offer,2026-08-22T01:47:01.493438+00:00
9b1b7726-40d0-4776-8a35-b5d2c809b4e1,fBTC,3e-08,5,2,1.43142205,offer,2026-08-22T01:47:01.493438+00:00
9b1b7726-40d0-4776-8a35-b5d2c809b4e1,fBTC,3e-08,15,1,0.56330642,offer,2026-08-22T01:47:01.493438+00:00
9b1b7726-40d0-4776-8a35-b5d2c809b4e1,fBTC,3e-08,14,1,0.04849508,offer,2026-08-22T01:47:01.493438+00:00
9b1b7726-40d0-4776-8a35-b5d2c809b4e1,fBTC,3.008194e-08,2,33,0.17897501,offer,2026-08-22T01:47:01.493438+00:00
9b1b7726-40d0-4776-8a35-b5d2c809b4e1,fBTC,3.0136986301369865e-08,120,57,235.98431327,offer,2026-08-22T01:47:01.493438+00:00
9b1b7726-40d0-4776-8a35-b5d2c809b4e1,fBTC,3.0136986301369865e-08,30,96,341.34650643,offer,2026-08-22T01:47:01.493438+00:00
9b1b7726-40d0-4776-8a35-b5d2c809b4e1,fBTC,3.0136986301369865e-08,15,11,3.51803817,offer,2026-08-22T01:47:01.493438+00:00
9b1b7726-40d0-4776-8a35-b5d2c809b4e1,fBTC,3.0136986301369865e-08,2,203,218.48679144,offer,2026-08-22T01:47:01.493438+00:00
9b1b7726-40d0-4776-8a35-b5d2c809b4e1,fBTC,3.0136986301369865e-08,5,11,0.24233105,offer,2026-08-22T01:47:01.493438+00:00
9b1b7726-40d0-4776-8a35-b5d2c809b4e1,fBTC,3.0136986301369865e-08,60,8,6.15125724,offer,2026-08-22T01:47:01.493438+00:00
9b1b7726-40d0-4776-8a35-b5d2c809b4e1,fBTC,3.0136986301369865e-08,12,2,1.85580208,offer,2026-08-22T01:47:01.493438+00:00
9b1b7726-40d0-4776-8a35-b5d2c809b4e1,fBTC,3.0136986301369865e-08,7,10,7.37955224,offer,2026-08-22T01:47:01.493438+00:00
9b1b7726-40d0-4776-8a35-b5d2c809b4e1,fBTC,3.0136986301369865e-08,10,8,1.78637215,offer,2026-08-22T01:47:01.493438+00:00
9b1b7726-40d0-4776-8a35-b5d2c809b4e1,fBTC,3.0136986301369865e-08,4,4,0.36477312,offer,2026-08-22T01:47:01.493438+00:00
9b1b7726-40d0-4776-8a35-b5d2c809b4e1,fBTC,3.0136986301369865e-08,14,6,14.01893143,offer,2026-08-22T01:47:01.493438+00:00
9b1b7726-40d0-4776-8a35-b5d2c809b4e1,fBTC,3.0136986301369865e-08,20,5,5.95732358,offer,2026-08-22T01:47:01.493438+00:00
9b1b7726-40d0-4776-8a35-b5d2c809b4e1,fBTC,3.0136986301369865e-08,6,1,0.13857429,offer,2026-08-22T01:47:01.493438+00:00
9b1b7726-40d0-4776-8a35-b5d2c809b4e1,fBTC,3.0136986301369865e-08,3,3,1.20190701,offer,2026-08-22T01:47:01.493438+00:00
9b1b7726-40d0-4776-8a35-b5d2c809b4e1,fBTC,3.0136986301369865e-08,21,2,0.29881947,offer,2026-08-22T01:47:01.493438+00:00
9b1b7726-40d0-4776-8a35-b5d2c809b4e1,fBTC,3.0136986301369865e-08,38,1,0.00451216,offer,2026-08-22T01:47:01.493438+00:00
9b1b7726-40d0-4776-8a35-b5d2c809b4e1,fBTC,3.05e-08,2,1,100.0,offer,2026-08-22T01:47:01.493438+00:00
e80dea16-f136-4b99-ac09-7b86edc03c15,fBTC,3.11e-08,120,1,-0.4,demand,2026-08-22T02:47:01.796107+00:00
e80dea16-f136-4b99-ac09-7b86edc03c15,fBTC,3.1e-08,59,1,-0.005,demand,2026-08-22T02:47:01.796107+00:00
e80dea16-f136-4b99-ac09-7b86edc03c15,fBTC,2.1e-08,59,1,-0.015,demand,2026-08-22T02:47:01.796107+00:00
e80dea16-f136-4b99-ac09-7b86edc03c15,fBTC,1.11e-08,120,1,-0.4,demand,2026-08-22T02:47:01.796107+00:00
e80dea16-f136-4b99-ac09-7b86edc03c15,fBTC,1.1e-08,120,1,-0.1826823,demand,2026-08-22T02:47:01.796107+00:00
e80dea16-f136-4b99-ac09-7b86edc03c15,fBTC,1.1e-08,59,1,-0.015,demand,2026-08-22T02:47:01.796107+00:00
e80dea16-f136-4b99-ac09-7b86edc03c15,fBTC,1e-08,10,1,-0.2,demand,2026-08-22T02:47:01.796107+00:00
e80dea16-f136-4b99-ac09-7b86edc03c15,fBTC,2e-08,2,1,0.00404345,offer,2026-08-22T02:47:01.796107+00:00
e80dea16-f136-4b99-ac09-7b86edc03c15,fBTC,2.92484304e-08,2,1,1.3087066,offer,2026-08-22T02:47:01.796107+00:00
e80dea16-f136-4b99-ac09-7b86edc03c15,fBTC,3e-08,2,12,101.53757502,offer,2026-08-22T02:47:01.796107+00:00
e80dea16-f136-4b99-ac09-7b86edc03c15,fBTC,3e-08,5,3,1.44000545,offer,2026-08-22T02:47:01.796107+00:00
e80dea16-f136-4b99-ac09-7b86edc03c15,fBTC,3e-08,15,1,0.56330642,offer,2026-08-22T02:47:01.796107+00:00
e80dea16-f136-4b99-ac09-7b86edc03c15,fBTC,3e-08,14,1,0.04849508,offer,2026-08-22T02:47:01.796107+00:00
e80dea16-f136-4b99-ac09-7b86edc03c15,fBTC,3.008194e-08,2,33,0.17896127,offer,2026-08-22T02:47:01.796107+00:00
e80dea16-f136-4b99-ac09-7b86edc03c15,fBTC,3.0136986301369865e-08,120,57,235.98431327,offer,2026-08-22T02:47:01.796107+00:00
e80dea16-f136-4b99-ac09-7b86edc03c15,fBTC,3.0136986301369865e-08,30,96,341.34650643,offer,2026-08-22T02:47:01.796107+00:00
e80dea16-f136-4b99-ac09-7b86edc03c15,fBTC,3.0136986301369865e-08,15,11,3.51803817,offer,2026-08-22T02:47:01.796107+00:00
e80dea16-f136-4b99-ac09-7b86edc03c15,fBTC,3.0136986301369865e-08,2,204,218.56464045,offer,2026-08-22T02:47:01.796107+00:00
e80dea16-f136-4b99-ac09-7b86edc03c15,fBTC,3.0136986301369865e-08,5,11,0.24233105,offer,2026-08-22T02:47:01.796107+00:00
e80dea16-f136-4b99-ac09-7b86edc03c15,fBTC,3.0136986301369865e-08,60,8,6.15125724,offer,2026-08-22T02:47:01.796107+00:00
e80dea16-f136-4b99-ac09-7b86edc03c15,fBTC,3.0136986301369865e-08,12,2,1.85580208,offer,2026-08-22T02:47:01.796107+00:00
e80dea16-f136-4b99-ac09-7b86edc03c15,fBTC,3.0136986301369865e-08,7,10,7.37955224,offer,2026-08-22T02:47:01.796107+00:00
e80dea16-f136-4b99-ac09-7b86edc03c15,fBTC,3.0136986301369865e-08,10,8,1.78637215,offer,2026-08-22T02:47:01.796107+00:00
e80dea16-f136-4b99-ac09-7b86edc03c15,fBTC,3.0136986301369865e-08,4,4,0.36477312,offer,2026-08-22T02:47:01.796107+00:00
e80dea16-f136-4b99-ac09-7b86edc03c15,fBTC,3.0136986301369865e-08,14,6,14.01893143,offer,2026-08-22T02:47:01.796107+00:00
e80dea16-f136-4b99-ac09-7b86edc03c15,fBTC,3.0136986301369865e-08,20,5,5.95732358,offer,2026-08-22T02:47:01.796107+00:00
e80dea16-f136-4b99-ac09-7b86edc03c15,fBTC,3.0136986301369865e-08,6,1,0.13857429,offer,2026-08-22T02:47:01.796107+00:00
e80dea16-f136-4b99-ac09-7b86edc03c15,fBTC,3.0136986301369865e-08,3,3,1.20190701,offer,2026-08-22T02:47:01.796107+00:00
e80dea16-f136-4b99-ac09-7b86edc03c15,fBTC,3.0136986301369865e-08,21,2,0.29881947,offer,2026-08-22T02:47:01.796107+00:00
e80dea16-f136-4b99-ac09-7b86edc03c15,fBTC,3.0136986301369865e-08,38,1,0.00451216,offer,2026-08-22T02:47:01.796107+00:00
e80dea16-f136-4b99-ac09-7b86edc03c15,fBTC,3.05e-08,2,1,100.0,offer,2026-08-22T02:47:01.796107+00:00
e80dea16-f136-4b99-ac09-7b86edc03c15,fBTC,3.0888e-08,5,1,0.173657,offer,2026-08-22T02:47:01.796107+00:00
906b54ca-6af3-4db0-958f-87adc497d1bf,fBTC,3.11e-08,120,1,-0.4,demand,2026-08-22T03:47:01.414590+00:00
906b54ca-6af3-4db0-958f-87adc497d1bf,fBTC,3.1e-08,59,1,-0.005,demand,2026-08-22T03:47:01.414590+00:00
906b54ca-6af3-4db0-958f-87adc497d1bf,fBTC,2.1e-08,59,1,-0.015,demand,2026-08-22T03:47:01.414590+00:00
906b54ca-6af3-4db0-958f-87adc497d1bf,fBTC,1.11e-08,120,1,-0.4,demand,2026-08-22T03:47:01.414590+00:00
906b54ca-6af3-4db0-958f-87adc497d1bf,fBTC,1.1e-08,120,1,-0.1826823,demand,2026-08-22T03:47:01.414590+00:00
906b54ca-6af3-4db0-958f-87adc497d1bf,fBTC,1.1e-08,59,1,-0.015,demand,2026-08-22T03:47:01.414590+00:00
906b54ca-6af3-4db0-958f-87adc497d1bf,fBTC,1e-08,10,1,-0.2,demand,2026-08-22T03:47:01.414590+00:00
906b54ca-6af3-4db0-958f-87adc497d1bf,fBTC,2.94365232e-08,2,1,1.0166303,offer,2026-08-22T03:47:01.414590+00:00
906b54ca-6af3-4db0-958f-87adc497d1bf,fBTC,3e-08,2,12,99.00399077,offer,2026-08-22T03:47:01.414590+00:00
906b54ca-6af3-4db0-958f-87adc497d1bf,fBTC,3e-08,5,3,1.44000545,offer,2026-08-22T03:47:01.414590+00:00
906b54ca-6af3-4db0-958f-87adc497d1bf,fBTC,3e-08,15,1,0.56330642,offer,2026-08-22T03:47:01.414590+00:00
906b54ca-6af3-4db0-958f-87adc497d1bf,fBTC,3e-08,14,1,0.04849508,offer,2026-08-22T03:47:01.414590+00:00
906b54ca-6af3-4db0-958f-87adc497d1bf,fBTC,3.008194e-08,2,34,0.17895748,offer,2026-08-22T03:47:01.414590+00:00
906b54ca-6af3-4db0-958f-87adc497d1bf,fBTC,3.0136986301369865e-08,120,57,235.98431327,offer,2026-08-22T03:47:01.414590+00:00
906b54ca-6af3-4db0-958f-87adc497d1bf,fBTC,3.0136986301369865e-08,30,96,341.34650643,offer,2026-08-22T03:47:01.414590+00:00
906b54ca-6af3-4db0-958f-87adc497d1bf,fBTC,3.0136986301369865e-08,15,11,3.51803817,offer,2026-08-22T03:47:01.414590+00:00
906b54ca-6af3-4db0-958f-87adc497d1bf,fBTC,3.0136986301369865e-08,2,204,218.56464045,offer,2026-08-22T03:47:01.414590+00:00
906b54ca-6af3-4db0-958f-87adc497d1bf,fBTC,3.0136986301369865e-08,5,11,0.24233105,offer,2026-08-22T03:47:01.414590+00:00
906b54ca-6af3-4db0-958f-87adc497d1bf,fBTC,3.0136986301369865e-08,60,8,6.15125724,offer,2026-08-22T03:47:01.414590+00:00
906b54ca-6af3-4db0-958f-87adc497d1bf,fBTC,3.0136986301369865e-08,12,2,1.85580208,offer,2026-08-22T03:47:01.414590+00:00
906b54ca-6af3-4db0-958f-87adc497d1bf,fBTC,3.0136986301369865e-08,7,10,7.37955224,offer,2026-08-22T03:47:01.414590+00:00
906b54ca-6af3-4db0-958f-87adc497d1bf,fBTC,3.0136986301369865e-08,10,8,1.78637215,offer,2026-08-22T03:47:01.414590+00:00
906b54ca-6af3-4db0-958f-87adc497d1bf,fBTC,3.0136986301369865e-08,4,4,0.36477312,offer,2026-08-22T03:47:01.414590+00:00
906b54ca-6af3-4db0-958f-87adc497d1bf,fBTC,3.0136986301369865e-08,14,6,14.01893143,offer,2026-08-22T03:47:01.414590+00:00
906b54ca-6af3-4db0-958f-87adc497d1bf,fBTC,3.0136986301369865e-08,20,5,5.95732358,offer,2026-08-22T03:47:01.414590+00:00
906b54ca-6af3-4db0-958f-87adc497d1bf,fBTC,3.0136986301369865e-08,6,1,0.13857429,offer,2026-08-22T03:47:01.414590+00:00
906b54ca-6af3-4db0-958f-87adc497d1bf,fBTC,3.0136986301369865e-08,3,3,1.20190701,offer,2026-08-22T03:47:01.414590+00:00
906b54ca-6af3-4db0-958f-87adc497d1bf,fBTC,3.0136986301369865e-08,21,2,0.29881947,offer,2026-08-22T03:47:01.414590+00:00
906b54ca-6af3-4db0-958f-87adc497d1bf,fBTC,3.0136986301369865e-08,38,1,0.00451216,offer,2026-08-22T03:47:01.414590+00:00
906b54ca-6af3-4db0-958f-87adc497d1bf,fBTC,3.05e-08,2,1,100.0,offer,2026-08-22T03:47:01.414590+00:00
906b54ca-6af3-4db0-958f-87adc497d1bf,fBTC,3.09e-08,30,1,0.86124864,offer,2026-08-22T03:47:01.414590+00:00
906b54ca-6af3-4db0-958f-87adc497d1bf,fBTC,3.09e-08,2,1,0.14519,offer,2026-08-22T03:47:01.414590+00:00
e20a41a6-7102-4344-9428-245ca135f054,fBTC,3.11e-08,120,1,-0.4,demand,2026-08-22T04:47:01.347304+00:00
e20a41a6-7102-4344-9428-245ca135f054,fBTC,3.1e-08,59,1,-0.005,demand,2026-08-22T04:47:01.347304+00:00
e20a41a6-7102-4344-9428-245ca135f054,fBTC,2.1e-08,59,1,-0.015,demand,2026-08-22T04:47:01.347304+00:00
e20a41a6-7102-4344-9428-245ca135f054,fBTC,1.11e-08,120,1,-0.4,demand,2026-08-22T04:47:01.347304+00:00
e20a41a6-7102-4344-9428-245ca135f054,fBTC,1.1e-08,120,1,-0.1826823,demand,2026-08-22T04:47:01.347304+00:00
e20a41a6-7102-4344-9428-245ca135f054,fBTC,1.1e-08,59,1,-0.015,demand,2026-08-22T04:47:01.347304+00:00
e20a41a6-7102-4344-9428-245ca135f054,fBTC,1e-08,10,1,-0.2,demand,2026-08-22T04:47:01.347304+00:00
e20a41a6-7102-4344-9428-245ca135f054,fBTC,2.89662912e-08,2,1,0.30048223,offer,2026-08-22T04:47:01.347304+00:00
e20a41a6-7102-4344-9428-245ca135f054,fBTC,2.95e-08,2,1,0.64618552,offer,2026-08-22T04:47:01.347304+00:00
e20a41a6-7102-4344-9428-245ca135f054,fBTC,3e-08,2,12,98.38468254,offer,2026-08-22T04:47:01.347304+00:00
e20a41a6-7102-4344-9428-245ca135f054,fBTC,3e-08,5,3,1.44000545,offer,2026-08-22T04:47:01.347304+00:00
e20a41a6-7102-4344-9428-245ca135f054,fBTC,3e-08,15,1,0.56330642,offer,2026-08-22T04:47:01.347304+00:00
e20a41a6-7102-4344-9428-245ca135f054,fBTC,3e-08,14,1,0.04849508,offer,2026-08-22T04:47:01.347304+00:00
e20a41a6-7102-4344-9428-245ca135f054,fBTC,3.008194e-08,2,34,0.1789547,offer,2026-08-22T04:47:01.347304+00:00
e20a41a6-7102-4344-9428-245ca135f054,fBTC,3.0136986301369865e-08,120,57,235.98431327,offer,2026-08-22T04:47:01.347304+00:00
e20a41a6-7102-4344-9428-245ca135f054,fBTC,3.0136986301369865e-08,30,96,341.34650643,offer,2026-08-22T04:47:01.347304+00:00
e20a41a6-7102-4344-9428-245ca135f054,fBTC,3.0136986301369865e-08,15,11,3.51803817,offer,2026-08-22T04:47:01.347304+00:00
e20a41a6-7102-4344-9428-245ca135f054,fBTC,3.0136986301369865e-08,2,204,218.56464045,offer,2026-08-22T04:47:01.347304+00:00
e20a41a6-7102-4344-9428-245ca135f054,fBTC,3.0136986301369865e-08,5,11,0.24233105,offer,2026-08-22T04:47:01.347304+00:00
e20a41a6-7102-4344-9428-245ca135f054,fBTC,3.0136986301369865e-08,60,8,6.15125724,offer,2026-08-22T04:47:01.347304+00:00
e20a41a6-7102-4344-9428-245ca135f054,fBTC,3.0136986301369865e-08,12,2,1.85580208,offer,2026-08-22T04:47:01.347304+00:00
e20a41a6-7102-4344-9428-245ca135f054,fBTC,3.0136986301369865e-08,7,10,7.37955224,offer,2026-08-22T04:47:01.347304+00:00
e20a41a6-7102-4344-9428-245ca135f054,fBTC,3.0136986301369865e-08,10,8,1.78637215,offer,2026-08-22T04:47:01.347304+00:00
e20a41a6-7102-4344-9428-245ca135f054,fBTC,3.0136986301369865e-08,4,4,0.36477312,offer,2026-08-22T04:47:01.347304+00:00
e20a41a6-7102-4344-9428-245ca135f054,fBTC,3.0136986301369865e-08,14,6,14.01893143,offer,2026-08-22T04:47:01.347304+00:00
e20a41a6-7102-4344-9428-245ca135f054,fBTC,3.0136986301369865e-08,20,5,5.95732358,offer,2026-08-22T04:47:01.347304+00:00
e20a41a6-7102-4344-9428-245ca135f054,fBTC,3.0136986301369865e-08,6,1,0.13857429,offer,2026-08-22T04:47:01.347304+00:00
e20a41a6-7102-4344-9428-245ca135f054,fBTC,3.0136986301369865e-08,3,3,1.20190701,offer,2026-08-22T04:47:01.347304+00:00
e20a41a6-7102-4344-9428-245ca135f054,fBTC,3.0136986301369865e-08,21,2,0.29881947,offer,2026-08-22T04:47:01.347304+00:00
e20a41a6-7102-4344-9428-245ca135f054,fBTC,3.0136986301369865e-08,38,1,0.00451216,offer,2026-08-22T04:47:01.347304+00:00
e20a41a6-7102-4344-9428-245ca135f054,fBTC,3.05e-08,2,1,100.0,offer,2026-08-22T04:47:01.347304+00:00
e20a41a6-7102-4344-9428-245ca135f054,fBTC,3.09e-08,30,1,0.86124864,offer,2026-08-22T04:47:01.347304+00:00
0f5b6079-6604-4031-8b5b-f115e2e0bed1,fBTC,3.11e-08,120,1,-0.4,demand,2026-08-22T05:47:01.414830+00:00
0f5b6079-6604-4031-8b5b-f115e2e0bed1,fBTC,3.1e-08,59,1,-0.005,demand,2026-08-22T05:47:01.414830+00:00
0f5b6079-6604-4031-8b5b-f115e2e0bed1,fBTC,2.1e-08,59,1,-0.015,demand,2026-08-22T05:47:01.414830+00:00
0f5b6079-6604-4031-8b5b-f115e2e0bed1,fBTC,1.11e-08,120,1,-0.4,demand,2026-08-22T05:47:01.414830+00:00
0f5b6079-6604-4031-8b5b-f115e2e0bed1,fBTC,1.1e-08,120,1,-0.1826823,demand,2026-08-22T05:47:01.414830+00:00
0f5b6079-6604-4031-8b5b-f115e2e0bed1,fBTC,1.1e-08,59,1,-0.015,demand,2026-08-22T05:47:01.414830+00:00
0f5b6079-6604-4031-8b5b-f115e2e0bed1,fBTC,1e-08,10,1,-0.2,demand,2026-08-22T05:47:01.414830+00:00
0f5b6079-6604-4031-8b5b-f115e2e0bed1,fBTC,2e-08,2,1,0.0205642,offer,2026-08-22T05:47:01.414830+00:00
0f5b6079-6604-4031-8b5b-f115e2e0bed1,fBTC,2.93424768e-08,2,1,0.2788104,offer,2026-08-22T05:47:01.414830+00:00
0f5b6079-6604-4031-8b5b-f115e2e0bed1,fBTC,3e-08,2,12,86.15972578,offer,2026-08-22T05:47:01.414830+00:00
0f5b6079-6604-4031-8b5b-f115e2e0bed1,fBTC,3e-08,5,3,1.44000545,offer,2026-08-22T05:47:01.414830+00:00
0f5b6079-6604-4031-8b5b-f115e2e0bed1,fBTC,3e-08,15,1,0.56330642,offer,2026-08-22T05:47:01.414830+00:00
0f5b6079-6604-4031-8b5b-f115e2e0bed1,fBTC,3e-08,14,1,0.04849508,offer,2026-08-22T05:47:01.414830+00:00
0f5b6079-6604-4031-8b5b-f115e2e0bed1,fBTC,3.008194e-08,2,33,0.17899651,offer,2026-08-22T05:47:01.414830+00:00
0f5b6079-6604-4031-8b5b-f115e2e0bed1,fBTC,3.0136986301369865e-08,120,57,235.98431327,offer,2026-08-22T05:47:01.414830+00:00
0f5b6079-6604-4031-8b5b-f115e2e0bed1,fBTC,3.0136986301369865e-08,30,96,341.34650643,offer,2026-08-22T05:47:01.414830+00:00
0f5b6079-6604-4031-8b5b-f115e2e0bed1,fBTC,3.0136986301369865e-08,15,11,3.51803817,offer,2026-08-22T05:47:01.414830+00:00
0f5b6079-6604-4031-8b5b-f115e2e0bed1,fBTC,3.0136986301369865e-08,2,203,218.53038756,offer,2026-08-22T05:47:01.414830+00:00
0f5b6079-6604-4031-8b5b-f115e2e0bed1,fBTC,3.0136986301369865e-08,5,11,0.24233105,offer,2026-08-22T05:47:01.414830+00:00
0f5b6079-6604-4031-8b5b-f115e2e0bed1,fBTC,3.0136986301369865e-08,60,8,6.15125724,offer,2026-08-22T05:47:01.414830+00:00
0f5b6079-6604-4031-8b5b-f115e2e0bed1,fBTC,3.0136986301369865e-08,12,2,1.85580208,offer,2026-08-22T05:47:01.414830+00:00
0f5b6079-6604-4031-8b5b-f115e2e0bed1,fBTC,3.0136986301369865e-08,7,10,7.37955224,offer,2026-08-22T05:47:01.414830+00:00
0f5b6079-6604-4031-8b5b-f115e2e0bed1,fBTC,3.0136986301369865e-08,10,8,1.78637215,offer,2026-08-22T05:47:01.414830+00:00
0f5b6079-6604-4031-8b5b-f115e2e0bed1,fBTC,3.0136986301369865e-08,4,4,0.36477312,offer,2026-08-22T05:47:01.414830+00:00
0f5b6079-6604-4031-8b5b-f115e2e0bed1,fBTC,3.0136986301369865e-08,14,6,14.01893143,offer,2026-08-22T05:47:01.414830+00:00
0f5b6079-6604-4031-8b5b-f115e2e0bed1,fBTC,3.0136986301369865e-08,20,5,5.95732358,offer,2026-08-22T05:47:01.414830+00:00
0f5b6079-6604-4031-8b5b-f115e2e0bed1,fBTC,3.0136986301369865e-08,6,1,0.13857429,offer,2026-08-22T05:47:01.414830+00:00
0f5b6079-6604-4031-8b5b-f115e2e0bed1,fBTC,3.0136986301369865e-08,3,3,1.20190701,offer,2026-08-22T05:47:01.414830+00:00
0f5b6079-6604-4031-8b5b-f115e2e0bed1,fBTC,3.0136986301369865e-08,21,2,0.29881947,offer,2026-08-22T05:47:01.414830+00:00
0f5b6079-6604-4031-8b5b-f115e2e0bed1,fBTC,3.0136986301369865e-08,38,1,0.00451216,offer,2026-08-22T05:47:01.414830+00:00
0f5b6079-6604-4031-8b5b-f115e2e0bed1,fBTC,3.05e-08,2,1,100.0,offer,2026-08-22T05:47:01.414830+00:00
0f5b6079-6604-4031-8b5b-f115e2e0bed1,fBTC,3.09e-08,30,1,0.86124864,offer,2026-08-22T05:47:01.414830+00:00
28a323fc-effb-4a02-8e67-10cd3b03317a,fBTC,3.11e-08,120,1,-0.4,demand,2026-08-22T06:47:01.649594+00:00
28a323fc-effb-4a02-8e67-10cd3b03317a,fBTC,3.1e-08,59,1,-0.005,demand,2026-08-22T06:47:01.649594+00:00
28a323fc-effb-4a02-8e67-10cd3b03317a,fBTC,2.1e-08,59,1,-0.015,demand,2026-08-22T06:47:01.649594+00:00
28a323fc-effb-4a02-8e67-10cd3b03317a,fBTC,1.11e-08,120,1,-0.4,demand,2026-08-22T06:47:01.649594+00:00
28a323fc-effb-4a02-8e67-10cd3b03317a,fBTC,1.1e-08,120,1,-0.1826823,demand,2026-08-22T06:47:01.649594+00:00
28a323fc-effb-4a02-8e67-10cd3b03317a,fBTC,1.1e-08,59,1,-0.015,demand,2026-08-22T06:47:01.649594+00:00
28a323fc-effb-4a02-8e67-10cd3b03317a,fBTC,1e-08,10,1,-0.2,demand,2026-08-22T06:47:01.649594+00:00
28a323fc-effb-4a02-8e67-10cd3b03317a,fBTC,2e-08,10,1,13.08830899,offer,2026-08-22T06:47:01.649594+00:00
28a323fc-effb-4a02-8e67-10cd3b03317a,fBTC,2e-08,2,1,0.03403467,offer,2026-08-22T06:47:01.649594+00:00
28a323fc-effb-4a02-8e67-10cd3b03317a,fBTC,2.109589041096e-08,2,1,0.00280992,offer,2026-08-22T06:47:01.649594+00:00
28a323fc-effb-4a02-8e67-10cd3b03317a,fBTC,2.5e-08,2,1,0.00901358,offer,2026-08-22T06:47:01.649594+00:00
28a323fc-effb-4a02-8e67-10cd3b03317a,fBTC,2.89662912e-08,2,1,0.116233,offer,2026-08-22T06:47:01.649594+00:00
28a323fc-effb-4a02-8e67-10cd3b03317a,fBTC,3e-08,2,12,84.7771403,offer,2026-08-22T06:47:01.649594+00:00
28a323fc-effb-4a02-8e67-10cd3b03317a,fBTC,3e-08,5,3,1.44000545,offer,2026-08-22T06:47:01.649594+00:00
28a323fc-effb-4a02-8e67-10cd3b03317a,fBTC,3e-08,15,1,0.56330642,offer,2026-08-22T06:47:01.649594+00:00
28a323fc-effb-4a02-8e67-10cd3b03317a,fBTC,3e-08,14,1,0.04849508,offer,2026-08-22T06:47:01.649594+00:00
28a323fc-effb-4a02-8e67-10cd3b03317a,fBTC,3e-08,7,1,0.02486429,offer,2026-08-22T06:47:01.649594+00:00
28a323fc-effb-4a02-8e67-10cd3b03317a,fBTC,3.008194e-08,2,33,0.17898693,offer,2026-08-22T06:47:01.649594+00:00
28a323fc-effb-4a02-8e67-10cd3b03317a,fBTC,3.0136986301369865e-08,120,57,235.98431327,offer,2026-08-22T06:47:01.649594+00:00
28a323fc-effb-4a02-8e67-10cd3b03317a,fBTC,3.0136986301369865e-08,30,96,341.34650643,offer,2026-08-22T06:47:01.649594+00:00
28a323fc-effb-4a02-8e67-10cd3b03317a,fBTC,3.0136986301369865e-08,15,11,3.51803817,offer,2026-08-22T06:47:01.649594+00:00
28a323fc-effb-4a02-8e67-10cd3b03317a,fBTC,3.0136986301369865e-08,2,204,218.57998429,offer,2026-08-22T06:47:01.649594+00:00
28a323fc-effb-4a02-8e67-10cd3b03317a,fBTC,3.0136986301369865e-08,5,11,0.24233105,offer,2026-08-22T06:47:01.649594+00:00
28a323fc-effb-4a02-8e67-10cd3b03317a,fBTC,3.0136986301369865e-08,60,8,6.15125724,offer,2026-08-22T06:47:01.649594+00:00
28a323fc-effb-4a02-8e67-10cd3b03317a,fBTC,3.0136986301369865e-08,12,2,1.85580208,offer,2026-08-22T06:47:01.649594+00:00
28a323fc-effb-4a02-8e67-10cd3b03317a,fBTC,3.0136986301369865e-08,7,10,7.37955224,offer,2026-08-22T06:47:01.649594+00:00
28a323fc-effb-4a02-8e67-10cd3b03317a,fBTC,3.0136986301369865e-08,10,8,1.78637215,offer,2026-08-22T06:47:01.649594+00:00
28a323fc-effb-4a02-8e67-10cd3b03317a,fBTC,3.0136986301369865e-08,4,4,0.36477312,offer,2026-08-22T06:47:01.649594+00:00
28a323fc-effb-4a02-8e67-10cd3b03317a,fBTC,3.0136986301369865e-08,14,6,14.01893143,offer,2026-08-22T06:47:01.649594+00:00
28a323fc-effb-4a02-8e67-10cd3b03317a,fBTC,3.0136986301369865e-08,20,5,5.95732358,offer,2026-08-22T06:47:01.649594+00:00
28a323fc-effb-4a02-8e67-10cd3b03317a,fBTC,3.0136986301369865e-08,6,1,0.13857429,offer,2026-08-22T06:47:01.649594+00:00
28a323fc-effb-4a02-8e67-10cd3b03317a,fBTC,3.0136986301369865e-08,3,3,1.20190701,offer,2026-08-22T06:47:01.649594+00:00
35f7cb84-a911-4cec-b53b-72f21e021d36,fBTC,3.11e-08,120,1,-0.4,demand,2026-08-22T07:47:01.499886+00:00
35f7cb84-a911-4cec-b53b-72f21e021d36,fBTC,3.1e-08,59,1,-0.005,demand,2026-08-22T07:47:01.499886+00:00
35f7cb84-a911-4cec-b53b-72f21e021d36,fBTC,2.1e-08,59,1,-0.015,demand,2026-08-22T07:47:01.499886+00:00
35f7cb84-a911-4cec-b53b-72f21e021d36,fBTC,1.11e-08,120,1,-0.4,demand,2026-08-22T07:47:01.499886+00:00
35f7cb84-a911-4cec-b53b-72f21e021d36,fBTC,1.1e-08,120,1,-0.1826823,demand,2026-08-22T07:47:01.499886+00:00
35f7cb84-a911-4cec-b53b-72f21e021d36,fBTC,1.1e-08,59,1,-0.015,demand,2026-08-22T07:47:01.499886+00:00
35f7cb84-a911-4cec-b53b-72f21e021d36,fBTC,1e-08,10,1,-0.2,demand,2026-08-22T07:47:01.499886+00:00
35f7cb84-a911-4cec-b53b-72f21e021d36,fBTC,2e-08,10,1,7.43695172,offer,2026-08-22T07:47:01.499886+00:00
35f7cb84-a911-4cec-b53b-72f21e021d36,fBTC,2e-08,2,1,0.35645195,offer,2026-08-22T07:47:01.499886+00:00
35f7cb84-a911-4cec-b53b-72f21e021d36,fBTC,2.109589041096e-08,2,1,0.00280992,offer,2026-08-22T07:47:01.499886+00:00
35f7cb84-a911-4cec-b53b-72f21e021d36,fBTC,2.5e-08,2,1,0.00901358,offer,2026-08-22T07:47:01.499886+00:00
35f7cb84-a911-4cec-b53b-72f21e021d36,fBTC,2.88722448e-08,2,1,0.30709,offer,2026-08-22T07:47:01.499886+00:00
35f7cb84-a911-4cec-b53b-72f21e021d36,fBTC,3e-08,2,12,84.7771403,offer,2026-08-22T07:47:01.499886+00:00
35f7cb84-a911-4cec-b53b-72f21e021d36,fBTC,3e-08,5,3,1.44000545,offer,2026-08-22T07:47:01.499886+00:00
35f7cb84-a911-4cec-b53b-72f21e021d36,fBTC,3e-08,15,1,0.56330642,offer,2026-08-22T07:47:01.499886+00:00
35f7cb84-a911-4cec-b53b-72f21e021d36,fBTC,3e-08,14,1,0.04849508,offer,2026-08-22T07:47:01.499886+00:00
35f7cb84-a911-4cec-b53b-72f21e021d36,fBTC,3e-08,7,1,0.02486429,offer,2026-08-22T07:47:01.499886+00:00
35f7cb84-a911-4cec-b53b-72f21e021d36,fBTC,3.008194e-08,2,33,0.17898764,offer,2026-08-22T07:47:01.499886+00:00
35f7cb84-a911-4cec-b53b-72f21e021d36,fBTC,3.0136986301369865e-08,120,57,235.98431327,offer,2026-08-22T07:47:01.499886+00:00
35f7cb84-a911-4cec-b53b-72f21e021d36,fBTC,3.0136986301369865e-08,30,96,341.34650643,offer,2026-08-22T07:47:01.499886+00:00
35f7cb84-a911-4cec-b53b-72f21e021d36,fBTC,3.0136986301369865e-08,15,11,3.51803817,offer,2026-08-22T07:47:01.499886+00:00
35f7cb84-a911-4cec-b53b-72f21e021d36,fBTC,3.0136986301369865e-08,2,204,218.57998429,offer,2026-08-22T07:47:01.499886+00:00
35f7cb84-a911-4cec-b53b-72f21e021d36,fBTC,3.0136986301369865e-08,5,11,0.24233105,offer,2026-08-22T07:47:01.499886+00:00
35f7cb84-a911-4cec-b53b-72f21e021d36,fBTC,3.0136986301369865e-08,60,8,6.15125724,offer,2026-08-22T07:47:01.499886+00:00
35f7cb84-a911-4cec-b53b-72f21e021d36,fBTC,3.0136986301369865e-08,12,2,1.85580208,offer,2026-08-22T07:47:01.499886+00:00
35f7cb84-a911-4cec-b53b-72f21e021d36,fBTC,3.0136986301369865e-08,7,10,7.37955224,offer,2026-08-22T07:47:01.499886+00:00
35f7cb84-a911-4cec-b53b-72f21e021d36,fBTC,3.0136986301369865e-08,10,8,1.78637215,offer,2026-08-22T07:47:01.499886+00:00
35f7cb84-a911-4cec-b53b-72f21e021d36,fBTC,3.0136986301369865e-08,4,4,0.36477312,offer,2026-08-22T07:47:01.499886+00:00
35f7cb84-a911-4cec-b53b-72f21e021d36,fBTC,3.0136986301369865e-08,14,6,14.01893143,offer,2026-08-22T07:47:01.499886+00:00
35f7cb84-a911-4cec-b53b-72f21e021d36,fBTC,3.0136986301369865e-08,20,5,5.95732358,offer,2026-08-22T07:47:01.499886+00:00
35f7cb84-a911-4cec-b53b-72f21e021d36,fBTC,3.0136986301369865e-08,6,1,0.13857429,offer,2026-08-22T07:47:01.499886+00:00
35f7cb84-a911-4cec-b53b-72f21e021d36,fBTC,3.0136986301369865e-08,3,3,1.20190701,offer,2026-08-22T07:47:01.499886+00:00
31855e96-8d3f-4cc7-a134-e23ac85d567a,fBTC,3.11e-08,120,1,-0.4,demand,2026-08-22T08:47:01.545111+00:00
31855e96-8d3f-4cc7-a134-e23ac85d567a,fBTC,3.1e-08,59,1,-0.005,demand,2026-08-22T08:47:01.545111+00:00
31855e96-8d3f-4cc7-a134-e23ac85d567a,fBTC,2.1e-08,59,1,-0.015,demand,2026-08-22T08:47:01.545111+00:00
31855e96-8d3f-4cc7-a134-e23ac85d567a,fBTC,1.11e-08,120,1,-0.4,demand,2026-08-22T08:47:01.545111+00:00
31855e96-8d3f-4cc7-a134-e23ac85d567a,fBTC,1.1e-08,120,1,-0.1826823,demand,2026-08-22T08:47:01.545111+00:00
31855e96-8d3f-4cc7-a134-e23ac85d567a,fBTC,1.1e-08,59,1,-0.015,demand,2026-08-22T08:47:01.545111+00:00
31855e96-8d3f-4cc7-a134-e23ac85d567a,fBTC,1e-08,10,1,-0.2,demand,2026-08-22T08:47:01.545111+00:00
31855e96-8d3f-4cc7-a134-e23ac85d567a,fBTC,2.99e-08,2,1,0.00280992,offer,2026-08-22T08:47:01.545111+00:00
31855e96-8d3f-4cc7-a134-e23ac85d567a,fBTC,3e-08,2,14,78.88267294,offer,2026-08-22T08:47:01.545111+00:00
31855e96-8d3f-4cc7-a134-e23ac85d567a,fBTC,3e-08,5,3,1.44000545,offer,2026-08-22T08:47:01.545111+00:00
31855e96-8d3f-4cc7-a134-e23ac85d567a,fBTC,3e-08,15,1,0.56330642,offer,2026-08-22T08:47:01.545111+00:00
31855e96-8d3f-4cc7-a134-e23ac85d567a,fBTC,3e-08,14,1,0.04849508,offer,2026-08-22T08:47:01.545111+00:00
31855e96-8d3f-4cc7-a134-e23ac85d567a,fBTC,3e-08,7,2,0.25986429,offer,2026-08-22T08:47:01.545111+00:00
31855e96-8d3f-4cc7-a134-e23ac85d567a,fBTC,3.008194e-08,2,33,0.17899008,offer,2026-08-22T08:47:01.545111+00:00
31855e96-8d3f-4cc7-a134-e23ac85d567a,fBTC,3.0136986301369865e-08,120,57,235.98431327,offer,2026-08-22T08:47:01.545111+00:00
31855e96-8d3f-4cc7-a134-e23ac85d567a,fBTC,3.0136986301369865e-08,30,96,341.34650643,offer,2026-08-22T08:47:01.545111+00:00
31855e96-8d3f-4cc7-a134-e23ac85d567a,fBTC,3.0136986301369865e-08,15,11,3.51803817,offer,2026-08-22T08:47:01.545111+00:00
31855e96-8d3f-4cc7-a134-e23ac85d567a,fBTC,3.0136986301369865e-08,2,204,218.57998429,offer,2026-08-22T08:47:01.545111+00:00
31855e96-8d3f-4cc7-a134-e23ac85d567a,fBTC,3.0136986301369865e-08,5,11,0.24233105,offer,2026-08-22T08:47:01.545111+00:00
31855e96-8d3f-4cc7-a134-e23ac85d567a,fBTC,3.0136986301369865e-08,60,8,6.15125724,offer,2026-08-22T08:47:01.545111+00:00
31855e96-8d3f-4cc7-a134-e23ac85d567a,fBTC,3.0136986301369865e-08,12,2,1.85580208,offer,2026-08-22T08:47:01.545111+00:00
31855e96-8d3f-4cc7-a134-e23ac85d567a,fBTC,3.0136986301369865e-08,7,10,7.37955224,offer,2026-08-22T08:47:01.545111+00:00
31855e96-8d3f-4cc7-a134-e23ac85d567a,fBTC,3.0136986301369865e-08,10,8,1.78637215,offer,2026-08-22T08:47:01.545111+00:00
31855e96-8d3f-4cc7-a134-e23ac85d567a,fBTC,3.0136986301369865e-08,4,4,0.36477312,offer,2026-08-22T08:47:01.545111+00:00
31855e96-8d3f-4cc7-a134-e23ac85d567a,fBTC,3.0136986301369865e-08,14,6,14.01893143,offer,2026-08-22T08:47:01.545111+00:00
31855e96-8d3f-4cc7-a134-e23ac85d567a,fBTC,3.0136986301369865e-08,20,5,5.95732358,offer,2026-08-22T08:47:01.545111+00:00
31855e96-8d3f-4cc7-a134-e23ac85d567a,fBTC,3.0136986301369865e-08,6,1,0.13857429,offer,2026-08-22T08:47:01.545111+00:00
31855e96-8d3f-4cc7-a134-e23ac85d567a,fBTC,3.0136986301369865e-08,3,3,1.20190701,offer,2026-08-22T08:47:01.545111+00:00
31855e96-8d3f-4cc7-a134-e23ac85d567a,fBTC,3.0136986301369865e-08,21,2,0.29881947,offer,2026-08-22T08:47:01.545111+00:00
31855e96-8d3f-4cc7-a134-e23ac85d567a,fBTC,3.0136986301369865e-08,38,1,0.00451216,offer,2026-08-22T08:47:01.545111+00:00
31855e96-8d3f-4cc7-a134-e23ac85d567a,fBTC,3.05e-08,2,1,100.0,offer,2026-08-22T08:47:01.545111+00:00
31855e96-8d3f-4cc7-a134-e23ac85d567a,fBTC,3.09e-08,30,1,0.86124864,offer,2026-08-22T08:47:01.545111+00:00
d13f55fb-708f-4a93-8710-7cfe064c6a23,fBTC,3.11e-08,120,1,-0.4,demand,2026-08-22T09:47:01.613800+00:00
d13f55fb-708f-4a93-8710-7cfe064c6a23,fBTC,3.1e-08,59,1,-0.005,demand,2026-08-22T09:47:01.613800+00:00
d13f55fb-708f-4a93-8710-7cfe064c6a23,fBTC,2.1e-08,59,1,-0.015,demand,2026-08-22T09:47:01.613800+00:00
d13f55fb-708f-4a93-8710-7cfe064c6a23,fBTC,1.11e-08,120,1,-0.4,demand,2026-08-22T09:47:01.613800+00:00
d13f55fb-708f-4a93-8710-7cfe064c6a23,fBTC,1.1e-08,120,1,-0.1826823,demand,2026-08-22T09:47:01.613800+00:00
d13f55fb-708f-4a93-8710-7cfe064c6a23,fBTC,1.1e-08,59,1,-0.015,demand,2026-08-22T09:47:01.613800+00:00
d13f55fb-708f-4a93-8710-7cfe064c6a23,fBTC,1e-08,10,1,-0.2,demand,2026-08-22T09:47:01.613800+00:00
d13f55fb-708f-4a93-8710-7cfe064c6a23,fBTC,2.5e-08,2,1,0.0602476,offer,2026-08-22T09:47:01.613800+00:00
d13f55fb-708f-4a93-8710-7cfe064c6a23,fBTC,2.92484304e-08,2,1,0.005,offer,2026-08-22T09:47:01.613800+00:00
d13f55fb-708f-4a93-8710-7cfe064c6a23,fBTC,2.98e-08,2,1,0.13423122,offer,2026-08-22T09:47:01.613800+00:00
d13f55fb-708f-4a93-8710-7cfe064c6a23,fBTC,2.99e-08,2,1,0.00115197,offer,2026-08-22T09:47:01.613800+00:00
d13f55fb-708f-4a93-8710-7cfe064c6a23,fBTC,3e-08,2,14,78.88267294,offer,2026-08-22T09:47:01.613800+00:00
d13f55fb-708f-4a93-8710-7cfe064c6a23,fBTC,3e-08,5,3,1.44000545,offer,2026-08-22T09:47:01.613800+00:00
d13f55fb-708f-4a93-8710-7cfe064c6a23,fBTC,3e-08,15,1,0.56330642,offer,2026-08-22T09:47:01.613800+00:00
d13f55fb-708f-4a93-8710-7cfe064c6a23,fBTC,3e-08,14,1,0.04849508,offer,2026-08-22T09:47:01.613800+00:00
d13f55fb-708f-4a93-8710-7cfe064c6a23,fBTC,3e-08,7,2,0.25986429,offer,2026-08-22T09:47:01.613800+00:00
d13f55fb-708f-4a93-8710-7cfe064c6a23,fBTC,3.008194e-08,2,33,0.17899264,offer,2026-08-22T09:47:01.613800+00:00
d13f55fb-708f-4a93-8710-7cfe064c6a23,fBTC,3.0136986301369865e-08,120,57,235.98431327,offer,2026-08-22T09:47:01.613800+00:00
d13f55fb-708f-4a93-8710-7cfe064c6a23,fBTC,3.0136986301369865e-08,30,96,341.34650643,offer,2026-08-22T09:47:01.613800+00:00
d13f55fb-708f-4a93-8710-7cfe064c6a23,fBTC,3.0136986301369865e-08,15,11,3.51803817,offer,2026-08-22T09:47:01.613800+00:00
d13f55fb-708f-4a93-8710-7cfe064c6a23,fBTC,3.0136986301369865e-08,2,203,218.37461661,offer,2026-08-22T09:47:01.613800+00:00
d13f55fb-708f-4a93-8710-7cfe064c6a23,fBTC,3.0136986301369865e-08,5,11,0.24233105,offer,2026-08-22T09:47:01.613800+00:00
d13f55fb-708f-4a93-8710-7cfe064c6a23,fBTC,3.0136986301369865e-08,60,8,6.15125724,offer,2026-08-22T09:47:01.613800+00:00
d13f55fb-708f-4a93-8710-7cfe064c6a23,fBTC,3.0136986301369865e-08,12,2,1.85580208,offer,2026-08-22T09:47:01.613800+00:00
d13f55fb-708f-4a93-8710-7cfe064c6a23,fBTC,3.0136986301369865e-08,7,10,7.37955224,offer,2026-08-22T09:47:01.613800+00:00
d13f55fb-708f-4a93-8710-7cfe064c6a23,fBTC,3.0136986301369865e-08,10,8,1.78637215,offer,2026-08-22T09:47:01.613800+00:00
d13f55fb-708f-4a93-8710-7cfe064c6a23,fBTC,3.0136986301369865e-08,4,4,0.36477312,offer,2026-08-22T09:47:01.613800+00:00
d13f55fb-708f-4a93-8710-7cfe064c6a23,fBTC,3.0136986301369865e-08,14,6,14.01893143,offer,2026-08-22T09:47:01.613800+00:00
d13f55fb-708f-4a93-8710-7cfe064c6a23,fBTC,3.0136986301369865e-08,20,5,5.95732358,offer,2026-08-22T09:47:01.613800+00:00
d13f55fb-708f-4a93-8710-7cfe064c6a23,fBTC,3.0136986301369865e-08,6,1,0.13857429,offer,2026-08-22T09:47:01.613800+00:00
d13f55fb-708f-4a93-8710-7cfe064c6a23,fBTC,3.0136986301369865e-08,3,3,1.20190701,offer,2026-08-22T09:47:01.613800+00:00
d13f55fb-708f-4a93-8710-7cfe064c6a23,fBTC,3.0136986301369865e-08,21,2,0.29881947,offer,2026-08-22T09:47:01.613800+00:00
8bf4e6ce-945c-48df-b998-65bce9ed40e7,fBTC,3.11e-08,120,1,-0.4,demand,2026-08-22T10:47:01.491006+00:00
8bf4e6ce-945c-48df-b998-65bce9ed40e7,fBTC,3.1e-08,59,1,-0.005,demand,2026-08-22T10:47:01.491006+00:00
8bf4e6ce-945c-48df-b998-65bce9ed40e7,fBTC,2.1e-08,59,1,-0.015,demand,2026-08-22T10:47:01.491006+00:00
8bf4e6ce-945c-48df-b998-65bce9ed40e7,fBTC,1.11e-08,120,1,-0.4,demand,2026-08-22T10:47:01.491006+00:00
8bf4e6ce-945c-48df-b998-65bce9ed40e7,fBTC,1.1e-08,120,1,-0.1826823,demand,2026-08-22T10:47:01.491006+00:00
8bf4e6ce-945c-48df-b998-65bce9ed40e7,fBTC,1.1e-08,59,1,-0.015,demand,2026-08-22T10:47:01.491006+00:00
8bf4e6ce-945c-48df-b998-65bce9ed40e7,fBTC,1e-08,10,1,-0.2,demand,2026-08-22T10:47:01.491006+00:00
8bf4e6ce-945c-48df-b998-65bce9ed40e7,fBTC,2e-08,2,1,0.0478009,offer,2026-08-22T10:47:01.491006+00:00
8bf4e6ce-945c-48df-b998-65bce9ed40e7,fBTC,2.9154384e-08,2,1,0.0176038,offer,2026-08-22T10:47:01.491006+00:00
8bf4e6ce-945c-48df-b998-65bce9ed40e7,fBTC,3e-08,2,14,78.79556101,offer,2026-08-22T10:47:01.491006+00:00
8bf4e6ce-945c-48df-b998-65bce9ed40e7,fBTC,3e-08,5,3,1.44000545,offer,2026-08-22T10:47:01.491006+00:00
8bf4e6ce-945c-48df-b998-65bce9ed40e7,fBTC,3e-08,15,1,0.56330642,offer,2026-08-22T10:47:01.491006+00:00
8bf4e6ce-945c-48df-b998-65bce9ed40e7,fBTC,3e-08,14,1,0.04849508,offer,2026-08-22T10:47:01.491006+00:00
8bf4e6ce-945c-48df-b998-65bce9ed40e7,fBTC,3e-08,7,2,0.25986429,offer,2026-08-22T10:47:01.491006+00:00
8bf4e6ce-945c-48df-b998-65bce9ed40e7,fBTC,3.008194e-08,2,33,0.17899456,offer,2026-08-22T10:47:01.491006+00:00
8bf4e6ce-945c-48df-b998-65bce9ed40e7,fBTC,3.0136986301369865e-08,120,57,235.98431327,offer,2026-08-22T10:47:01.491006+00:00
8bf4e6ce-945c-48df-b998-65bce9ed40e7,fBTC,3.0136986301369865e-08,30,96,341.34650643,offer,2026-08-22T10:47:01.491006+00:00
8bf4e6ce-945c-48df-b998-65bce9ed40e7,fBTC,3.0136986301369865e-08,15,11,3.51803817,offer,2026-08-22T10:47:01.491006+00:00
8bf4e6ce-945c-48df-b998-65bce9ed40e7,fBTC,3.0136986301369865e-08,2,204,218.57998429,offer,2026-08-22T10:47:01.491006+00:00
8bf4e6ce-945c-48df-b998-65bce9ed40e7,fBTC,3.0136986301369865e-08,5,11,0.24233105,offer,2026-08-22T10:47:01.491006+00:00
8bf4e6ce-945c-48df-b998-65bce9ed40e7,fBTC,3.0136986301369865e-08,60,8,6.15125724,offer,2026-08-22T10:47:01.491006+00:00
8bf4e6ce-945c-48df-b998-65bce9ed40e7,fBTC,3.0136986301369865e-08,12,2,1.85580208,offer,2026-08-22T10:47:01.491006+00:00
8bf4e6ce-945c-48df-b998-65bce9ed40e7,fBTC,3.0136986301369865e-08,7,10,7.37955224,offer,2026-08-22T10:47:01.491006+00:00
8bf4e6ce-945c-48df-b998-65bce9ed40e7,fBTC,3.0136986301369865e-08,10,8,1.78637215,offer,2026-08-22T10:47:01.491006+00:00
8bf4e6ce-945c-48df-b998-65bce9ed40e7,fBTC,3.0136986301369865e-08,4,4,0.36477312,offer,2026-08-22T10:47:01.491006+00:00
8bf4e6ce-945c-48df-b998-65bce9ed40e7,fBTC,3.0136986301369865e-08,14,6,14.01893143,offer,2026-08-22T10:47:01.491006+00:00
8bf4e6ce-945c-48df-b998-65bce9ed40e7,fBTC,3.0136986301369865e-08,20,5,5.95732358,offer,2026-08-22T10:47:01.491006+00:00
8bf4e6ce-945c-48df-b998-65bce9ed40e7,fBTC,3.0136986301369865e-08,6,1,0.13857429,offer,2026-08-22T10:47:01.491006+00:00
8bf4e6ce-945c-48df-b998-65bce9ed40e7,fBTC,3.0136986301369865e-08,3,3,1.20190701,offer,2026-08-22T10:47:01.491006+00:00
8bf4e6ce-945c-48df-b998-65bce9ed40e7,fBTC,3.0136986301369865e-08,21,2,0.29881947,offer,2026-08-22T10:47:01.491006+00:00
8bf4e6ce-945c-48df-b998-65bce9ed40e7,fBTC,3.0136986301369865e-08,38,1,0.00451216,offer,2026-08-22T10:47:01.491006+00:00
8bf4e6ce-945c-48df-b998-65bce9ed40e7,fBTC,3.05e-08,2,1,100.0,offer,2026-08-22T10:47:01.491006+00:00
d9197974-227a-4ca2-9be9-3abeba3ef608,fBTC,3.11e-08,120,1,-0.4,demand,2026-08-22T11:47:01.338450+00:00
d9197974-227a-4ca2-9be9-3abeba3ef608,fBTC,3.1e-08,59,1,-0.005,demand,2026-08-22T11:47:01.338450+00:00
d9197974-227a-4ca2-9be9-3abeba3ef608,fBTC,2.1e-08,59,1,-0.015,demand,2026-08-22T11:47:01.338450+00:00
d9197974-227a-4ca2-9be9-3abeba3ef608,fBTC,1.11e-08,120,1,-0.4,demand,2026-08-22T11:47:01.338450+00:00
d9197974-227a-4ca2-9be9-3abeba3ef608,fBTC,1.1e-08,120,1,-0.1826823,demand,2026-08-22T11:47:01.338450+00:00
d9197974-227a-4ca2-9be9-3abeba3ef608,fBTC,1.1e-08,59,1,-0.015,demand,2026-08-22T11:47:01.338450+00:00
d9197974-227a-4ca2-9be9-3abeba3ef608,fBTC,1e-08,10,1,-0.2,demand,2026-08-22T11:47:01.338450+00:00
d9197974-227a-4ca2-9be9-3abeba3ef608,fBTC,2e-08,2,1,0.03506007,offer,2026-08-22T11:47:01.338450+00:00
d9197974-227a-4ca2-9be9-3abeba3ef608,fBTC,2.87781984e-08,2,1,0.5146206,offer,2026-08-22T11:47:01.338450+00:00
d9197974-227a-4ca2-9be9-3abeba3ef608,fBTC,2.93e-08,7,1,0.02486429,offer,2026-08-22T11:47:01.338450+00:00
d9197974-227a-4ca2-9be9-3abeba3ef608,fBTC,2.95e-08,2,1,0.50206759,offer,2026-08-22T11:47:01.338450+00:00
d9197974-227a-4ca2-9be9-3abeba3ef608,fBTC,2.98e-08,2,1,0.15242493,offer,2026-08-22T11:47:01.338450+00:00
d9197974-227a-4ca2-9be9-3abeba3ef608,fBTC,3e-08,2,14,68.50902,offer,2026-08-22T11:47:01.338450+00:00
d9197974-227a-4ca2-9be9-3abeba3ef608,fBTC,3e-08,5,3,1.44000545,offer,2026-08-22T11:47:01.338450+00:00
d9197974-227a-4ca2-9be9-3abeba3ef608,fBTC,3e-08,15,1,0.56330642,offer,2026-08-22T11:47:01.338450+00:00
d9197974-227a-4ca2-9be9-3abeba3ef608,fBTC,3e-08,14,1,0.04849508,offer,2026-08-22T11:47:01.338450+00:00
d9197974-227a-4ca2-9be9-3abeba3ef608,fBTC,3e-08,7,1,0.235,offer,2026-08-22T11:47:01.338450+00:00
d9197974-227a-4ca2-9be9-3abeba3ef608,fBTC,3.008194e-08,2,33,0.1789939,offer,2026-08-22T11:47:01.338450+00:00
d9197974-227a-4ca2-9be9-3abeba3ef608,fBTC,3.0136986301369865e-08,120,57,235.98431327,offer,2026-08-22T11:47:01.338450+00:00
d9197974-227a-4ca2-9be9-3abeba3ef608,fBTC,3.0136986301369865e-08,30,96,341.34650643,offer,2026-08-22T11:47:01.338450+00:00
d9197974-227a-4ca2-9be9-3abeba3ef608,fBTC,3.0136986301369865e-08,15,11,3.51803817,offer,2026-08-22T11:47:01.338450+00:00
d9197974-227a-4ca2-9be9-3abeba3ef608,fBTC,3.0136986301369865e-08,2,204,218.57998429,offer,2026-08-22T11:47:01.338450+00:00
d9197974-227a-4ca2-9be9-3abeba3ef608,fBTC,3.0136986301369865e-08,5,11,0.24233105,offer,2026-08-22T11:47:01.338450+00:00
d9197974-227a-4ca2-9be9-3abeba3ef608,fBTC,3.0136986301369865e-08,60,8,6.15125724,offer,2026-08-22T11:47:01.338450+00:00
d9197974-227a-4ca2-9be9-3abeba3ef608,fBTC,3.0136986301369865e-08,12,2,1.85580208,offer,2026-08-22T11:47:01.338450+00:00
d9197974-227a-4ca2-9be9-3abeba3ef608,fBTC,3.0136986301369865e-08,7,10,7.37955224,offer,2026-08-22T11:47:01.338450+00:00
d9197974-227a-4ca2-9be9-3abeba3ef608,fBTC,3.0136986301369865e-08,10,8,1.78637215,offer,2026-08-22T11:47:01.338450+00:00
d9197974-227a-4ca2-9be9-3abeba3ef608,fBTC,3.0136986301369865e-08,4,4,0.36477312,offer,2026-08-22T11:47:01.338450+00:00
d9197974-227a-4ca2-9be9-3abeba3ef608,fBTC,3.0136986301369865e-08,14,6,14.01893143,offer,2026-08-22T11:47:01.338450+00:00
d9197974-227a-4ca2-9be9-3abeba3ef608,fBTC,3.0136986301369865e-08,20,5,5.95732358,offer,2026-08-22T11:47:01.338450+00:00
d9197974-227a-4ca2-9be9-3abeba3ef608,fBTC,3.0136986301369865e-08,6,1,0.13857429,offer,2026-08-22T11:47:01.338450+00:00
d9197974-227a-4ca2-9be9-3abeba3ef608,fBTC,3.0136986301369865e-08,3,3,1.20190701,offer,2026-08-22T11:47:01.338450+00:00
505ee2f2-d6c5-43fd-b723-2a376a79b262,fBTC,3.11e-08,120,1,-0.4,demand,2026-08-22T12:47:01.854566+00:00
505ee2f2-d6c5-43fd-b723-2a376a79b262,fBTC,3.1e-08,59,1,-0.005,demand,2026-08-22T12:47:01.854566+00:00
505ee2f2-d6c5-43fd-b723-2a376a79b262,fBTC,2.1e-08,59,1,-0.015,demand,2026-08-22T12:47:01.854566+00:00
505ee2f2-d6c5-43fd-b723-2a376a79b262,fBTC,1.11e-08,120,1,-0.4,demand,2026-08-22T12:47:01.854566+00:00
505ee2f2-d6c5-43fd-b723-2a376a79b262,fBTC,1.1e-08,120,1,-0.1826823,demand,2026-08-22T12:47:01.854566+00:00
505ee2f2-d6c5-43fd-b723-2a376a79b262,fBTC,1.1e-08,59,1,-0.015,demand,2026-08-22T12:47:01.854566+00:00
505ee2f2-d6c5-43fd-b723-2a376a79b262,fBTC,1e-08,10,1,-0.2,demand,2026-08-22T12:47:01.854566+00:00
505ee2f2-d6c5-43fd-b723-2a376a79b262,fBTC,2e-08,2,1,0.01813888,offer,2026-08-22T12:47:01.854566+00:00
505ee2f2-d6c5-43fd-b723-2a376a79b262,fBTC,2.89662912e-08,2,1,0.13407054,offer,2026-08-22T12:47:01.854566+00:00
505ee2f2-d6c5-43fd-b723-2a376a79b262,fBTC,2.93e-08,7,1,0.02486429,offer,2026-08-22T12:47:01.854566+00:00
505ee2f2-d6c5-43fd-b723-2a376a79b262,fBTC,2.98e-08,2,1,0.15242493,offer,2026-08-22T12:47:01.854566+00:00
505ee2f2-d6c5-43fd-b723-2a376a79b262,fBTC,3e-08,2,14,68.50902,offer,2026-08-22T12:47:01.854566+00:00
505ee2f2-d6c5-43fd-b723-2a376a79b262,fBTC,3e-08,5,3,1.44000545,offer,2026-08-22T12:47:01.854566+00:00
505ee2f2-d6c5-43fd-b723-2a376a79b262,fBTC,3e-08,15,1,0.56330642,offer,2026-08-22T12:47:01.854566+00:00
505ee2f2-d6c5-43fd-b723-2a376a79b262,fBTC,3e-08,14,1,0.04849508,offer,2026-08-22T12:47:01.854566+00:00
505ee2f2-d6c5-43fd-b723-2a376a79b262,fBTC,3e-08,7,1,0.235,offer,2026-08-22T12:47:01.854566+00:00
505ee2f2-d6c5-43fd-b723-2a376a79b262,fBTC,3.0081e-08,30,1,0.210824,offer,2026-08-22T12:47:01.854566+00:00
505ee2f2-d6c5-43fd-b723-2a376a79b262,fBTC,3.008194e-08,2,33,0.17899046,offer,2026-08-22T12:47:01.854566+00:00
505ee2f2-d6c5-43fd-b723-2a376a79b262,fBTC,3.0136986301369865e-08,120,57,235.98431327,offer,2026-08-22T12:47:01.854566+00:00
505ee2f2-d6c5-43fd-b723-2a376a79b262,fBTC,3.0136986301369865e-08,30,96,341.34650643,offer,2026-08-22T12:47:01.854566+00:00
505ee2f2-d6c5-43fd-b723-2a376a79b262,fBTC,3.0136986301369865e-08,15,11,3.51803817,offer,2026-08-22T12:47:01.854566+00:00
505ee2f2-d6c5-43fd-b723-2a376a79b262,fBTC,3.0136986301369865e-08,2,204,218.57998429,offer,2026-08-22T12:47:01.854566+00:00
505ee2f2-d6c5-43fd-b723-2a376a79b262,fBTC,3.0136986301369865e-08,5,11,0.24233105,offer,2026-08-22T12:47:01.854566+00:00
505ee2f2-d6c5-43fd-b723-2a376a79b262,fBTC,3.0136986301369865e-08,60,8,6.15125724,offer,2026-08-22T12:47:01.854566+00:00
505ee2f2-d6c5-43fd-b723-2a376a79b262,fBTC,3.0136986301369865e-08,12,2,1.85580208,offer,2026-08-22T12:47:01.854566+00:00
505ee2f2-d6c5-43fd-b723-2a376a79b262,fBTC,3.0136986301369865e-08,7,10,7.37955224,offer,2026-08-22T12:47:01.854566+00:00
505ee2f2-d6c5-43fd-b723-2a376a79b262,fBTC,3.0136986301369865e-08,10,8,1.78637215,offer,2026-08-22T12:47:01.854566+00:00
505ee2f2-d6c5-43fd-b723-2a376a79b262,fBTC,3.0136986301369865e-08,4,4,0.36477312,offer,2026-08-22T12:47:01.854566+00:00
505ee2f2-d6c5-43fd-b723-2a376a79b262,fBTC,3.0136986301369865e-08,14,6,14.01893143,offer,2026-08-22T12:47:01.854566+00:00
505ee2f2-d6c5-43fd-b723-2a376a79b262,fBTC,3.0136986301369865e-08,20,5,5.95732358,offer,2026-08-22T12:47:01.854566+00:00
505ee2f2-d6c5-43fd-b723-2a376a79b262,fBTC,3.0136986301369865e-08,6,1,0.13857429,offer,2026-08-22T12:47:01.854566+00:00
505ee2f2-d6c5-43fd-b723-2a376a79b262,fBTC,3.0136986301369865e-08,3,3,1.20190701,offer,2026-08-22T12:47:01.854566+00:00
80e0a0a9-34e7-4946-94ef-12b14e9e4087,fBTC,3.11e-08,120,1,-0.4,demand,2026-08-22T13:47:01.618522+00:00
80e0a0a9-34e7-4946-94ef-12b14e9e4087,fBTC,3.1e-08,59,1,-0.005,demand,2026-08-22T13:47:01.618522+00:00
80e0a0a9-34e7-4946-94ef-12b14e9e4087,fBTC,2.1e-08,59,1,-0.015,demand,2026-08-22T13:47:01.618522+00:00
80e0a0a9-34e7-4946-94ef-12b14e9e4087,fBTC,1.11e-08,120,1,-0.4,demand,2026-08-22T13:47:01.618522+00:00
80e0a0a9-34e7-4946-94ef-12b14e9e4087,fBTC,1.1e-08,120,1,-0.1826823,demand,2026-08-22T13:47:01.618522+00:00
80e0a0a9-34e7-4946-94ef-12b14e9e4087,fBTC,1.1e-08,59,1,-0.015,demand,2026-08-22T13:47:01.618522+00:00
80e0a0a9-34e7-4946-94ef-12b14e9e4087,fBTC,1e-08,10,1,-0.2,demand,2026-08-22T13:47:01.618522+00:00
80e0a0a9-34e7-4946-94ef-12b14e9e4087,fBTC,2.109589041096e-08,2,1,0.00368684,offer,2026-08-22T13:47:01.618522+00:00
80e0a0a9-34e7-4946-94ef-12b14e9e4087,fBTC,2.8e-08,5,1,0.20001374,offer,2026-08-22T13:47:01.618522+00:00
80e0a0a9-34e7-4946-94ef-12b14e9e4087,fBTC,2.88722448e-08,2,1,0.8395054,offer,2026-08-22T13:47:01.618522+00:00
80e0a0a9-34e7-4946-94ef-12b14e9e4087,fBTC,2.95e-08,2,1,1.25304406,offer,2026-08-22T13:47:01.618522+00:00
80e0a0a9-34e7-4946-94ef-12b14e9e4087,fBTC,3e-08,2,15,70.09681132,offer,2026-08-22T13:47:01.618522+00:00
80e0a0a9-34e7-4946-94ef-12b14e9e4087,fBTC,3e-08,5,4,12.24201783,offer,2026-08-22T13:47:01.618522+00:00
80e0a0a9-34e7-4946-94ef-12b14e9e4087,fBTC,3e-08,15,1,0.56330642,offer,2026-08-22T13:47:01.618522+00:00
80e0a0a9-34e7-4946-94ef-12b14e9e4087,fBTC,3e-08,14,1,0.04849508,offer,2026-08-22T13:47:01.618522+00:00
80e0a0a9-34e7-4946-94ef-12b14e9e4087,fBTC,3e-08,7,1,0.235,offer,2026-08-22T13:47:01.618522+00:00
80e0a0a9-34e7-4946-94ef-12b14e9e4087,fBTC,3.0081e-08,30,1,0.210824,offer,2026-08-22T13:47:01.618522+00:00
80e0a0a9-34e7-4946-94ef-12b14e9e4087,fBTC,3.008194e-08,2,33,0.17899456,offer,2026-08-22T13:47:01.618522+00:00
80e0a0a9-34e7-4946-94ef-12b14e9e4087,fBTC,3.0136986301369865e-08,120,57,235.98431327,offer,2026-08-22T13:47:01.618522+00:00
80e0a0a9-34e7-4946-94ef-12b14e9e4087,fBTC,3.0136986301369865e-08,30,96,341.34650643,offer,2026-08-22T13:47:01.618522+00:00
80e0a0a9-34e7-4946-94ef-12b14e9e4087,fBTC,3.0136986301369865e-08,15,11,3.51803817,offer,2026-08-22T13:47:01.618522+00:00
80e0a0a9-34e7-4946-94ef-12b14e9e4087,fBTC,3.0136986301369865e-08,2,204,218.57998429,offer,2026-08-22T13:47:01.618522+00:00
80e0a0a9-34e7-4946-94ef-12b14e9e4087,fBTC,3.0136986301369865e-08,5,11,0.24233105,offer,2026-08-22T13:47:01.618522+00:00
80e0a0a9-34e7-4946-94ef-12b14e9e4087,fBTC,3.0136986301369865e-08,60,8,6.15125724,offer,2026-08-22T13:47:01.618522+00:00
80e0a0a9-34e7-4946-94ef-12b14e9e4087,fBTC,3.0136986301369865e-08,12,2,1.85580208,offer,2026-08-22T13:47:01.618522+00:00
80e0a0a9-34e7-4946-94ef-12b14e9e4087,fBTC,3.0136986301369865e-08,7,10,7.37955224,offer,2026-08-22T13:47:01.618522+00:00
80e0a0a9-34e7-4946-94ef-12b14e9e4087,fBTC,3.0136986301369865e-08,10,8,1.78637215,offer,2026-08-22T13:47:01.618522+00:00
80e0a0a9-34e7-4946-94ef-12b14e9e4087,fBTC,3.0136986301369865e-08,4,4,0.36477312,offer,2026-08-22T13:47:01.618522+00:00
80e0a0a9-34e7-4946-94ef-12b14e9e4087,fBTC,3.0136986301369865e-08,14,6,14.01893143,offer,2026-08-22T13:47:01.618522+00:00
80e0a0a9-34e7-4946-94ef-12b14e9e4087,fBTC,3.0136986301369865e-08,20,5,5.95732358,offer,2026-08-22T13:47:01.618522+00:00
80e0a0a9-34e7-4946-94ef-12b14e9e4087,fBTC,3.0136986301369865e-08,6,1,0.13857429,offer,2026-08-22T13:47:01.618522+00:00
80e0a0a9-34e7-4946-94ef-12b14e9e4087,fBTC,3.0136986301369865e-08,3,3,1.20190701,offer,2026-08-22T13:47:01.618522+00:00
c75c28a6-91b7-46d9-bacf-20a1c4434c15,fBTC,3.11e-08,120,1,-0.4,demand,2026-08-22T14:47:01.636459+00:00
c75c28a6-91b7-46d9-bacf-20a1c4434c15,fBTC,3.1e-08,59,1,-0.005,demand,2026-08-22T14:47:01.636459+00:00
c75c28a6-91b7-46d9-bacf-20a1c4434c15,fBTC,2.1e-08,59,1,-0.015,demand,2026-08-22T14:47:01.636459+00:00
c75c28a6-91b7-46d9-bacf-20a1c4434c15,fBTC,1.11e-08,120,1,-0.4,demand,2026-08-22T14:47:01.636459+00:00
c75c28a6-91b7-46d9-bacf-20a1c4434c15,fBTC,1.1e-08,120,1,-0.1826823,demand,2026-08-22T14:47:01.636459+00:00
c75c28a6-91b7-46d9-bacf-20a1c4434c15,fBTC,1.1e-08,59,1,-0.015,demand,2026-08-22T14:47:01.636459+00:00
c75c28a6-91b7-46d9-bacf-20a1c4434c15,fBTC,1e-08,10,1,-0.2,demand,2026-08-22T14:47:01.636459+00:00
c75c28a6-91b7-46d9-bacf-20a1c4434c15,fBTC,2e-08,2,1,0.02101701,offer,2026-08-22T14:47:01.636459+00:00
c75c28a6-91b7-46d9-bacf-20a1c4434c15,fBTC,2.109589041096e-08,2,1,0.00368684,offer,2026-08-22T14:47:01.636459+00:00
c75c28a6-91b7-46d9-bacf-20a1c4434c15,fBTC,2.8e-08,5,1,0.20001374,offer,2026-08-22T14:47:01.636459+00:00
c75c28a6-91b7-46d9-bacf-20a1c4434c15,fBTC,2.8684152e-08,2,1,0.9952116,offer,2026-08-22T14:47:01.636459+00:00
c75c28a6-91b7-46d9-bacf-20a1c4434c15,fBTC,2.95e-08,2,1,1.25304406,offer,2026-08-22T14:47:01.636459+00:00
c75c28a6-91b7-46d9-bacf-20a1c4434c15,fBTC,2.95e-08,7,1,12.15112512,offer,2026-08-22T14:47:01.636459+00:00
c75c28a6-91b7-46d9-bacf-20a1c4434c15,fBTC,2.98e-08,2,1,0.0395907,offer,2026-08-22T14:47:01.636459+00:00
c75c28a6-91b7-46d9-bacf-20a1c4434c15,fBTC,3e-08,2,9,57.95400606,offer,2026-08-22T14:47:01.636459+00:00
c75c28a6-91b7-46d9-bacf-20a1c4434c15,fBTC,3e-08,5,4,12.24201783,offer,2026-08-22T14:47:01.636459+00:00
c75c28a6-91b7-46d9-bacf-20a1c4434c15,fBTC,3e-08,15,1,0.56330642,offer,2026-08-22T14:47:01.636459+00:00
c75c28a6-91b7-46d9-bacf-20a1c4434c15,fBTC,3e-08,14,1,0.04849508,offer,2026-08-22T14:47:01.636459+00:00
c75c28a6-91b7-46d9-bacf-20a1c4434c15,fBTC,3e-08,7,1,0.235,offer,2026-08-22T14:47:01.636459+00:00
c75c28a6-91b7-46d9-bacf-20a1c4434c15,fBTC,3.0081e-08,30,1,0.210824,offer,2026-08-22T14:47:01.636459+00:00
c75c28a6-91b7-46d9-bacf-20a1c4434c15,fBTC,3.008194e-08,2,32,0.17899819,offer,2026-08-22T14:47:01.636459+00:00
c75c28a6-91b7-46d9-bacf-20a1c4434c15,fBTC,3.0136986301369865e-08,120,58,237.46117004,offer,2026-08-22T14:47:01.636459+00:00
c75c28a6-91b7-46d9-bacf-20a1c4434c15,fBTC,3.0136986301369865e-08,30,96,341.34650643,offer,2026-08-22T14:47:01.636459+00:00
c75c28a6-91b7-46d9-bacf-20a1c4434c15,fBTC,3.0136986301369865e-08,15,11,3.51803817,offer,2026-08-22T14:47:01.636459+00:00
c75c28a6-91b7-46d9-bacf-20a1c4434c15,fBTC,3.0136986301369865e-08,2,204,218.57998429,offer,2026-08-22T14:47:01.636459+00:00
c75c28a6-91b7-46d9-bacf-20a1c4434c15,fBTC,3.0136986301369865e-08,5,11,0.24233105,offer,2026-08-22T14:47:01.636459+00:00
c75c28a6-91b7-46d9-bacf-20a1c4434c15,fBTC,3.0136986301369865e-08,60,8,6.15125724,offer,2026-08-22T14:47:01.636459+00:00
c75c28a6-91b7-46d9-bacf-20a1c4434c15,fBTC,3.0136986301369865e-08,12,2,1.85580208,offer,2026-08-22T14:47:01.636459+00:00
c75c28a6-91b7-46d9-bacf-20a1c4434c15,fBTC,3.0136986301369865e-08,7,10,7.37955224,offer,2026-08-22T14:47:01.636459+00:00
c75c28a6-91b7-46d9-bacf-20a1c4434c15,fBTC,3.0136986301369865e-08,10,8,1.78637215,offer,2026-08-22T14:47:01.636459+00:00
c75c28a6-91b7-46d9-bacf-20a1c4434c15,fBTC,3.0136986301369865e-08,4,4,0.36477312,offer,2026-08-22T14:47:01.636459+00:00
c75c28a6-91b7-46d9-bacf-20a1c4434c15,fBTC,3.0136986301369865e-08,14,6,14.01893143,offer,2026-08-22T14:47:01.636459+00:00
4b40e21a-4e67-4c5b-8c47-e7a55371d4a2,fBTC,3.11e-08,120,1,-0.4,demand,2026-08-22T15:47:02.356873+00:00
4b40e21a-4e67-4c5b-8c47-e7a55371d4a2,fBTC,3.1e-08,59,1,-0.005,demand,2026-08-22T15:47:02.356873+00:00
4b40e21a-4e67-4c5b-8c47-e7a55371d4a2,fBTC,2.1e-08,59,1,-0.015,demand,2026-08-22T15:47:02.356873+00:00
4b40e21a-4e67-4c5b-8c47-e7a55371d4a2,fBTC,1.11e-08,120,1,-0.4,demand,2026-08-22T15:47:02.356873+00:00
4b40e21a-4e67-4c5b-8c47-e7a55371d4a2,fBTC,1.1e-08,120,1,-0.1826823,demand,2026-08-22T15:47:02.356873+00:00
4b40e21a-4e67-4c5b-8c47-e7a55371d4a2,fBTC,1.1e-08,59,1,-0.015,demand,2026-08-22T15:47:02.356873+00:00
4b40e21a-4e67-4c5b-8c47-e7a55371d4a2,fBTC,1e-08,10,1,-0.2,demand,2026-08-22T15:47:02.356873+00:00
4b40e21a-4e67-4c5b-8c47-e7a55371d4a2,fBTC,2e-08,2,1,0.08930724,offer,2026-08-22T15:47:02.356873+00:00
4b40e21a-4e67-4c5b-8c47-e7a55371d4a2,fBTC,2.109589041096e-08,2,1,0.00196156,offer,2026-08-22T15:47:02.356873+00:00
4b40e21a-4e67-4c5b-8c47-e7a55371d4a2,fBTC,2.8e-08,5,1,0.20001374,offer,2026-08-22T15:47:02.356873+00:00
4b40e21a-4e67-4c5b-8c47-e7a55371d4a2,fBTC,2.85901056e-08,2,1,1.1903939,offer,2026-08-22T15:47:02.356873+00:00
4b40e21a-4e67-4c5b-8c47-e7a55371d4a2,fBTC,2.88e-08,2,1,0.07785001,offer,2026-08-22T15:47:02.356873+00:00
4b40e21a-4e67-4c5b-8c47-e7a55371d4a2,fBTC,2.95e-08,2,1,1.25304406,offer,2026-08-22T15:47:02.356873+00:00
4b40e21a-4e67-4c5b-8c47-e7a55371d4a2,fBTC,2.95e-08,7,1,12.15112512,offer,2026-08-22T15:47:02.356873+00:00
4b40e21a-4e67-4c5b-8c47-e7a55371d4a2,fBTC,2.98e-08,2,1,0.0395907,offer,2026-08-22T15:47:02.356873+00:00
4b40e21a-4e67-4c5b-8c47-e7a55371d4a2,fBTC,3e-08,2,9,57.95400606,offer,2026-08-22T15:47:02.356873+00:00
4b40e21a-4e67-4c5b-8c47-e7a55371d4a2,fBTC,3e-08,5,4,12.24201783,offer,2026-08-22T15:47:02.356873+00:00
4b40e21a-4e67-4c5b-8c47-e7a55371d4a2,fBTC,3e-08,15,1,0.56330642,offer,2026-08-22T15:47:02.356873+00:00
4b40e21a-4e67-4c5b-8c47-e7a55371d4a2,fBTC,3e-08,14,1,0.04849508,offer,2026-08-22T15:47:02.356873+00:00
4b40e21a-4e67-4c5b-8c47-e7a55371d4a2,fBTC,3e-08,7,1,0.235,offer,2026-08-22T15:47:02.356873+00:00
4b40e21a-4e67-4c5b-8c47-e7a55371d4a2,fBTC,3.0081e-08,30,1,0.210824,offer,2026-08-22T15:47:02.356873+00:00
4b40e21a-4e67-4c5b-8c47-e7a55371d4a2,fBTC,3.008194e-08,2,33,0.17899628,offer,2026-08-22T15:47:02.356873+00:00
4b40e21a-4e67-4c5b-8c47-e7a55371d4a2,fBTC,3.0136986301369865e-08,120,58,237.46117004,offer,2026-08-22T15:47:02.356873+00:00
4b40e21a-4e67-4c5b-8c47-e7a55371d4a2,fBTC,3.0136986301369865e-08,30,96,341.34650643,offer,2026-08-22T15:47:02.356873+00:00
4b40e21a-4e67-4c5b-8c47-e7a55371d4a2,fBTC,3.0136986301369865e-08,15,11,3.51872015,offer,2026-08-22T15:47:02.356873+00:00
4b40e21a-4e67-4c5b-8c47-e7a55371d4a2,fBTC,3.0136986301369865e-08,2,203,218.50213528,offer,2026-08-22T15:47:02.356873+00:00
4b40e21a-4e67-4c5b-8c47-e7a55371d4a2,fBTC,3.0136986301369865e-08,5,11,0.24233105,offer,2026-08-22T15:47:02.356873+00:00
4b40e21a-4e67-4c5b-8c47-e7a55371d4a2,fBTC,3.0136986301369865e-08,60,8,6.15125724,offer,2026-08-22T15:47:02.356873+00:00
4b40e21a-4e67-4c5b-8c47-e7a55371d4a2,fBTC,3.0136986301369865e-08,12,2,1.85580208,offer,2026-08-22T15:47:02.356873+00:00
4b40e21a-4e67-4c5b-8c47-e7a55371d4a2,fBTC,3.0136986301369865e-08,7,10,7.37955224,offer,2026-08-22T15:47:02.356873+00:00
4b40e21a-4e67-4c5b-8c47-e7a55371d4a2,fBTC,3.0136986301369865e-08,10,8,1.78637215,offer,2026-08-22T15:47:02.356873+00:00
4b40e21a-4e67-4c5b-8c47-e7a55371d4a2,fBTC,3.0136986301369865e-08,4,4,0.36477312,offer,2026-08-22T15:47:02.356873+00:00
7c50899c-c4b5-4f1b-9d41-de4103f33940,fBTC,3.11e-08,120,1,-0.4,demand,2026-08-22T16:47:02.696194+00:00
7c50899c-c4b5-4f1b-9d41-de4103f33940,fBTC,3.1e-08,59,1,-0.005,demand,2026-08-22T16:47:02.696194+00:00
7c50899c-c4b5-4f1b-9d41-de4103f33940,fBTC,2.1e-08,59,1,-0.015,demand,2026-08-22T16:47:02.696194+00:00
7c50899c-c4b5-4f1b-9d41-de4103f33940,fBTC,1.11e-08,120,1,-0.4,demand,2026-08-22T16:47:02.696194+00:00
7c50899c-c4b5-4f1b-9d41-de4103f33940,fBTC,1.1e-08,120,1,-0.1826823,demand,2026-08-22T16:47:02.696194+00:00
7c50899c-c4b5-4f1b-9d41-de4103f33940,fBTC,1.1e-08,59,1,-0.015,demand,2026-08-22T16:47:02.696194+00:00
7c50899c-c4b5-4f1b-9d41-de4103f33940,fBTC,1e-08,10,1,-0.2,demand,2026-08-22T16:47:02.696194+00:00
7c50899c-c4b5-4f1b-9d41-de4103f33940,fBTC,2.49e-08,2,1,0.00196157,offer,2026-08-22T16:47:02.696194+00:00
7c50899c-c4b5-4f1b-9d41-de4103f33940,fBTC,2.5e-08,2,1,0.07497356,offer,2026-08-22T16:47:02.696194+00:00
7c50899c-c4b5-4f1b-9d41-de4103f33940,fBTC,2.8e-08,5,1,0.01373303,offer,2026-08-22T16:47:02.696194+00:00
7c50899c-c4b5-4f1b-9d41-de4103f33940,fBTC,2.87781984e-08,2,1,1.1903939,offer,2026-08-22T16:47:02.696194+00:00
7c50899c-c4b5-4f1b-9d41-de4103f33940,fBTC,2.88e-08,2,1,0.07785001,offer,2026-08-22T16:47:02.696194+00:00
7c50899c-c4b5-4f1b-9d41-de4103f33940,fBTC,2.95e-08,2,1,1.25304406,offer,2026-08-22T16:47:02.696194+00:00
7c50899c-c4b5-4f1b-9d41-de4103f33940,fBTC,2.95e-08,7,1,12.15112512,offer,2026-08-22T16:47:02.696194+00:00
7c50899c-c4b5-4f1b-9d41-de4103f33940,fBTC,3e-08,2,9,57.95400606,offer,2026-08-22T16:47:02.696194+00:00
7c50899c-c4b5-4f1b-9d41-de4103f33940,fBTC,3e-08,5,4,12.24201783,offer,2026-08-22T16:47:02.696194+00:00
7c50899c-c4b5-4f1b-9d41-de4103f33940,fBTC,3e-08,15,1,0.56330642,offer,2026-08-22T16:47:02.696194+00:00
7c50899c-c4b5-4f1b-9d41-de4103f33940,fBTC,3e-08,14,1,0.04849508,offer,2026-08-22T16:47:02.696194+00:00
7c50899c-c4b5-4f1b-9d41-de4103f33940,fBTC,3e-08,7,1,0.235,offer,2026-08-22T16:47:02.696194+00:00
7c50899c-c4b5-4f1b-9d41-de4103f33940,fBTC,3.0081e-08,30,1,0.210824,offer,2026-08-22T16:47:02.696194+00:00
7c50899c-c4b5-4f1b-9d41-de4103f33940,fBTC,3.008194e-08,2,33,0.17898653,offer,2026-08-22T16:47:02.696194+00:00
7c50899c-c4b5-4f1b-9d41-de4103f33940,fBTC,3.0136986301369865e-08,120,58,237.46117004,offer,2026-08-22T16:47:02.696194+00:00
7c50899c-c4b5-4f1b-9d41-de4103f33940,fBTC,3.0136986301369865e-08,30,96,341.34650643,offer,2026-08-22T16:47:02.696194+00:00
7c50899c-c4b5-4f1b-9d41-de4103f33940,fBTC,3.0136986301369865e-08,15,11,3.51872015,offer,2026-08-22T16:47:02.696194+00:00
7c50899c-c4b5-4f1b-9d41-de4103f33940,fBTC,3.0136986301369865e-08,2,203,218.50213528,offer,2026-08-22T16:47:02.696194+00:00
7c50899c-c4b5-4f1b-9d41-de4103f33940,fBTC,3.0136986301369865e-08,5,11,0.24233105,offer,2026-08-22T16:47:02.696194+00:00
7c50899c-c4b5-4f1b-9d41-de4103f33940,fBTC,3.0136986301369865e-08,60,8,6.15125724,offer,2026-08-22T16:47:02.696194+00:00
7c50899c-c4b5-4f1b-9d41-de4103f33940,fBTC,3.0136986301369865e-08,12,2,1.85580208,offer,2026-08-22T16:47:02.696194+00:00
7c50899c-c4b5-4f1b-9d41-de4103f33940,fBTC,3.0136986301369865e-08,7,10,7.37955224,offer,2026-08-22T16:47:02.696194+00:00
7c50899c-c4b5-4f1b-9d41-de4103f33940,fBTC,3.0136986301369865e-08,10,8,1.78637215,offer,2026-08-22T16:47:02.696194+00:00
7c50899c-c4b5-4f1b-9d41-de4103f33940,fBTC,3.0136986301369865e-08,4,4,0.36477312,offer,2026-08-22T16:47:02.696194+00:00
7c50899c-c4b5-4f1b-9d41-de4103f33940,fBTC,3.0136986301369865e-08,14,6,14.01893143,offer,2026-08-22T16:47:02.696194+00:00
ab97f77e-fa5f-4891-83b0-eb6063ba97da,fBTC,3.11e-08,120,1,-0.39477387,demand,2026-08-22T17:47:02.092723+00:00
ab97f77e-fa5f-4891-83b0-eb6063ba97da,fBTC,3.1e-08,59,1,-0.005,demand,2026-08-22T17:47:02.092723+00:00
ab97f77e-fa5f-4891-83b0-eb6063ba97da,fBTC,2.1e-08,59,1,-0.015,demand,2026-08-22T17:47:02.092723+00:00
ab97f77e-fa5f-4891-83b0-eb6063ba97da,fBTC,1.11e-08,120,1,-0.4,demand,2026-08-22T17:47:02.092723+00:00
ab97f77e-fa5f-4891-83b0-eb6063ba97da,fBTC,1.1e-08,120,1,-0.1826823,demand,2026-08-22T17:47:02.092723+00:00
ab97f77e-fa5f-4891-83b0-eb6063ba97da,fBTC,1.1e-08,59,1,-0.015,demand,2026-08-22T17:47:02.092723+00:00
ab97f77e-fa5f-4891-83b0-eb6063ba97da,fBTC,1e-08,10,1,-0.2,demand,2026-08-22T17:47:02.092723+00:00
ab97f77e-fa5f-4891-83b0-eb6063ba97da,fBTC,2.89662912e-08,2,1,0.4907313,offer,2026-08-22T17:47:02.092723+00:00
ab97f77e-fa5f-4891-83b0-eb6063ba97da,fBTC,2.95e-08,2,1,1.25304406,offer,2026-08-22T17:47:02.092723+00:00
ab97f77e-fa5f-4891-83b0-eb6063ba97da,fBTC,2.95e-08,7,1,12.15112512,offer,2026-08-22T17:47:02.092723+00:00
ab97f77e-fa5f-4891-83b0-eb6063ba97da,fBTC,2.98e-08,2,1,0.10217345,offer,2026-08-22T17:47:02.092723+00:00
ab97f77e-fa5f-4891-83b0-eb6063ba97da,fBTC,3e-08,2,9,57.95400606,offer,2026-08-22T17:47:02.092723+00:00
ab97f77e-fa5f-4891-83b0-eb6063ba97da,fBTC,3e-08,5,4,12.24201783,offer,2026-08-22T17:47:02.092723+00:00
ab97f77e-fa5f-4891-83b0-eb6063ba97da,fBTC,3e-08,15,1,0.56330642,offer,2026-08-22T17:47:02.092723+00:00
ab97f77e-fa5f-4891-83b0-eb6063ba97da,fBTC,3e-08,14,1,0.04849508,offer,2026-08-22T17:47:02.092723+00:00
ab97f77e-fa5f-4891-83b0-eb6063ba97da,fBTC,3e-08,7,1,0.235,offer,2026-08-22T17:47:02.092723+00:00
ab97f77e-fa5f-4891-83b0-eb6063ba97da,fBTC,3.0081e-08,30,1,0.210824,offer,2026-08-22T17:47:02.092723+00:00
ab97f77e-fa5f-4891-83b0-eb6063ba97da,fBTC,3.008194e-08,2,33,0.17899253,offer,2026-08-22T17:47:02.092723+00:00
ab97f77e-fa5f-4891-83b0-eb6063ba97da,fBTC,3.0136986301369865e-08,120,58,237.46117004,offer,2026-08-22T17:47:02.092723+00:00
ab97f77e-fa5f-4891-83b0-eb6063ba97da,fBTC,3.0136986301369865e-08,30,96,341.34650643,offer,2026-08-22T17:47:02.092723+00:00
ab97f77e-fa5f-4891-83b0-eb6063ba97da,fBTC,3.0136986301369865e-08,15,11,3.51872015,offer,2026-08-22T17:47:02.092723+00:00
ab97f77e-fa5f-4891-83b0-eb6063ba97da,fBTC,3.0136986301369865e-08,2,203,218.50213528,offer,2026-08-22T17:47:02.092723+00:00
ab97f77e-fa5f-4891-83b0-eb6063ba97da,fBTC,3.0136986301369865e-08,5,11,0.24233105,offer,2026-08-22T17:47:02.092723+00:00
ab97f77e-fa5f-4891-83b0-eb6063ba97da,fBTC,3.0136986301369865e-08,60,8,6.15125724,offer,2026-08-22T17:47:02.092723+00:00
ab97f77e-fa5f-4891-83b0-eb6063ba97da,fBTC,3.0136986301369865e-08,12,2,1.85580208,offer,2026-08-22T17:47:02.092723+00:00
ab97f77e-fa5f-4891-83b0-eb6063ba97da,fBTC,3.0136986301369865e-08,7,10,7.37955224,offer,2026-08-22T17:47:02.092723+00:00
ab97f77e-fa5f-4891-83b0-eb6063ba97da,fBTC,3.0136986301369865e-08,10,8,1.78637215,offer,2026-08-22T17:47:02.092723+00:00
ab97f77e-fa5f-4891-83b0-eb6063ba97da,fBTC,3.0136986301369865e-08,4,4,0.36477312,offer,2026-08-22T17:47:02.092723+00:00
ab97f77e-fa5f-4891-83b0-eb6063ba97da,fBTC,3.0136986301369865e-08,14,6,14.01893143,offer,2026-08-22T17:47:02.092723+00:00
ab97f77e-fa5f-4891-83b0-eb6063ba97da,fBTC,3.0136986301369865e-08,20,5,5.95732358,offer,2026-08-22T17:47:02.092723+00:00
ab97f77e-fa5f-4891-83b0-eb6063ba97da,fBTC,3.0136986301369865e-08,6,1,0.13857429,offer,2026-08-22T17:47:02.092723+00:00
ab97f77e-fa5f-4891-83b0-eb6063ba97da,fBTC,3.0136986301369865e-08,3,3,1.20190701,offer,2026-08-22T17:47:02.092723+00:00
9d904e3a-0198-4ce6-be70-9e71f88dce92,fBTC,3.11e-08,120,1,-0.39477387,demand,2026-08-22T18:47:01.934027+00:00
9d904e3a-0198-4ce6-be70-9e71f88dce92,fBTC,3.1e-08,59,1,-0.005,demand,2026-08-22T18:47:01.934027+00:00
9d904e3a-0198-4ce6-be70-9e71f88dce92,fBTC,2.1e-08,59,1,-0.015,demand,2026-08-22T18:47:01.934027+00:00
9d904e3a-0198-4ce6-be70-9e71f88dce92,fBTC,1.11e-08,120,1,-0.4,demand,2026-08-22T18:47:01.934027+00:00
9d904e3a-0198-4ce6-be70-9e71f88dce92,fBTC,1.1e-08,120,1,-0.1826823,demand,2026-08-22T18:47:01.934027+00:00
9d904e3a-0198-4ce6-be70-9e71f88dce92,fBTC,1.1e-08,59,1,-0.015,demand,2026-08-22T18:47:01.934027+00:00
9d904e3a-0198-4ce6-be70-9e71f88dce92,fBTC,1e-08,10,1,-0.2,demand,2026-08-22T18:47:01.934027+00:00
9d904e3a-0198-4ce6-be70-9e71f88dce92,fBTC,2.95e-08,7,1,10.53682258,offer,2026-08-22T18:47:01.934027+00:00
9d904e3a-0198-4ce6-be70-9e71f88dce92,fBTC,2.98e-08,2,2,0.10461035,offer,2026-08-22T18:47:01.934027+00:00
9d904e3a-0198-4ce6-be70-9e71f88dce92,fBTC,3e-08,2,9,57.95400606,offer,2026-08-22T18:47:01.934027+00:00
9d904e3a-0198-4ce6-be70-9e71f88dce92,fBTC,3e-08,5,4,12.24201783,offer,2026-08-22T18:47:01.934027+00:00
9d904e3a-0198-4ce6-be70-9e71f88dce92,fBTC,3e-08,15,1,0.56330642,offer,2026-08-22T18:47:01.934027+00:00
9d904e3a-0198-4ce6-be70-9e71f88dce92,fBTC,3e-08,14,1,0.04849508,offer,2026-08-22T18:47:01.934027+00:00
9d904e3a-0198-4ce6-be70-9e71f88dce92,fBTC,3e-08,7,1,0.235,offer,2026-08-22T18:47:01.934027+00:00
9d904e3a-0198-4ce6-be70-9e71f88dce92,fBTC,3.0081e-08,30,1,0.210824,offer,2026-08-22T18:47:01.934027+00:00
9d904e3a-0198-4ce6-be70-9e71f88dce92,fBTC,3.008194e-08,2,33,0.17899145,offer,2026-08-22T18:47:01.934027+00:00
9d904e3a-0198-4ce6-be70-9e71f88dce92,fBTC,3.0136986301369865e-08,120,58,237.46117004,offer,2026-08-22T18:47:01.934027+00:00
9d904e3a-0198-4ce6-be70-9e71f88dce92,fBTC,3.0136986301369865e-08,30,96,341.34650643,offer,2026-08-22T18:47:01.934027+00:00
9d904e3a-0198-4ce6-be70-9e71f88dce92,fBTC,3.0136986301369865e-08,15,11,3.51872015,offer,2026-08-22T18:47:01.934027+00:00
9d904e3a-0198-4ce6-be70-9e71f88dce92,fBTC,3.0136986301369865e-08,2,203,218.50213528,offer,2026-08-22T18:47:01.934027+00:00
9d904e3a-0198-4ce6-be70-9e71f88dce92,fBTC,3.0136986301369865e-08,5,11,0.24233105,offer,2026-08-22T18:47:01.934027+00:00
9d904e3a-0198-4ce6-be70-9e71f88dce92,fBTC,3.0136986301369865e-08,60,8,6.15125724,offer,2026-08-22T18:47:01.934027+00:00
9d904e3a-0198-4ce6-be70-9e71f88dce92,fBTC,3.0136986301369865e-08,12,2,1.85580208,offer,2026-08-22T18:47:01.934027+00:00
9d904e3a-0198-4ce6-be70-9e71f88dce92,fBTC,3.0136986301369865e-08,7,10,7.37955224,offer,2026-08-22T18:47:01.934027+00:00
9d904e3a-0198-4ce6-be70-9e71f88dce92,fBTC,3.0136986301369865e-08,10,8,1.78637215,offer,2026-08-22T18:47:01.934027+00:00
9d904e3a-0198-4ce6-be70-9e71f88dce92,fBTC,3.0136986301369865e-08,4,4,0.36477312,offer,2026-08-22T18:47:01.934027+00:00
9d904e3a-0198-4ce6-be70-9e71f88dce92,fBTC,3.0136986301369865e-08,14,6,14.01893143,offer,2026-08-22T18:47:01.934027+00:00
9d904e3a-0198-4ce6-be70-9e71f88dce92,fBTC,3.0136986301369865e-08,20,5,5.95732358,offer,2026-08-22T18:47:01.934027+00:00
9d904e3a-0198-4ce6-be70-9e71f88dce92,fBTC,3.0136986301369865e-08,6,1,0.13857429,offer,2026-08-22T18:47:01.934027+00:00
9d904e3a-0198-4ce6-be70-9e71f88dce92,fBTC,3.0136986301369865e-08,3,3,1.20190701,offer,2026-08-22T18:47:01.934027+00:00
9d904e3a-0198-4ce6-be70-9e71f88dce92,fBTC,3.0136986301369865e-08,21,2,0.29881947,offer,2026-08-22T18:47:01.934027+00:00
9d904e3a-0198-4ce6-be70-9e71f88dce92,fBTC,3.0136986301369865e-08,38,1,0.00451216,offer,2026-08-22T18:47:01.934027+00:00
3bf90046-8bb1-4490-953b-b33e6b79ccaf,fBTC,3.11e-08,120,1,-0.39477387,demand,2026-08-22T19:47:02.089067+00:00
3bf90046-8bb1-4490-953b-b33e6b79ccaf,fBTC,3.1e-08,59,1,-0.005,demand,2026-08-22T19:47:02.089067+00:00
3bf90046-8bb1-4490-953b-b33e6b79ccaf,fBTC,2.1e-08,59,1,-0.015,demand,2026-08-22T19:47:02.089067+00:00
3bf90046-8bb1-4490-953b-b33e6b79ccaf,fBTC,1.11e-08,120,1,-0.4,demand,2026-08-22T19:47:02.089067+00:00
3bf90046-8bb1-4490-953b-b33e6b79ccaf,fBTC,1.1e-08,120,1,-0.1826823,demand,2026-08-22T19:47:02.089067+00:00
3bf90046-8bb1-4490-953b-b33e6b79ccaf,fBTC,1.1e-08,59,1,-0.015,demand,2026-08-22T19:47:02.089067+00:00
3bf90046-8bb1-4490-953b-b33e6b79ccaf,fBTC,1e-08,10,1,-0.2,demand,2026-08-22T19:47:02.089067+00:00
3bf90046-8bb1-4490-953b-b33e6b79ccaf,fBTC,2e-08,2,1,0.00983864,offer,2026-08-22T19:47:02.089067+00:00
3bf90046-8bb1-4490-953b-b33e6b79ccaf,fBTC,2.95e-08,7,1,10.30441334,offer,2026-08-22T19:47:02.089067+00:00
3bf90046-8bb1-4490-953b-b33e6b79ccaf,fBTC,2.98e-08,2,1,0.10217345,offer,2026-08-22T19:47:02.089067+00:00
3bf90046-8bb1-4490-953b-b33e6b79ccaf,fBTC,3e-08,2,9,57.95400606,offer,2026-08-22T19:47:02.089067+00:00
3bf90046-8bb1-4490-953b-b33e6b79ccaf,fBTC,3e-08,5,4,12.24201783,offer,2026-08-22T19:47:02.089067+00:00
3bf90046-8bb1-4490-953b-b33e6b79ccaf,fBTC,3e-08,15,1,0.56330642,offer,2026-08-22T19:47:02.089067+00:00
3bf90046-8bb1-4490-953b-b33e6b79ccaf,fBTC,3e-08,14,1,0.04849508,offer,2026-08-22T19:47:02.089067+00:00
3bf90046-8bb1-4490-953b-b33e6b79ccaf,fBTC,3e-08,7,1,0.235,offer,2026-08-22T19:47:02.089067+00:00
3bf90046-8bb1-4490-953b-b33e6b79ccaf,fBTC,3.0081e-08,30,1,0.210824,offer,2026-08-22T19:47:02.089067+00:00
3bf90046-8bb1-4490-953b-b33e6b79ccaf,fBTC,3.008194e-08,2,33,0.17898693,offer,2026-08-22T19:47:02.089067+00:00
3bf90046-8bb1-4490-953b-b33e6b79ccaf,fBTC,3.0136986301369865e-08,120,58,237.46117004,offer,2026-08-22T19:47:02.089067+00:00
3bf90046-8bb1-4490-953b-b33e6b79ccaf,fBTC,3.0136986301369865e-08,30,96,341.34650643,offer,2026-08-22T19:47:02.089067+00:00
3bf90046-8bb1-4490-953b-b33e6b79ccaf,fBTC,3.0136986301369865e-08,15,11,3.51872015,offer,2026-08-22T19:47:02.089067+00:00
3bf90046-8bb1-4490-953b-b33e6b79ccaf,fBTC,3.0136986301369865e-08,2,203,218.50213528,offer,2026-08-22T19:47:02.089067+00:00
3bf90046-8bb1-4490-953b-b33e6b79ccaf,fBTC,3.0136986301369865e-08,5,11,0.24233105,offer,2026-08-22T19:47:02.089067+00:00
3bf90046-8bb1-4490-953b-b33e6b79ccaf,fBTC,3.0136986301369865e-08,60,8,6.15125724,offer,2026-08-22T19:47:02.089067+00:00
3bf90046-8bb1-4490-953b-b33e6b79ccaf,fBTC,3.0136986301369865e-08,12,2,1.85580208,offer,2026-08-22T19:47:02.089067+00:00
3bf90046-8bb1-4490-953b-b33e6b79ccaf,fBTC,3.0136986301369865e-08,7,10,7.37955224,offer,2026-08-22T19:47:02.089067+00:00
3bf90046-8bb1-4490-953b-b33e6b79ccaf,fBTC,3.0136986301369865e-08,10,8,1.78637215,offer,2026-08-22T19:47:02.089067+00:00
3bf90046-8bb1-4490-953b-b33e6b79ccaf,fBTC,3.0136986301369865e-08,4,4,0.36477312,offer,2026-08-22T19:47:02.089067+00:00
3bf90046-8bb1-4490-953b-b33e6b79ccaf,fBTC,3.0136986301369865e-08,14,6,14.01893143,offer,2026-08-22T19:47:02.089067+00:00
3bf90046-8bb1-4490-953b-b33e6b79ccaf,fBTC,3.0136986301369865e-08,20,5,5.95732358,offer,2026-08-22T19:47:02.089067+00:00
3bf90046-8bb1-4490-953b-b33e6b79ccaf,fBTC,3.0136986301369865e-08,6,1,0.13857429,offer,2026-08-22T19:47:02.089067+00:00
3bf90046-8bb1-4490-953b-b33e6b79ccaf,fBTC,3.0136986301369865e-08,3,3,1.20190701,offer,2026-08-22T19:47:02.089067+00:00
3bf90046-8bb1-4490-953b-b33e6b79ccaf,fBTC,3.0136986301369865e-08,21,2,0.29881947,offer,2026-08-22T19:47:02.089067+00:00
b41edcf2-33e1-452f-8e81-cd30c30b15dc,fBTC,3.11e-08,120,1,-0.39477387,demand,2026-08-22T20:47:01.544179+00:00
b41edcf2-33e1-452f-8e81-cd30c30b15dc,fBTC,3.1e-08,59,1,-0.005,demand,2026-08-22T20:47:01.544179+00:00
b41edcf2-33e1-452f-8e81-cd30c30b15dc,fBTC,2.1e-08,59,1,-0.015,demand,2026-08-22T20:47:01.544179+00:00
b41edcf2-33e1-452f-8e81-cd30c30b15dc,fBTC,1.11e-08,120,1,-0.4,demand,2026-08-22T20:47:01.544179+00:00
b41edcf2-33e1-452f-8e81-cd30c30b15dc,fBTC,1.1e-08,120,1,-0.1826823,demand,2026-08-22T20:47:01.544179+00:00
b41edcf2-33e1-452f-8e81-cd30c30b15dc,fBTC,1.1e-08,59,1,-0.015,demand,2026-08-22T20:47:01.544179+00:00
b41edcf2-33e1-452f-8e81-cd30c30b15dc,fBTC,1e-08,10,1,-0.2,demand,2026-08-22T20:47:01.544179+00:00
b41edcf2-33e1-452f-8e81-cd30c30b15dc,fBTC,2e-08,2,1,0.06098172,offer,2026-08-22T20:47:01.544179+00:00
b41edcf2-33e1-452f-8e81-cd30c30b15dc,fBTC,2.109589041096e-08,2,1,0.0024369,offer,2026-08-22T20:47:01.544179+00:00
b41edcf2-33e1-452f-8e81-cd30c30b15dc,fBTC,2.5e-08,2,1,0.03106998,offer,2026-08-22T20:47:01.544179+00:00
b41edcf2-33e1-452f-8e81-cd30c30b15dc,fBTC,2.87781984e-08,2,1,2.0008205,offer,2026-08-22T20:47:01.544179+00:00
b41edcf2-33e1-452f-8e81-cd30c30b15dc,fBTC,2.95e-08,7,1,10.09528198,offer,2026-08-22T20:47:01.544179+00:00
b41edcf2-33e1-452f-8e81-cd30c30b15dc,fBTC,2.98e-08,2,1,0.10217345,offer,2026-08-22T20:47:01.544179+00:00
b41edcf2-33e1-452f-8e81-cd30c30b15dc,fBTC,3e-08,2,10,58.32895486,offer,2026-08-22T20:47:01.544179+00:00
b41edcf2-33e1-452f-8e81-cd30c30b15dc,fBTC,3e-08,5,4,12.24201783,offer,2026-08-22T20:47:01.544179+00:00
b41edcf2-33e1-452f-8e81-cd30c30b15dc,fBTC,3e-08,15,1,0.56330642,offer,2026-08-22T20:47:01.544179+00:00
b41edcf2-33e1-452f-8e81-cd30c30b15dc,fBTC,3e-08,14,1,0.04849508,offer,2026-08-22T20:47:01.544179+00:00
b41edcf2-33e1-452f-8e81-cd30c30b15dc,fBTC,3e-08,7,1,0.235,offer,2026-08-22T20:47:01.544179+00:00
b41edcf2-33e1-452f-8e81-cd30c30b15dc,fBTC,3.0081e-08,30,1,0.210824,offer,2026-08-22T20:47:01.544179+00:00
b41edcf2-33e1-452f-8e81-cd30c30b15dc,fBTC,3.008194e-08,2,33,0.17898852,offer,2026-08-22T20:47:01.544179+00:00
b41edcf2-33e1-452f-8e81-cd30c30b15dc,fBTC,3.0136986301369865e-08,120,58,237.46117004,offer,2026-08-22T20:47:01.544179+00:00
b41edcf2-33e1-452f-8e81-cd30c30b15dc,fBTC,3.0136986301369865e-08,30,96,341.34650643,offer,2026-08-22T20:47:01.544179+00:00
b41edcf2-33e1-452f-8e81-cd30c30b15dc,fBTC,3.0136986301369865e-08,15,11,3.51872015,offer,2026-08-22T20:47:01.544179+00:00
b41edcf2-33e1-452f-8e81-cd30c30b15dc,fBTC,3.0136986301369865e-08,2,203,218.50213528,offer,2026-08-22T20:47:01.544179+00:00
b41edcf2-33e1-452f-8e81-cd30c30b15dc,fBTC,3.0136986301369865e-08,5,11,0.24233105,offer,2026-08-22T20:47:01.544179+00:00
b41edcf2-33e1-452f-8e81-cd30c30b15dc,fBTC,3.0136986301369865e-08,60,8,6.15125724,offer,2026-08-22T20:47:01.544179+00:00
b41edcf2-33e1-452f-8e81-cd30c30b15dc,fBTC,3.0136986301369865e-08,12,2,1.85580208,offer,2026-08-22T20:47:01.544179+00:00
b41edcf2-33e1-452f-8e81-cd30c30b15dc,fBTC,3.0136986301369865e-08,7,10,7.37955224,offer,2026-08-22T20:47:01.544179+00:00
b41edcf2-33e1-452f-8e81-cd30c30b15dc,fBTC,3.0136986301369865e-08,10,8,1.78637215,offer,2026-08-22T20:47:01.544179+00:00
b41edcf2-33e1-452f-8e81-cd30c30b15dc,fBTC,3.0136986301369865e-08,4,4,0.36477312,offer,2026-08-22T20:47:01.544179+00:00
b41edcf2-33e1-452f-8e81-cd30c30b15dc,fBTC,3.0136986301369865e-08,14,6,14.01893143,offer,2026-08-22T20:47:01.544179+00:00
b41edcf2-33e1-452f-8e81-cd30c30b15dc,fBTC,3.0136986301369865e-08,20,5,5.95732358,offer,2026-08-22T20:47:01.544179+00:00
5f48de00-cea2-4427-9a3e-4ad800888e1e,fBTC,3.11e-08,120,1,-0.39477387,demand,2026-08-22T21:47:01.611845+00:00
5f48de00-cea2-4427-9a3e-4ad800888e1e,fBTC,3.1e-08,59,1,-0.005,demand,2026-08-22T21:47:01.611845+00:00
5f48de00-cea2-4427-9a3e-4ad800888e1e,fBTC,2.1e-08,59,1,-0.015,demand,2026-08-22T21:47:01.611845+00:00
5f48de00-cea2-4427-9a3e-4ad800888e1e,fBTC,1.11e-08,120,1,-0.4,demand,2026-08-22T21:47:01.611845+00:00
5f48de00-cea2-4427-9a3e-4ad800888e1e,fBTC,1.1e-08,120,1,-0.1826823,demand,2026-08-22T21:47:01.611845+00:00
5f48de00-cea2-4427-9a3e-4ad800888e1e,fBTC,1.1e-08,59,1,-0.015,demand,2026-08-22T21:47:01.611845+00:00
5f48de00-cea2-4427-9a3e-4ad800888e1e,fBTC,1e-08,10,1,-0.2,demand,2026-08-22T21:47:01.611845+00:00
5f48de00-cea2-4427-9a3e-4ad800888e1e,fBTC,2e-08,2,1,0.01779407,offer,2026-08-22T21:47:01.611845+00:00
5f48de00-cea2-4427-9a3e-4ad800888e1e,fBTC,2.109589041096e-08,2,1,0.0024369,offer,2026-08-22T21:47:01.611845+00:00
5f48de00-cea2-4427-9a3e-4ad800888e1e,fBTC,2.5e-08,2,1,0.03106998,offer,2026-08-22T21:47:01.611845+00:00
5f48de00-cea2-4427-9a3e-4ad800888e1e,fBTC,2.8684152e-08,2,1,2.0008205,offer,2026-08-22T21:47:01.611845+00:00
5f48de00-cea2-4427-9a3e-4ad800888e1e,fBTC,2.9e-08,5,1,0.02507677,offer,2026-08-22T21:47:01.611845+00:00
5f48de00-cea2-4427-9a3e-4ad800888e1e,fBTC,2.95e-08,7,1,10.09528198,offer,2026-08-22T21:47:01.611845+00:00
5f48de00-cea2-4427-9a3e-4ad800888e1e,fBTC,2.98e-08,2,1,0.10217345,offer,2026-08-22T21:47:01.611845+00:00
5f48de00-cea2-4427-9a3e-4ad800888e1e,fBTC,3e-08,2,9,57.95400606,offer,2026-08-22T21:47:01.611845+00:00
5f48de00-cea2-4427-9a3e-4ad800888e1e,fBTC,3e-08,5,4,12.24201783,offer,2026-08-22T21:47:01.611845+00:00
5f48de00-cea2-4427-9a3e-4ad800888e1e,fBTC,3e-08,15,1,0.56330642,offer,2026-08-22T21:47:01.611845+00:00
5f48de00-cea2-4427-9a3e-4ad800888e1e,fBTC,3e-08,14,1,0.04849508,offer,2026-08-22T21:47:01.611845+00:00
5f48de00-cea2-4427-9a3e-4ad800888e1e,fBTC,3e-08,7,1,0.235,offer,2026-08-22T21:47:01.611845+00:00
5f48de00-cea2-4427-9a3e-4ad800888e1e,fBTC,3.0081e-08,30,1,0.210824,offer,2026-08-22T21:47:01.611845+00:00
5f48de00-cea2-4427-9a3e-4ad800888e1e,fBTC,3.008194e-08,2,32,0.17899832,offer,2026-08-22T21:47:01.611845+00:00
5f48de00-cea2-4427-9a3e-4ad800888e1e,fBTC,3.0136986301369865e-08,120,58,237.46117004,offer,2026-08-22T21:47:01.611845+00:00
5f48de00-cea2-4427-9a3e-4ad800888e1e,fBTC,3.0136986301369865e-08,30,96,341.34650643,offer,2026-08-22T21:47:01.611845+00:00
5f48de00-cea2-4427-9a3e-4ad800888e1e,fBTC,3.0136986301369865e-08,15,11,3.51872015,offer,2026-08-22T21:47:01.611845+00:00
5f48de00-cea2-4427-9a3e-4ad800888e1e,fBTC,3.0136986301369865e-08,2,203,218.50213528,offer,2026-08-22T21:47:01.611845+00:00
5f48de00-cea2-4427-9a3e-4ad800888e1e,fBTC,3.0136986301369865e-08,5,11,0.24233105,offer,2026-08-22T21:47:01.611845+00:00
5f48de00-cea2-4427-9a3e-4ad800888e1e,fBTC,3.0136986301369865e-08,60,8,6.15125724,offer,2026-08-22T21:47:01.611845+00:00
5f48de00-cea2-4427-9a3e-4ad800888e1e,fBTC,3.0136986301369865e-08,12,2,1.85580208,offer,2026-08-22T21:47:01.611845+00:00
5f48de00-cea2-4427-9a3e-4ad800888e1e,fBTC,3.0136986301369865e-08,7,10,7.37955224,offer,2026-08-22T21:47:01.611845+00:00
5f48de00-cea2-4427-9a3e-4ad800888e1e,fBTC,3.0136986301369865e-08,10,8,1.78637215,offer,2026-08-22T21:47:01.611845+00:00
5f48de00-cea2-4427-9a3e-4ad800888e1e,fBTC,3.0136986301369865e-08,4,4,0.36477312,offer,2026-08-22T21:47:01.611845+00:00
5f48de00-cea2-4427-9a3e-4ad800888e1e,fBTC,3.0136986301369865e-08,14,6,14.01893143,offer,2026-08-22T21:47:01.611845+00:00
2e607fd9-0170-49ec-8c35-2a4af21f52b9,fBTC,3.11e-08,120,1,-0.39477387,demand,2026-08-22T22:47:01.942113+00:00
2e607fd9-0170-49ec-8c35-2a4af21f52b9,fBTC,3.1e-08,59,1,-0.005,demand,2026-08-22T22:47:01.942113+00:00
2e607fd9-0170-49ec-8c35-2a4af21f52b9,fBTC,2.1e-08,59,1,-0.015,demand,2026-08-22T22:47:01.942113+00:00
2e607fd9-0170-49ec-8c35-2a4af21f52b9,fBTC,1.11e-08,120,1,-0.4,demand,2026-08-22T22:47:01.942113+00:00
2e607fd9-0170-49ec-8c35-2a4af21f52b9,fBTC,1.1e-08,120,1,-0.1826823,demand,2026-08-22T22:47:01.942113+00:00
2e607fd9-0170-49ec-8c35-2a4af21f52b9,fBTC,1.1e-08,59,1,-0.015,demand,2026-08-22T22:47:01.942113+00:00
2e607fd9-0170-49ec-8c35-2a4af21f52b9,fBTC,1e-08,10,1,-0.2,demand,2026-08-22T22:47:01.942113+00:00
2e607fd9-0170-49ec-8c35-2a4af21f52b9,fBTC,2.88722448e-08,2,1,1.3264563,offer,2026-08-22T22:47:01.942113+00:00
2e607fd9-0170-49ec-8c35-2a4af21f52b9,fBTC,2.9e-08,5,1,0.02507677,offer,2026-08-22T22:47:01.942113+00:00
2e607fd9-0170-49ec-8c35-2a4af21f52b9,fBTC,2.95e-08,7,1,10.09528198,offer,2026-08-22T22:47:01.942113+00:00
2e607fd9-0170-49ec-8c35-2a4af21f52b9,fBTC,2.98e-08,2,1,0.10217345,offer,2026-08-22T22:47:01.942113+00:00
2e607fd9-0170-49ec-8c35-2a4af21f52b9,fBTC,3e-08,2,10,58.35322981,offer,2026-08-22T22:47:01.942113+00:00
2e607fd9-0170-49ec-8c35-2a4af21f52b9,fBTC,3e-08,5,4,12.24201783,offer,2026-08-22T22:47:01.942113+00:00
2e607fd9-0170-49ec-8c35-2a4af21f52b9,fBTC,3e-08,15,1,0.56330642,offer,2026-08-22T22:47:01.942113+00:00
2e607fd9-0170-49ec-8c35-2a4af21f52b9,fBTC,3e-08,14,1,0.04849508,offer,2026-08-22T22:47:01.942113+00:00
2e607fd9-0170-49ec-8c35-2a4af21f52b9,fBTC,3e-08,7,1,0.235,offer,2026-08-22T22:47:01.942113+00:00
2e607fd9-0170-49ec-8c35-2a4af21f52b9,fBTC,3.0081e-08,30,1,0.210824,offer,2026-08-22T22:47:01.942113+00:00
2e607fd9-0170-49ec-8c35-2a4af21f52b9,fBTC,3.008194e-08,2,33,0.17899507,offer,2026-08-22T22:47:01.942113+00:00
2e607fd9-0170-49ec-8c35-2a4af21f52b9,fBTC,3.0136986301369865e-08,120,58,237.46117004,offer,2026-08-22T22:47:01.942113+00:00
2e607fd9-0170-49ec-8c35-2a4af21f52b9,fBTC,3.0136986301369865e-08,30,96,341.34650643,offer,2026-08-22T22:47:01.942113+00:00
2e607fd9-0170-49ec-8c35-2a4af21f52b9,fBTC,3.0136986301369865e-08,15,11,3.51872015,offer,2026-08-22T22:47:01.942113+00:00
2e607fd9-0170-49ec-8c35-2a4af21f52b9,fBTC,3.0136986301369865e-08,2,203,218.50213528,offer,2026-08-22T22:47:01.942113+00:00
2e607fd9-0170-49ec-8c35-2a4af21f52b9,fBTC,3.0136986301369865e-08,5,11,0.24233105,offer,2026-08-22T22:47:01.942113+00:00
2e607fd9-0170-49ec-8c35-2a4af21f52b9,fBTC,3.0136986301369865e-08,60,8,6.15125724,offer,2026-08-22T22:47:01.942113+00:00
2e607fd9-0170-49ec-8c35-2a4af21f52b9,fBTC,3.0136986301369865e-08,12,2,1.85580208,offer,2026-08-22T22:47:01.942113+00:00
2e607fd9-0170-49ec-8c35-2a4af21f52b9,fBTC,3.0136986301369865e-08,7,10,7.37955224,offer,2026-08-22T22:47:01.942113+00:00
2e607fd9-0170-49ec-8c35-2a4af21f52b9,fBTC,3.0136986301369865e-08,10,8,1.78637215,offer,2026-08-22T22:47:01.942113+00:00
2e607fd9-0170-49ec-8c35-2a4af21f52b9,fBTC,3.0136986301369865e-08,4,4,0.36477312,offer,2026-08-22T22:47:01.942113+00:00
2e607fd9-0170-49ec-8c35-2a4af21f52b9,fBTC,3.0136986301369865e-08,14,6,14.01893143,offer,2026-08-22T22:47:01.942113+00:00
2e607fd9-0170-49ec-8c35-2a4af21f52b9,fBTC,3.0136986301369865e-08,20,5,5.95732358,offer,2026-08-22T22:47:01.942113+00:00
2e607fd9-0170-49ec-8c35-2a4af21f52b9,fBTC,3.0136986301369865e-08,6,1,0.13857429,offer,2026-08-22T22:47:01.942113+00:00
2e607fd9-0170-49ec-8c35-2a4af21f52b9,fBTC,3.0136986301369865e-08,3,3,1.20190701,offer,2026-08-22T22:47:01.942113+00:00
5197a9d4-02db-4d48-b5c0-9ac1b33f1258,fBTC,3.11e-08,120,1,-0.39477387,demand,2026-08-22T23:47:02.064929+00:00
5197a9d4-02db-4d48-b5c0-9ac1b33f1258,fBTC,3.1e-08,59,1,-0.005,demand,2026-08-22T23:47:02.064929+00:00
5197a9d4-02db-4d48-b5c0-9ac1b33f1258,fBTC,2.1e-08,59,1,-0.015,demand,2026-08-22T23:47:02.064929+00:00
5197a9d4-02db-4d48-b5c0-9ac1b33f1258,fBTC,1.11e-08,120,1,-0.4,demand,2026-08-22T23:47:02.064929+00:00
5197a9d4-02db-4d48-b5c0-9ac1b33f1258,fBTC,1.1e-08,120,1,-0.1826823,demand,2026-08-22T23:47:02.064929+00:00
5197a9d4-02db-4d48-b5c0-9ac1b33f1258,fBTC,1.1e-08,59,1,-0.015,demand,2026-08-22T23:47:02.064929+00:00
5197a9d4-02db-4d48-b5c0-9ac1b33f1258,fBTC,1e-08,10,1,-0.2,demand,2026-08-22T23:47:02.064929+00:00
5197a9d4-02db-4d48-b5c0-9ac1b33f1258,fBTC,1e-08,15,1,0.0020605,offer,2026-08-22T23:47:02.064929+00:00
5197a9d4-02db-4d48-b5c0-9ac1b33f1258,fBTC,2.88722448e-08,2,1,0.2077997,offer,2026-08-22T23:47:02.064929+00:00
5197a9d4-02db-4d48-b5c0-9ac1b33f1258,fBTC,2.94e-08,2,1,0.10217345,offer,2026-08-22T23:47:02.064929+00:00
5197a9d4-02db-4d48-b5c0-9ac1b33f1258,fBTC,2.95e-08,7,1,7.59436399,offer,2026-08-22T23:47:02.064929+00:00
5197a9d4-02db-4d48-b5c0-9ac1b33f1258,fBTC,3e-08,2,10,58.35322981,offer,2026-08-22T23:47:02.064929+00:00
5197a9d4-02db-4d48-b5c0-9ac1b33f1258,fBTC,3e-08,5,4,12.24201783,offer,2026-08-22T23:47:02.064929+00:00
5197a9d4-02db-4d48-b5c0-9ac1b33f1258,fBTC,3e-08,15,1,0.56330642,offer,2026-08-22T23:47:02.064929+00:00
5197a9d4-02db-4d48-b5c0-9ac1b33f1258,fBTC,3e-08,14,1,0.04849508,offer,2026-08-22T23:47:02.064929+00:00
5197a9d4-02db-4d48-b5c0-9ac1b33f1258,fBTC,3e-08,7,1,0.235,offer,2026-08-22T23:47:02.064929+00:00
5197a9d4-02db-4d48-b5c0-9ac1b33f1258,fBTC,3.0081e-08,30,1,0.210824,offer,2026-08-22T23:47:02.064929+00:00
5197a9d4-02db-4d48-b5c0-9ac1b33f1258,fBTC,3.008194e-08,2,33,0.17899641,offer,2026-08-22T23:47:02.064929+00:00
5197a9d4-02db-4d48-b5c0-9ac1b33f1258,fBTC,3.0136986301369865e-08,120,58,237.46117004,offer,2026-08-22T23:47:02.064929+00:00
5197a9d4-02db-4d48-b5c0-9ac1b33f1258,fBTC,3.0136986301369865e-08,30,96,341.34650643,offer,2026-08-22T23:47:02.064929+00:00
5197a9d4-02db-4d48-b5c0-9ac1b33f1258,fBTC,3.0136986301369865e-08,15,11,3.51872015,offer,2026-08-22T23:47:02.064929+00:00
5197a9d4-02db-4d48-b5c0-9ac1b33f1258,fBTC,3.0136986301369865e-08,2,203,218.50213528,offer,2026-08-22T23:47:02.064929+00:00
5197a9d4-02db-4d48-b5c0-9ac1b33f1258,fBTC,3.0136986301369865e-08,5,11,0.24233105,offer,2026-08-22T23:47:02.064929+00:00
5197a9d4-02db-4d48-b5c0-9ac1b33f1258,fBTC,3.0136986301369865e-08,60,8,6.15125724,offer,2026-08-22T23:47:02.064929+00:00
5197a9d4-02db-4d48-b5c0-9ac1b33f1258,fBTC,3.0136986301369865e-08,12,2,1.85580208,offer,2026-08-22T23:47:02.064929+00:00
5197a9d4-02db-4d48-b5c0-9ac1b33f1258,fBTC,3.0136986301369865e-08,7,10,7.37955224,offer,2026-08-22T23:47:02.064929+00:00
5197a9d4-02db-4d48-b5c0-9ac1b33f1258,fBTC,3.0136986301369865e-08,10,8,1.78637215,offer,2026-08-22T23:47:02.064929+00:00
5197a9d4-02db-4d48-b5c0-9ac1b33f1258,fBTC,3.0136986301369865e-08,4,4,0.36477312,offer,2026-08-22T23:47:02.064929+00:00
5197a9d4-02db-4d48-b5c0-9ac1b33f1258,fBTC,3.0136986301369865e-08,14,6,14.01893143,offer,2026-08-22T23:47:02.064929+00:00
5197a9d4-02db-4d48-b5c0-9ac1b33f1258,fBTC,3.0136986301369865e-08,20,5,5.95732358,offer,2026-08-22T23:47:02.064929+00:00
5197a9d4-02db-4d48-b5c0-9ac1b33f1258,fBTC,3.0136986301369865e-08,6,1,0.13857429,offer,2026-08-22T23:47:02.064929+00:00
5197a9d4-02db-4d48-b5c0-9ac1b33f1258,fBTC,3.0136986301369865e-08,3,3,1.20190701,offer,2026-08-22T23:47:02.064929+00:00
