run_at,market,model_name,train_rows,valid_rows,train_start,train_end,valid_start,valid_end,mae,rmse,r2
2026-08-14T19:30:17.071223+00:00,fBTC,baseline_mean,255,64,2026-07-21T14:30:50.998308+00:00,2026-08-10T21:56:32.838330+00:00,2026-08-10T22:55:09.070909+00:00,2026-08-14T18:04:45.826681+00:00,4.199727712279057e-09,4.206323649205524e-09,-318.10737264469543
2026-08-14T19:30:17.071223+00:00,fBTC,baseline_previous,255,64,2026-07-21T14:30:50.998308+00:00,2026-08-10T21:56:32.838330+00:00,2026-08-10T22:55:09.070909+00:00,2026-08-14T18:04:45.826681+00:00,7.781039361363502e-11,1.2880105736533693e-10,0.7007939827383258
2026-08-14T19:30:17.071223+00:00,fBTC,linear_regression,255,64,2026-07-21T14:30:50.998308+00:00,2026-08-10T21:56:32.838330+00:00,2026-08-10T22:55:09.070909+00:00,2026-08-14T18:04:45.826681+00:00,3.2321794471364055e-09,3.345909103759292e-09,-200.91089034487658
2026-08-14T19:30:17.071223+00:00,fETH,baseline_mean,255,64,2026-07-21T14:30:51.146084+00:00,2026-08-10T21:56:32.991612+00:00,2026-08-10T22:55:09.230457+00:00,2026-08-14T18:04:45.981064+00:00,3.342256907994896e-06,3.3937479259507237e-06,-32.20666762058886
2026-08-14T19:30:17.071223+00:00,fETH,baseline_previous,255,64,2026-07-21T14:30:51.146084+00:00,2026-08-10T21:56:32.991612+00:00,2026-08-10T22:55:09.230457+00:00,2026-08-14T18:04:45.981064+00:00,1.9116706630538178e-07,5.923588240431089e-07,-0.011662976815463688
2026-08-14T19:30:17.071223+00:00,fETH,linear_regression,255,64,2026-07-21T14:30:51.146084+00:00,2026-08-10T21:56:32.991612+00:00,2026-08-10T22:55:09.230457+00:00,2026-08-14T18:04:45.981064+00:00,1.1834245959251628e-06,1.3952007154856647e-06,-4.612282359861734
2026-08-14T19:30:17.071223+00:00,fUSD,baseline_mean,255,64,2026-07-21T14:30:50.828097+00:00,2026-08-10T21:56:32.625567+00:00,2026-08-10T22:55:08.851300+00:00,2026-08-14T18:04:45.597131+00:00,1.664222618530709e-05,1.716228021076593e-05,-0.0022459144383739638
2026-08-14T19:30:17.071223+00:00,fUSD,baseline_previous,255,64,2026-07-21T14:30:50.828097+00:00,2026-08-10T21:56:32.625567+00:00,2026-08-10T22:55:08.851300+00:00,2026-08-14T18:04:45.597131+00:00,7.600028286861335e-06,1.465461716665604e-05,0.2692425146150905
2026-08-14T19:30:17.071223+00:00,fUSD,linear_regression,255,64,2026-07-21T14:30:50.828097+00:00,2026-08-10T21:56:32.625567+00:00,2026-08-10T22:55:08.851300+00:00,2026-08-14T18:04:45.597131+00:00,1.427029491690231e-05,1.609375536281366e-05,0.11866887378612334
