market,feature_time,hour,day_of_week,avg_rate,weighted_avg_rate,min_rate,max_rate,total_amount,avg_period,offer_count,demand_count,rate_spread,previous_weighted_avg_rate,rate_change,amount_change,target_next_weighted_avg_rate
fBTC,2026-07-21T14:26:37.676638+00:00,14,1,3.920406098427194e-08,4.107001169190963e-08,1e-08,4.4e-08,1110.66129319,20.85185185185185,461,2,3.4e-08,,,,4.107100792423852e-08
fBTC,2026-07-21T14:30:50.998308+00:00,14,1,3.921887579908676e-08,4.107100792423852e-08,1e-08,4.41e-08,1110.40361253,20.85185185185185,460,2,3.4099999999999994e-08,4.107001169190963e-08,9.962323288884002e-13,-0.25768066000000545,4.102841923078541e-08
fBTC,2026-07-21T16:40:48.318709+00:00,16,1,3.866112765093861e-08,4.102841923078541e-08,1e-08,4.3e-08,1114.8582819599999,20.74074074074074,443,2,3.3000000000000004e-08,4.107100792423852e-08,-4.258869345311232e-11,4.454669429999967,4.105131664299144e-08
fBTC,2026-07-21T18:39:19.994520+00:00,18,1,3.777891594911937e-08,4.105131664299144e-08,1e-08,4.48e-08,1085.46464136,20.5,442,3,3.4799999999999994e-08,4.102841923078541e-08,2.289741220603262e-11,-29.3936405999998,4.1081896599445644e-08
fBTC,2026-07-21T20:35:06.775427+00:00,20,1,3.801820166340509e-08,4.1081896599445644e-08,1e-08,4.39e-08,1098.64849037,20.607142857142858,462,3,3.3900000000000006e-08,4.105131664299144e-08,3.057995645420215e-11,13.183849009999904,4.1081660434018485e-08
fBTC,2026-07-21T22:11:29.810706+00:00,22,1,3.801463023483366e-08,4.1081660434018485e-08,1e-08,4.38e-08,1095.7911038299999,20.892857142857142,462,3,3.38e-08,4.1081896599445644e-08,-2.361654271583109e-13,-2.857386540000107,4.1051173576673444e-08
fBTC,2026-07-21T23:10:28.735349+00:00,23,1,3.778605880626223e-08,4.1051173576673444e-08,1e-08,4.29e-08,1084.795906,20.892857142857142,445,3,3.29e-08,4.1081660434018485e-08,-3.0486857345041026e-11,-10.995197829999825,4.1095762292010807e-08
fBTC,2026-07-22T00:04:45.703623+00:00,0,2,3.797891594911937e-08,4.1095762292010807e-08,1e-08,4.37e-08,1087.16514063,20.607142857142858,462,3,3.3700000000000004e-08,4.1051173576673444e-08,4.458871533736221e-11,2.369234629999937,4.111334729006611e-08
fBTC,2026-07-22T03:43:28.801965+00:00,3,2,3.8045201663405094e-08,4.111334729006611e-08,1e-08,4.4e-08,1077.88319659,21.0,470,3,3.4e-08,4.1095762292010807e-08,1.7584998055302306e-11,-9.281944040000099,4.109776334683136e-08
fBTC,2026-07-22T06:41:18.869106+00:00,6,2,3.8552458806262234e-08,4.109776334683136e-08,1e-08,4.52592e-08,1127.1542295,20.357142857142858,445,3,3.5259199999999996e-08,4.111334729006611e-08,-1.5583943234748346e-11,49.27103291000003,4.1005701700443166e-08
fBTC,2026-07-22T09:37:44.853759+00:00,9,2,3.674301873242009e-08,4.1005701700443166e-08,1e-08,4.25e-08,1153.87236833,21.22222222222222,453,2,3.249999999999999e-08,4.109776334683136e-08,-9.206164638819433e-11,26.718138830000044,4.1067729260529676e-08
fBTC,2026-07-22T12:02:30.274536+00:00,12,2,3.90785122435312e-08,4.1067729260529676e-08,1e-08,4.38e-08,1161.11694149,21.037037037037038,464,2,3.38e-08,4.1005701700443166e-08,6.20275600865102e-11,7.244573160000073,4.111841271158528e-08
fBTC,2026-07-22T14:20:36.951916+00:00,14,2,3.924275336945713e-08,4.111841271158528e-08,1e-08,4.48e-08,1162.2504161499999,20.74074074074074,461,2,3.4799999999999994e-08,4.1067729260529676e-08,5.068345105560565e-11,1.1334746599998198,4.101720394387082e-08
fBTC,2026-07-22T16:43:20.706701+00:00,16,2,3.8322835265753426e-08,4.101720394387082e-08,1e-08,4.26e-08,1144.68227515,21.88888888888889,445,2,3.26e-08,4.111841271158528e-08,-1.0120876771446151e-10,-17.56814099999997,4.1033265737216233e-08
fBTC,2026-07-22T18:20:47.882300+00:00,18,2,3.883720907316083e-08,4.1033265737216233e-08,1e-08,4.32e-08,1132.56571745,22.14814814814815,437,2,3.3200000000000006e-08,4.101720394387082e-08,1.6061793345412828e-11,-12.11655769999993,4.1026745715762205e-08
fBTC,2026-07-22T20:20:20.913759+00:00,20,2,3.868579822871639e-08,4.1026745715762205e-08,1e-08,4.24e-08,1135.27540131,22.185185185185187,441,2,3.24e-08,4.1033265737216233e-08,-6.5200214540281934e-12,2.709683860000041,4.099586666577748e-08
fBTC,2026-07-22T22:15:31.177143+00:00,22,2,3.834972071760528e-08,4.099586666577748e-08,1e-08,4.1095890410958903e-08,1115.00169745,22.48148148148148,444,2,3.1095890410958906e-08,4.1026745715762205e-08,-3.087904998472436e-11,-20.27370386000007,4.09886174822659e-08
fBTC,2026-07-22T23:16:01.022272+00:00,23,2,3.833927111760528e-08,4.09886174822659e-08,1e-08,4.1095890410958903e-08,1114.88922781,22.48148148148148,445,2,3.1095890410958906e-08,4.099586666577748e-08,-7.249183511578588e-12,-0.11246963999997206,4.099734863050142e-08
fBTC,2026-07-23T00:13:44.693957+00:00,0,3,3.8298241576458646e-08,4.099734863050142e-08,1e-08,4.1095890410958903e-08,1111.8065382099999,21.333333333333332,443,2,3.1095890410958906e-08,4.09886174822659e-08,8.731148235517651e-12,-3.0826896000000943,4.098760812464888e-08
fBTC,2026-07-23T03:44:04.880855+00:00,3,3,3.653646504231355e-08,4.098760812464888e-08,1e-08,4.1095890410958903e-08,1111.41778467,21.074074074074073,445,2,3.1095890410958906e-08,4.099734863050142e-08,-9.740505852537509e-12,-0.3887535399999251,4.1000015423192005e-08
fBTC,2026-07-23T06:38:52.852046+00:00,6,3,3.85897224361238e-08,4.1000015423192005e-08,1e-08,4.1286e-08,1154.02168717,22.185185185185187,442,2,3.1286000000000006e-08,4.098760812464888e-08,1.2407298543122696e-11,42.603902500000004,4.102757965147464e-08
fBTC,2026-07-23T09:35:20.007114+00:00,9,3,3.883528830279046e-08,4.102757965147464e-08,1e-08,4.3e-08,1147.9376519099999,22.0,444,2,3.3000000000000004e-08,4.1000015423192005e-08,2.7564228282637267e-11,-6.084035260000064,4.101976030483536e-08
fBTC,2026-07-23T12:01:50.199554+00:00,12,3,3.830868196204972e-08,4.101976030483536e-08,1e-08,4.25e-08,1149.27298068,21.88888888888889,454,2,3.249999999999999e-08,4.102757965147464e-08,-7.819346639281265e-12,1.3353287700001601,4.1002791082160604e-08
fBTC,2026-07-23T14:29:08.321989+00:00,14,3,3.81647560361238e-08,4.1002791082160604e-08,1e-08,4.1095890410958903e-08,1144.51822105,22.074074074074073,440,2,3.1095890410958906e-08,4.101976030483536e-08,-1.6969222674757202e-11,-4.7547596300000805,4.100881301493682e-08
fBTC,2026-07-23T16:44:18.871684+00:00,16,3,3.820912296945713e-08,4.100881301493682e-08,1e-08,4.1286e-08,1131.50877487,22.074074074074073,435,2,3.1286000000000006e-08,4.1002791082160604e-08,6.021932776216722e-12,-13.00944617999994,4.103981370883745e-08
fBTC,2026-07-23T18:36:33.282825+00:00,18,3,3.8216089369457125e-08,4.103981370883745e-08,1e-08,4.1286e-08,1103.8218295899999,22.074074074074073,437,2,3.1286000000000006e-08,4.100881301493682e-08,3.1000693900628876e-11,-27.686945280000145,4.103964253233784e-08
fBTC,2026-07-23T20:19:32.474911+00:00,20,3,3.858879135464231e-08,4.103964253233784e-08,1e-08,4.1286e-08,1101.39579387,23.11111111111111,436,2,3.1286000000000006e-08,4.103981370883745e-08,-1.7117649960852555e-13,-2.4260357199998452,4.1083794676974076e-08
fBTC,2026-07-23T22:13:32.028915+00:00,22,3,3.898077150279046e-08,4.1083794676974076e-08,1e-08,4.33e-08,1102.97509848,22.074074074074073,443,2,3.33e-08,4.103964253233784e-08,4.415214463623496e-11,1.5793046100000083,4.1104665759077243e-08
fBTC,2026-07-23T23:11:00.836238+00:00,23,3,3.90212917398275e-08,4.1104665759077243e-08,1e-08,4.37e-08,1103.14196674,21.77777777777778,454,2,3.3700000000000004e-08,4.1083794676974076e-08,2.087108210316751e-11,0.1668682600000011,4.110921284685261e-08
fBTC,2026-07-24T00:09:33.347704+00:00,0,4,3.8880771502790465e-08,4.110921284685261e-08,1e-08,4.37e-08,1098.72283501,21.77777777777778,459,2,3.3700000000000004e-08,4.1104665759077243e-08,4.547087775367652e-12,-4.419131730000117,4.1119431896927e-08
fBTC,2026-07-24T03:40:35.307397+00:00,3,4,3.917529861390157e-08,4.1119431896927e-08,1e-08,4.4e-08,1084.97349284,20.85185185185185,463,2,3.4e-08,4.110921284685261e-08,1.0219050074389282e-11,-13.749342169999863,4.108015208989442e-08
fBTC,2026-07-24T06:38:16.879930+00:00,6,4,3.905533049538305e-08,4.108015208989442e-08,1e-08,4.33e-08,1047.78956649,25.59259259259259,460,2,3.33e-08,4.1119431896927e-08,-3.9279807032581446e-11,-37.18392635000009,4.1022193044573925e-08
fBTC,2026-07-24T09:32:43.093104+00:00,9,4,3.888147692501268e-08,4.1022193044573925e-08,1e-08,4.27e-08,1124.71455709,22.074074074074073,458,2,3.2699999999999995e-08,4.108015208989442e-08,-5.795904532049429e-11,76.9249906,4.1020499647665125e-08
fBTC,2026-07-24T11:55:01.996224+00:00,11,4,3.752464320649417e-08,4.1020499647665125e-08,1e-08,4.25e-08,1122.59564968,22.25925925925926,460,2,3.249999999999999e-08,4.1022193044573925e-08,-1.6933969088000666e-12,-2.11890741000002,4.101618351993745e-08
fBTC,2026-07-24T14:09:56.249761+00:00,14,4,3.817605405093861e-08,4.101618351993745e-08,1e-08,4.1286e-08,1127.32852935,21.037037037037038,456,2,3.1286000000000006e-08,4.1020499647665125e-08,-4.3161277276775425e-12,4.732879670000102,4.1014066641202505e-08
fBTC,2026-07-24T15:42:51.700444+00:00,15,4,3.8525304717605274e-08,4.1014066641202505e-08,1e-08,4.1286e-08,1128.98991106,21.037037037037038,463,2,3.1286000000000006e-08,4.101618351993745e-08,-2.116878734941556e-12,1.6613817099998869,4.1023258169345384e-08
fBTC,2026-07-24T17:50:06.462349+00:00,17,4,3.8239801725012686e-08,4.1023258169345384e-08,1e-08,4.1679e-08,1119.57602059,21.48148148148148,459,2,3.1679e-08,4.1014066641202505e-08,9.191528142878234e-12,-9.413890469999842,4.110702343502914e-08
fBTC,2026-07-24T19:44:47.990893+00:00,19,4,3.936280172501268e-08,4.110702343502914e-08,1e-08,4.4e-08,1094.77235667,21.22222222222222,461,2,3.4e-08,4.1023258169345384e-08,8.37652656837594e-11,-24.80366392000019,4.109830514505865e-08
fBTC,2026-07-24T21:19:42.253735+00:00,21,4,3.926309700659565e-08,4.109830514505865e-08,1e-08,4.314097260274e-08,1108.86672059,21.14814814814815,454,2,3.314097260274e-08,4.110702343502914e-08,-8.718289970492792e-12,14.094363920000205,4.109764887731717e-08
fBTC,2026-07-24T23:15:13.733909+00:00,23,4,3.7977111710197874e-08,4.109764887731717e-08,1e-08,4.39e-08,1110.45191568,21.703703703703702,453,2,3.3900000000000006e-08,4.109830514505865e-08,-6.562677414805372e-13,1.5851950899998428,4.1064770037049615e-08
fBTC,2026-07-25T00:15:04.073391+00:00,0,5,3.744029517686454e-08,4.1064770037049615e-08,1e-08,4.36e-08,1115.85284647,21.962962962962962,468,2,3.3599999999999996e-08,4.109764887731717e-08,-3.287884026755467e-11,5.400930790000075,4.106015424047916e-08
fBTC,2026-07-25T03:37:40.869213+00:00,3,5,3.711353209538306e-08,4.106015424047916e-08,1e-08,4.24e-08,1107.01736639,22.37037037037037,455,2,3.24e-08,4.1064770037049615e-08,-4.615796570455244e-12,-8.835480080000025,4.1018472378156756e-08
fBTC,2026-07-25T06:28:08.873374+00:00,6,5,3.730932190279046e-08,4.1018472378156756e-08,1e-08,4.34e-08,1116.08098842,21.85185185185185,458,2,3.3399999999999995e-08,4.106015424047916e-08,-4.168186232240368e-11,9.063622030000033,4.103653244797872e-08
fBTC,2026-07-25T09:11:23.953005+00:00,9,5,3.7726086554236425e-08,4.103653244797872e-08,1e-08,4.1095890410958903e-08,1142.08643247,21.37037037037037,452,2,3.1095890410958906e-08,4.1018472378156756e-08,1.8060069821964613e-11,26.00544405000005,4.104912825754655e-08
fBTC,2026-07-25T10:42:41.813579+00:00,10,5,3.872217209538305e-08,4.104912825754655e-08,1e-08,4.21e-08,1145.2969297,22.074074074074073,454,2,3.21e-08,4.103653244797872e-08,1.259580956782779e-11,3.2104972299998735,4.104963094117545e-08
fBTC,2026-07-25T12:08:41.788991+00:00,12,5,3.8196246169457126e-08,4.104963094117545e-08,1e-08,4.1286e-08,1137.65820117,22.074074074074073,454,2,3.1286000000000006e-08,4.104912825754655e-08,5.026836289043108e-13,-7.63872852999998,4.104989376902569e-08
fBTC,2026-07-25T14:00:05.417376+00:00,14,5,3.869254246575343e-08,4.104989376902569e-08,1e-08,4.23e-08,1144.3524182,22.074074074074073,455,2,3.2300000000000005e-08,4.104963094117545e-08,2.6282785023591124e-13,6.694217030000118,4.106193728513238e-08
fBTC,2026-07-25T15:18:04.118942+00:00,15,5,3.8603653576864534e-08,4.106193728513238e-08,1e-08,4.1286e-08,1130.9672128299999,22.074074074074073,455,2,3.1286000000000006e-08,4.104989376902569e-08,1.2043516106688184e-11,-13.385205370000222,4.107761510425864e-08
fBTC,2026-07-25T17:13:26.076256+00:00,17,5,3.869254246575343e-08,4.107761510425864e-08,1e-08,4.23e-08,1135.28938997,22.074074074074073,466,2,3.2300000000000005e-08,4.106193728513238e-08,1.5677819126260182e-11,4.322177140000122,4.1090697157227705e-08
fBTC,2026-07-25T18:06:46.247829+00:00,18,5,3.842587579908676e-08,4.1090697157227705e-08,1e-08,4.27e-08,1133.30445998,21.77777777777778,470,2,3.2699999999999995e-08,4.107761510425864e-08,1.3082052969067566e-11,-1.984929989999955,4.11224598891958e-08
fBTC,2026-07-25T19:32:56.569191+00:00,19,5,3.9695298021308975e-08,4.11224598891958e-08,1e-08,4.45e-08,1115.2135852,21.22222222222222,471,2,3.45e-08,4.1090697157227705e-08,3.176273196809415e-11,-18.09087478000015,4.111786999940847e-08
fBTC,2026-07-25T21:07:47.404929+00:00,21,5,3.897945357686453e-08,4.111786999940847e-08,1e-08,4.40496e-08,1115.37532709,21.22222222222222,474,2,3.4049599999999995e-08,4.11224598891958e-08,-4.589889787329391e-12,0.16174189000003025,4.111909645230207e-08
fBTC,2026-07-25T22:08:34.699599+00:00,22,5,3.892206098427195e-08,4.111909645230207e-08,1e-08,4.47e-08,1112.65813341,20.925925925925927,473,2,3.47e-08,4.111786999940847e-08,1.2264528936015604e-12,-2.7171936800000367,4.114905141647007e-08
fBTC,2026-07-25T23:10:40.826889+00:00,23,5,3.960897612501268e-08,4.114905141647007e-08,1e-08,4.45536e-08,1123.51547656,21.22222222222222,478,2,3.45536e-08,4.111909645230207e-08,2.995496416800145e-11,10.857343150000133,4.1107154117214763e-08
fBTC,2026-07-26T00:11:49.259975+00:00,0,6,3.9332208006494166e-08,4.1107154117214763e-08,1e-08,4.33e-08,1113.83546116,21.333333333333332,468,2,3.33e-08,4.114905141647007e-08,-4.1897299255309144e-11,-9.680015400000002,4.110161595839725e-08
fBTC,2026-07-26T03:52:53.984693+00:00,3,6,3.897473102871639e-08,4.110161595839725e-08,1e-08,4.3e-08,1117.76748128,25.37037037037037,473,2,3.3000000000000004e-08,4.1107154117214763e-08,-5.5381588175114374e-12,3.932020120000061,4.113441935293646e-08
fBTC,2026-07-26T06:47:32.532184+00:00,6,6,3.95143106435312e-08,4.113441935293646e-08,1e-08,4.46e-08,1092.91088782,21.037037037037038,487,2,3.4600000000000005e-08,4.110161595839725e-08,3.2803394539209586e-11,-24.856593460000113,4.107585173430535e-08
fBTC,2026-07-26T09:22:39.561008+00:00,9,6,3.905554240649417e-08,4.107585173430535e-08,1e-08,4.31e-08,938.52545511,22.37037037037037,381,2,3.31e-08,4.113441935293646e-08,-5.856761863111357e-11,-154.38543270999992,4.110176025616787e-08
fBTC,2026-07-26T11:36:04.587357+00:00,11,6,3.9424157339827504e-08,4.110176025616787e-08,1e-08,4.42e-08,999.63585007,20.925925925925927,397,2,3.42e-08,4.107585173430535e-08,2.5908521862524525e-11,61.110394959999894,4.1107616148766756e-08
fBTC,2026-07-26T13:54:15.620387+00:00,13,6,3.891854305834602e-08,4.1107616148766756e-08,1e-08,4.39e-08,999.86689614,21.14814814814815,397,2,3.3900000000000006e-08,4.110176025616787e-08,5.855892598883106e-12,0.23104607000004762,4.110220717429417e-08
fBTC,2026-07-26T15:19:16.069110+00:00,15,6,3.947945357686454e-08,4.110220717429417e-08,1e-08,4.41e-08,981.76760778,20.925925925925927,377,2,3.4099999999999994e-08,4.1107616148766756e-08,-5.408974472584646e-12,-18.099288359999946,4.109058364190615e-08
fBTC,2026-07-26T17:13:50.535425+00:00,17,6,3.92417818366312e-08,4.109058364190615e-08,1e-08,4.294297260274e-08,974.44797917,21.444444444444443,378,2,3.294297260274e-08,4.110220717429417e-08,-1.1623532388023088e-11,-7.319628609999995,4.1125203867548344e-08
fBTC,2026-07-26T18:11:12.353556+00:00,18,6,3.950430136986306e-08,4.1125203867548344e-08,1e-08,4.42e-08,979.91868536,21.22222222222222,392,2,3.42e-08,4.109058364190615e-08,3.462022564219666e-11,5.470706189999987,4.110266526018063e-08
fBTC,2026-07-26T19:32:45.597421+00:00,19,6,3.953812125824462e-08,4.110266526018063e-08,1e-08,4.400894520548e-08,867.00958458,21.85185185185185,313,2,3.400894520548e-08,4.1125203867548344e-08,-2.2538607367712373e-11,-112.90910078000002,4.1118939482867936e-08
fBTC,2026-07-26T21:10:25.764816+00:00,21,6,3.879929473201425e-08,4.1118939482867936e-08,1e-08,4.39e-08,870.87419018,21.51851851851852,324,2,3.3900000000000006e-08,4.110266526018063e-08,1.6274222687304016e-11,3.8646056000000044,4.11249897734679e-08
fBTC,2026-07-26T22:11:12.806520+00:00,22,6,3.954047648016239e-08,4.11249897734679e-08,1e-08,4.45e-08,865.28067509,21.59259259259259,316,2,3.45e-08,4.1118939482867936e-08,6.050290599967172e-12,-5.593515089999983,4.1087647431652656e-08
fBTC,2026-07-26T23:10:50.314206+00:00,23,6,3.8936704479756515e-08,4.1087647431652656e-08,1e-08,4.41e-08,858.29508665,21.22222222222222,299,2,3.4099999999999994e-08,4.11249897734679e-08,-3.734234181524773e-11,-6.985588440000015,4.1049269470188865e-08
fBTC,2026-07-27T00:11:12.929117+00:00,0,0,3.742365369457132e-08,4.1049269470188865e-08,1e-08,4.31e-08,852.0800156,21.62962962962963,287,2,3.31e-08,4.1087647431652656e-08,-3.8377961463790844e-11,-6.215071050000006,3.8377843968191356e-08
fBTC,2026-07-27T03:59:46.846093+00:00,3,0,3.735065480669715e-08,3.8377843968191356e-08,1e-08,4.2e-08,848.10525597,21.444444444444443,289,2,3.1999999999999995e-08,4.1049269470188865e-08,-2.6714255019975084e-09,-3.974759629999994,3.890957741808237e-08
fBTC,2026-07-27T07:48:02.022243+00:00,7,0,3.574260819928974e-08,3.890957741808237e-08,1e-08,4.109589041096e-08,1151.4846127199999,21.74074074074074,305,2,3.1095890410960005e-08,3.8377843968191356e-08,5.317334498910136e-10,303.37935674999983,3.8712303028415127e-08
fBTC,2026-07-27T11:37:09.564802+00:00,11,0,3.655572165073567e-08,3.8712303028415127e-08,1e-08,4.09e-08,1047.26142996,20.296296296296298,308,2,3.0900000000000005e-08,3.890957741808237e-08,-1.9727438966724343e-10,-104.22318275999987,3.8751660593887906e-08
fBTC,2026-07-27T15:11:31.709036+00:00,15,0,3.711519634703196e-08,3.8751660593887906e-08,1e-08,4.09e-08,1047.09218993,20.51851851851852,331,2,3.0900000000000005e-08,3.8712303028415127e-08,3.935756547277918e-11,-0.1692400300000827,3.875445695620218e-08
fBTC,2026-07-27T17:06:26.797763+00:00,17,0,3.655419708777271e-08,3.875445695620218e-08,1e-08,4.09e-08,1038.22479196,20.22222222222222,309,2,3.0900000000000005e-08,3.8751660593887906e-08,2.796362314271389e-12,-8.867397969999956,3.8757712760082987e-08
fBTC,2026-07-27T18:45:40.185929+00:00,18,0,3.643896716184678e-08,3.8757712760082987e-08,1e-08,4.06e-08,1029.2738903,20.51851851851852,316,2,3.0599999999999996e-08,3.875445695620218e-08,3.2558038808094047e-12,-8.95090166,3.875061259201886e-08
fBTC,2026-07-27T20:41:57.556139+00:00,20,0,3.539327042110604e-08,3.875061259201886e-08,1e-08,4.09e-08,1017.72211574,21.74074074074074,302,2,3.0900000000000005e-08,3.8757712760082987e-08,-7.100168064128366e-12,-11.551774559999899,3.875279934216017e-08
fBTC,2026-07-27T22:16:53.361988+00:00,22,0,3.539664511740233e-08,3.875279934216017e-08,1e-08,4.06e-08,1016.20265565,20.703703703703702,299,2,3.0599999999999996e-08,3.875061259201886e-08,2.1867501413136413e-12,-1.5194600900000523,3.8553733047376075e-08
fBTC,2026-07-27T23:28:22.773461+00:00,23,0,3.4923232554439374e-08,3.8553733047376075e-08,1e-08,4.02e-08,914.1848463700001,20.88888888888889,306,2,3.0200000000000006e-08,3.875279934216017e-08,-1.9906629478409713e-10,-102.01780927999994,3.856801066970133e-08
fBTC,2026-07-28T03:32:47.292226+00:00,3,1,3.631222126555048e-08,3.856801066970133e-08,1e-08,4.01e-08,931.22210242,20.444444444444443,318,2,3.01e-08,3.8553733047376075e-08,1.4277622325252495e-11,17.037256049999996,3.8565818823982253e-08
fBTC,2026-07-28T06:38:52.058379+00:00,6,1,3.528123083592085e-08,3.8565818823982253e-08,1e-08,4e-08,935.85753967,20.925925925925927,281,2,3.0000000000000004e-08,3.856801066970133e-08,-2.191845719073709e-12,4.635437249999995,3.83298518806921e-08
fBTC,2026-07-28T09:46:29.995588+00:00,9,1,3.6218393591476414e-08,3.83298518806921e-08,1e-08,3.94e-08,1089.30974303,20.14814814814815,334,2,2.9400000000000002e-08,3.8565818823982253e-08,-2.359669432901539e-10,153.45220335999988,3.823359595948804e-08
fBTC,2026-07-28T12:11:48.846034+00:00,12,1,3.596414544454591e-08,3.823359595948804e-08,1e-08,3.835616438356165e-08,981.1593131,20.925925925925927,316,2,2.8356164383561647e-08,3.83298518806921e-08,-9.625592120405719e-11,-108.15042992999997,
fETH,2026-07-21T14:26:37.844159+00:00,14,1,1.165135491633298e-05,1.9572359630263667e-05,2e-07,1.975890410958904e-05,3337.58023226,4.423076923076923,138,2,1.955890410958904e-05,,,,1.9818789748657576e-05
fETH,2026-07-21T14:30:51.146084+00:00,14,1,1.7817303161222338e-05,1.9818789748657576e-05,2e-07,2.1e-05,5099.1120998999995,20.307692307692307,159,2,2.0799999999999997e-05,1.9572359630263667e-05,2.464301183939085e-07,1761.5318676399997,1.910599919209486e-05
fETH,2026-07-21T16:40:48.486530+00:00,16,1,1.8762750842992623e-05,1.910599919209486e-05,2e-07,2.47e-05,5208.42621356,25.692307692307693,172,2,2.45e-05,1.9818789748657576e-05,-7.127905565627173e-07,109.31411366000066,1.907597552359122e-05
fETH,2026-07-21T18:39:20.169774+00:00,18,1,1.8741850895679663e-05,1.907597552359122e-05,2e-07,2.3e-05,5286.41521922,30.03846153846154,179,2,2.28e-05,1.910599919209486e-05,-3.002366850363776e-08,77.98900565999975,1.9085267969314515e-05
fETH,2026-07-21T20:35:06.953287+00:00,20,1,1.916712328767123e-05,1.9085267969314515e-05,2e-07,2.47e-05,5344.6142009,29.53846153846154,179,2,2.45e-05,1.907597552359122e-05,9.292445723293796e-09,58.19898167999963,1.9026048542856567e-05
fETH,2026-07-21T22:11:29.958326+00:00,22,1,1.6765684931506853e-05,1.9026048542856567e-05,2e-07,2e-05,5569.62267444,20.692307692307693,182,2,1.98e-05,1.9085267969314515e-05,-5.921942645794768e-08,225.00847354000052,1.901892031451993e-05
fETH,2026-07-21T23:10:28.934679+00:00,23,1,1.6761575342465755e-05,1.901892031451993e-05,2e-07,2e-05,5579.73194161,20.692307692307693,184,2,1.98e-05,1.9026048542856567e-05,-7.128228336635261e-09,10.109267169999839,1.9029430716453457e-05
fETH,2026-07-22T00:04:45.877740+00:00,0,2,1.9132876712328764e-05,1.9029430716453457e-05,2e-07,2.47e-05,5443.56363694,29.53846153846154,184,2,2.45e-05,1.901892031451993e-05,1.051040193352526e-08,-136.16830467,1.859660827845947e-05
fETH,2026-07-22T03:43:28.969630+00:00,3,2,1.8014567966280294e-05,1.859660827845947e-05,2e-07,2.1e-05,5651.96878091,24.846153846153847,188,2,2.0799999999999997e-05,1.9029430716453457e-05,-4.328224379939884e-07,208.4051439699997,1.8293194480114548e-05
fETH,2026-07-22T06:41:19.044288+00:00,6,2,1.1604621893782928e-05,1.8293194480114548e-05,2e-07,1.8345205479452055e-05,3251.3799363599996,3.1153846153846154,134,2,1.8145205479452053e-05,1.859660827845947e-05,-3.034137983449209e-07,-2400.58884455,6.518609391648837e-06
fETH,2026-07-22T09:37:45.005243+00:00,9,2,6.290226982507903e-06,6.518609391648837e-06,2e-07,9.97712739726027e-06,31.21611736,2.8461538461538463,26,2,9.77712739726027e-06,1.8293194480114548e-05,-1.177458508846571e-05,-3220.1638189999994,1.7666840697962736e-05
fETH,2026-07-22T12:02:30.511904+00:00,12,2,1.3071914169441517e-05,1.7666840697962736e-05,2e-07,1.7687671232876714e-05,6216.33928606,10.653846153846153,189,2,1.7487671232876712e-05,6.518609391648837e-06,1.1148231306313898e-05,6185.1231687,1.3218128363569212e-05
fETH,2026-07-22T14:20:37.497019+00:00,14,2,1.098767583667018e-05,1.3218128363569212e-05,2e-07,1.797e-05,49.58447216,9.423076923076923,26,2,1.7769999999999998e-05,1.7666840697962736e-05,-4.448712334393523e-06,-6166.7548139,1.4222561669851026e-05
fETH,2026-07-22T16:43:20.875669+00:00,16,2,9.71849157007376e-06,1.4222561669851026e-05,2e-07,1.75e-05,85.82678788,2.1923076923076925,27,2,1.7299999999999997e-05,1.3218128363569212e-05,1.0044333062818133e-06,36.24231572,1.741239538143063e-05
fETH,2026-07-22T18:20:48.059087+00:00,18,2,1.3333843316332982e-05,1.741239538143063e-05,2e-07,1.744109589041096e-05,6300.36704733,9.423076923076923,192,2,1.7241095890410958e-05,1.4222561669851026e-05,3.1898337115796055e-06,6214.54025945,1.7557066687144872e-05
fETH,2026-07-22T20:20:21.091781+00:00,20,2,1.6747397260273973e-05,1.7557066687144872e-05,2e-07,1.8e-05,13118.85661157,25.76923076923077,195,2,1.78e-05,1.741239538143063e-05,1.446713057142411e-07,6818.48956424,1.753195273260341e-05
fETH,2026-07-22T22:15:31.336625+00:00,22,2,1.2382677866807165e-05,1.753195273260341e-05,2e-07,1.76e-05,12474.57825289,13.307692307692308,177,2,1.74e-05,1.7557066687144872e-05,-2.5113954541461988e-08,-644.2783586799997,1.749359197567182e-05
fETH,2026-07-22T23:16:01.195120+00:00,23,2,1.1265442842571127e-05,1.749359197567182e-05,2e-07,1.7564383561643835e-05,12482.5692096,13.192307692307692,171,2,1.7364383561643833e-05,1.753195273260341e-05,-3.836075693158957e-08,7.990956710000319,1.748235869873922e-05
fETH,2026-07-23T00:13:44.893056+00:00,0,3,1.2501298339726028e-05,1.748235869873922e-05,2e-07,1.7501369863013698e-05,12475.827187789999,13.23076923076923,176,2,1.7301369863013696e-05,1.749359197567182e-05,-1.123327693260191e-08,-6.742021810001461,1.0202591801867724e-05
fETH,2026-07-23T03:44:05.374033+00:00,3,3,7.384944053108536e-06,1.0202591801867724e-05,2e-07,1.7e-05,41.92383681,4.384615384615385,28,2,1.68e-05,1.748235869873922e-05,-7.279766896871495e-06,-12433.90335098,1.7214240889460114e-05
fETH,2026-07-23T06:38:52.998565+00:00,6,3,1.571472444678609e-05,1.7214240889460114e-05,2e-07,1.798e-05,13311.58066864,26.46153846153846,193,2,1.778e-05,1.0202591801867724e-05,7.01164908759239e-06,13269.65683183,1.7192686969923673e-05
fETH,2026-07-23T09:35:20.205124+00:00,9,3,1.5860851949420442e-05,1.7192686969923673e-05,2e-07,1.804657534246575e-05,13448.83432184,25.384615384615383,196,2,1.784657534246575e-05,1.7214240889460114e-05,-2.1553919536441377e-08,137.25365320000128,1.714330823521509e-05
fETH,2026-07-23T12:01:50.368869+00:00,12,3,1.683677397260274e-05,1.714330823521509e-05,2e-07,2e-05,13505.15212259,29.46153846153846,202,2,1.98e-05,1.7192686969923673e-05,-4.937873470858207e-08,56.31780074999915,1.6938188264724847e-05
fETH,2026-07-23T14:29:08.627304+00:00,14,3,1.4418903740779767e-05,1.6938188264724847e-05,2e-07,1.797e-05,13336.02653276,25.0,203,2,1.7769999999999998e-05,1.714330823521509e-05,-2.0511997049024337e-07,-169.12558983000054,1.6935827115200488e-05
fETH,2026-07-23T16:44:19.021778+00:00,16,3,1.4717648577449949e-05,1.6935827115200488e-05,2e-07,1.798e-05,13476.40287292,24.923076923076923,205,2,1.778e-05,1.6938188264724847e-05,-2.3611495243597313e-09,140.37634016000084,1.6907845304073807e-05
fETH,2026-07-23T18:36:33.449562+00:00,18,3,1.6304187038988408e-05,1.6907845304073807e-05,2e-07,1.917808219178082e-05,13508.197003849999,24.923076923076923,202,2,1.8978082191780817e-05,1.6935827115200488e-05,-2.798181112668031e-08,31.794130929998573,1.691602383191214e-05
fETH,2026-07-23T20:19:32.645557+00:00,20,3,1.6611563224446784e-05,1.691602383191214e-05,2e-07,2e-05,13503.70149192,29.46153846153846,204,2,1.98e-05,1.6907845304073807e-05,8.17852783833298e-09,-4.4955119299993385,1.6999741269748103e-05
fETH,2026-07-23T22:13:32.184616+00:00,22,3,1.5866257639620653e-05,1.6999741269748103e-05,2e-07,1.804657534246575e-05,13465.53898525,25.307692307692307,202,2,1.784657534246575e-05,1.691602383191214e-05,8.371743783596242e-08,-38.16250666999986,1.699017717184777e-05
fETH,2026-07-23T23:11:01.215736+00:00,23,3,1.6706426238145415e-05,1.699017717184777e-05,2e-07,2e-05,13414.577793729999,29.46153846153846,200,2,1.98e-05,1.6999741269748103e-05,-9.564097900331198e-09,-50.961191520000284,1.6982148446970287e-05
fETH,2026-07-24T00:09:33.558317+00:00,0,4,1.6067511591148578e-05,1.6982148446970287e-05,2e-07,1.917e-05,13530.58829673,24.923076923076923,202,2,1.897e-05,1.699017717184777e-05,-8.028724877484817e-09,116.01050300000134,1.6955380637877963e-05
fETH,2026-07-24T03:40:35.483921+00:00,3,4,1.3407361801896733e-05,1.6955380637877963e-05,2e-07,1.8e-05,13479.85584692,29.46153846153846,201,2,1.78e-05,1.6982148446970287e-05,-2.676780909232311e-08,-50.73244981000062,1.6978807678556214e-05
fETH,2026-07-24T06:38:17.049490+00:00,6,4,1.4294987881981034e-05,1.6978807678556214e-05,2e-07,1.804657534246575e-05,13461.74479353,25.615384615384617,201,2,1.784657534246575e-05,1.6955380637877963e-05,2.3427040678250093e-08,-18.111053389999142,1.7009814547614853e-05
fETH,2026-07-24T09:32:43.273898+00:00,9,4,1.525273287671233e-05,1.7009814547614853e-05,2e-07,1.917808219178082e-05,13530.9294835,24.923076923076923,203,2,1.8978082191780817e-05,1.6978807678556214e-05,3.10068690586397e-08,69.18468996999945,1.7065750931454368e-05
fETH,2026-07-24T11:55:02.146694+00:00,11,4,1.5949097471022128e-05,1.7065750931454368e-05,2e-07,1.961369863013699e-05,13531.29793174,24.923076923076923,202,2,1.941369863013699e-05,1.7009814547614853e-05,5.593638383951481e-08,0.3684482400003617,1.7082755437136674e-05
fETH,2026-07-24T14:09:56.445861+00:00,14,4,1.6488233403582718e-05,1.7082755437136674e-05,2e-07,1.917e-05,13511.72678073,24.923076923076923,202,2,1.897e-05,1.7065750931454368e-05,1.700450568230594e-08,-19.571151010000904,1.7065182030973062e-05
fETH,2026-07-24T15:42:51.875100+00:00,15,4,8.28516518735511e-06,1.7065182030973062e-05,2e-07,1.710958904109589e-05,5720.66547816,3.3846153846153846,162,2,1.690958904109589e-05,1.7082755437136674e-05,-1.757340616361197e-08,-7791.0613025699995,1.702449887706242e-05
fETH,2026-07-24T17:50:06.611145+00:00,17,4,1.6207511591148577e-05,1.702449887706242e-05,2e-07,1.8e-05,13511.84736124,25.96153846153846,202,2,1.78e-05,1.7065182030973062e-05,-4.068315391064138e-08,7791.181883079999,1.6728557863237918e-05
fETH,2026-07-24T19:44:48.192458+00:00,19,4,1.4231958377239198e-05,1.6728557863237918e-05,2e-07,1.7449e-05,7025.2351874,16.46153846153846,204,2,1.7248999999999997e-05,1.702449887706242e-05,-2.9594101382450315e-07,-6486.61217384,1.7159525982169633e-05
fETH,2026-07-24T21:19:42.724002+00:00,21,4,1.6787659114857745e-05,1.7159525982169633e-05,2e-07,2e-05,13573.270775609999,29.923076923076923,205,2,1.98e-05,1.6728557863237918e-05,4.3096811893171544e-07,6548.035588209999,1.715016119903742e-05
fETH,2026-07-24T23:15:14.107907+00:00,23,4,1.5523170126448892e-05,1.715016119903742e-05,2e-07,1.81e-05,13609.40986435,25.384615384615383,205,2,1.7899999999999998e-05,1.7159525982169633e-05,-9.364783132214337e-09,36.13908874000117,1.7141440349778696e-05
fETH,2026-07-25T00:15:04.222676+00:00,0,5,1.4192485194942043e-05,1.7141440349778696e-05,2e-07,1.797e-05,13590.82371673,26.076923076923077,204,2,1.7769999999999998e-05,1.715016119903742e-05,-8.720849258722982e-09,-18.586147620000702,1.7079081484322643e-05
fETH,2026-07-25T03:37:41.013860+00:00,3,5,9.81106181496312e-06,1.7079081484322643e-05,2e-07,1.7142465753424658e-05,6795.47009707,14.615384615384615,205,2,1.6942465753424656e-05,1.7141440349778696e-05,-6.235886545605249e-08,-6795.35361966,1.70616409149872e-05
fETH,2026-07-25T06:28:09.046774+00:00,6,5,1.3526696414330875e-05,1.70616409149872e-05,2e-07,1.75e-05,13672.881122179999,20.73076923076923,208,2,1.7299999999999997e-05,1.7079081484322643e-05,-1.7440569335442122e-08,6877.411025109999,1.7004238247687897e-05
fETH,2026-07-25T09:11:24.129057+00:00,9,5,1.627457360379347e-05,1.7004238247687897e-05,2e-07,1.81e-05,13678.378705629999,26.346153846153847,206,2,1.7899999999999998e-05,1.70616409149872e-05,-5.740266729930429e-08,5.497583450000093,1.7020447683295016e-05
fETH,2026-07-25T10:42:41.978161+00:00,10,5,1.629101195995785e-05,1.7020447683295016e-05,2e-07,1.81e-05,13701.246890819999,26.346153846153847,206,2,1.7899999999999998e-05,1.7004238247687897e-05,1.6209435607119732e-08,22.868185190000077,1.7026835564119044e-05
fETH,2026-07-25T12:08:41.943073+00:00,12,5,1.5554078345626973e-05,1.7026835564119044e-05,2e-07,1.8e-05,13680.65324566,26.346153846153847,207,2,1.78e-05,1.7020447683295016e-05,6.387880824027247e-09,-20.59364515999914,1.7103422266052378e-05
fETH,2026-07-25T14:00:05.575801+00:00,14,5,1.684572550052687e-05,1.7103422266052378e-05,2e-07,2e-05,13739.27879957,29.46153846153846,213,2,1.98e-05,1.7026835564119044e-05,7.658670193333393e-08,58.625553910000235,1.7137442346350272e-05
fETH,2026-07-25T15:18:04.268744+00:00,15,5,1.6878602212855636e-05,1.7137442346350272e-05,2e-07,2e-05,13734.50503757,29.46153846153846,213,2,1.98e-05,1.7103422266052378e-05,3.402008029789472e-08,-4.7737620000007155,1.7103870161147336e-05
fETH,2026-07-25T17:13:26.239520+00:00,17,5,1.6420124868282403e-05,1.7103870161147336e-05,2e-07,1.917808219178082e-05,13711.1063528,25.26923076923077,208,2,1.8978082191780817e-05,1.7137442346350272e-05,-3.357218520293659e-08,-23.398684769999818,1.7134200249181853e-05
fETH,2026-07-25T18:06:46.402224+00:00,18,5,1.4749571654373024e-05,1.7134200249181853e-05,2e-07,1.79e-05,13679.93869762,25.26923076923077,211,2,1.77e-05,1.7103870161147336e-05,3.033008803451684e-08,-31.1676551799992,1.71041667424623e-05
fETH,2026-07-25T19:32:56.912286+00:00,19,5,1.63396875658588e-05,1.71041667424623e-05,2e-07,1.917808219178082e-05,13706.4562408,25.26923076923077,210,2,1.8978082191780817e-05,1.7134200249181853e-05,-3.003350671955271e-08,26.517543179999848,1.7168009321659312e-05
fETH,2026-07-25T21:07:47.707131+00:00,21,5,1.5927359009483666e-05,1.7168009321659312e-05,2e-07,1.81e-05,13602.72064208,25.26923076923077,208,2,1.7899999999999998e-05,1.71041667424623e-05,6.384257919701193e-08,-103.73559872000078,1.713772242460955e-05
fETH,2026-07-25T22:08:34.871136+00:00,22,5,1.4703120126448895e-05,1.713772242460955e-05,2e-07,1.797e-05,13677.906932529999,25.96153846153846,211,2,1.7769999999999998e-05,1.7168009321659312e-05,-3.028689704976208e-08,75.18629044999943,1.7132915681288597e-05
fETH,2026-07-25T23:10:41.027327+00:00,23,5,1.4158163329820865e-05,1.7132915681288597e-05,2e-07,1.75e-05,13679.99517531,21.423076923076923,211,2,1.7299999999999997e-05,1.713772242460955e-05,-4.806743320952581e-09,2.0882427800006553,1.7131513256623054e-05
fETH,2026-07-26T00:11:50.480606+00:00,0,6,1.4155576923076924e-05,1.7131513256623054e-05,2e-07,1.75e-05,13680.55953374,21.423076923076923,212,2,1.7299999999999997e-05,1.7132915681288597e-05,-1.4024246655434372e-09,0.5643584299996292,1.7093713202631813e-05
fETH,2026-07-26T03:52:54.139295+00:00,3,6,1.6332210221285565e-05,1.7093713202631813e-05,2e-07,1.81e-05,13701.44939417,25.26923076923077,207,2,1.7899999999999998e-05,1.7131513256623054e-05,-3.780005399124027e-08,20.889860430001136,1.7098407862541868e-05
fETH,2026-07-26T06:47:32.858914+00:00,6,6,1.584803846153846e-05,1.7098407862541868e-05,2e-07,1.797e-05,13685.98277854,26.346153846153847,207,2,1.7769999999999998e-05,1.7093713202631813e-05,4.694659910054247e-09,-15.466615630000888,1.6761073812042285e-05
fETH,2026-07-26T09:22:39.705872+00:00,9,6,1.3005798123076923e-05,1.6761073812042285e-05,2e-07,1.6772602739726028e-05,6823.76976488,14.576923076923077,208,2,1.6572602739726026e-05,1.7098407862541868e-05,-3.373340504995832e-07,-6862.213013659999,1.707276291035168e-05
fETH,2026-07-26T11:36:04.775378+00:00,11,6,1.631787249736565e-05,1.707276291035168e-05,2e-07,1.81e-05,13699.68189396,25.26923076923077,209,2,1.7899999999999998e-05,1.6761073812042285e-05,3.11689098309394e-07,6875.912129079999,1.708806885587998e-05
fETH,2026-07-26T13:54:15.819991+00:00,13,6,1.6203901844046365e-05,1.708806885587998e-05,2e-07,1.961369863013699e-05,13690.82366807,25.26923076923077,207,2,1.941369863013699e-05,1.707276291035168e-05,1.5305945528299906e-08,-8.85822589000054,1.7334885476321234e-05
fETH,2026-07-26T15:19:16.257103+00:00,15,6,1.2318003793466805e-05,1.7334885476321234e-05,2e-07,1.75e-05,13667.317642349999,17.0,207,2,1.7299999999999997e-05,1.708806885587998e-05,2.468166204412555e-07,-23.506025720000252,1.7119539850311352e-05
fETH,2026-07-26T17:13:51.884707+00:00,17,6,1.6955793993677554e-05,1.7119539850311352e-05,2e-07,2e-05,13723.11308291,29.46153846153846,214,2,1.98e-05,1.7334885476321234e-05,-2.153456260098819e-07,55.795440560001225,1.7096949006489526e-05
fETH,2026-07-26T18:11:12.849575+00:00,18,6,1.452327555321391e-05,1.7096949006489526e-05,2e-07,1.81e-05,13687.68544773,24.923076923076923,209,2,1.7899999999999998e-05,1.7119539850311352e-05,-2.2590843821826444e-08,-35.427635179999925,1.7106907571306985e-05
fETH,2026-07-26T19:32:45.761444+00:00,19,6,1.3673797330242359e-05,1.7106907571306985e-05,2e-07,1.79e-05,13665.85628498,25.03846153846154,211,2,1.77e-05,1.7096949006489526e-05,9.958564817459583e-09,-21.82916275000025,1.7182020788677473e-05
fETH,2026-07-26T21:10:25.935833+00:00,21,6,1.6786932033719705e-05,1.7182020788677473e-05,2e-07,1.961369863013699e-05,13680.42122448,24.923076923076923,204,2,1.941369863013699e-05,1.7106907571306985e-05,7.51132173704883e-08,14.564939500000037,1.734731543452801e-05
fETH,2026-07-26T22:11:12.972882+00:00,22,6,1.437794014752371e-05,1.734731543452801e-05,2e-07,1.75e-05,13671.621037699999,20.384615384615383,205,2,1.7299999999999997e-05,1.7182020788677473e-05,1.65294645850537e-07,-8.80018678000124,1.716661612588002e-05
fETH,2026-07-26T23:10:50.483463+00:00,23,6,1.6999629610115913e-05,1.716661612588002e-05,2e-07,2e-05,13644.82017586,29.46153846153846,204,2,1.98e-05,1.734731543452801e-05,-1.8069930864799148e-07,-26.800861839998106,1.71667497912903e-05
fETH,2026-07-27T00:11:13.129998+00:00,0,0,1.5580059360730595e-05,1.71667497912903e-05,2e-07,1.917808219178082e-05,13625.43704468,24.074074074074073,199,3,1.8978082191780817e-05,1.716661612588002e-05,1.3366541027972647e-10,-19.38313118000042,1.7090495438524547e-05
fETH,2026-07-27T03:59:47.019409+00:00,3,0,1.4861620273972603e-05,1.7090495438524547e-05,2e-07,1.8e-05,13625.76969569,26.12,200,0,1.78e-05,1.71667497912903e-05,-7.625435276575169e-08,0.3326510099996085,1.7150798442080864e-05
fETH,2026-07-27T07:48:02.171368+00:00,7,0,1.0368007580931508e-05,1.7150798442080864e-05,2e-07,1.72e-05,6990.4915363499995,9.96,196,0,1.7e-05,1.7090495438524547e-05,6.030300355631691e-08,-6635.2781593400005,1.7076691358487532e-05
fETH,2026-07-27T11:37:09.757009+00:00,11,0,1.7335209315068495e-05,1.7076691358487532e-05,1.58e-05,1.999e-05,13734.40697005,30.44,202,0,4.189999999999999e-06,1.7150798442080864e-05,-7.410708359333157e-08,6743.915433700001,1.705824987015351e-05
fETH,2026-07-27T15:11:31.920315+00:00,15,0,1.7495614794520547e-05,1.705824987015351e-05,1.6635616438356163e-05,2e-05,13642.23955138,35.16,201,0,3.3643835616438385e-06,1.7076691358487532e-05,-1.8441488334021774e-08,-92.16741867000019,1.703496758277609e-05
fETH,2026-07-27T17:06:27.394792+00:00,17,0,1.6945203616438354e-05,1.703496758277609e-05,6.8452e-06,1.999e-05,13596.29762703,30.44,202,0,1.31448e-05,1.705824987015351e-05,-2.3282287377419318e-08,-45.94192434999968,1.7024509160198983e-05
fETH,2026-07-27T18:45:40.333161+00:00,18,0,1.7458573698630138e-05,1.7024509160198983e-05,1.6564383561643834e-05,2e-05,13556.10842443,35.16,202,0,3.4356164383561675e-06,1.703496758277609e-05,-1.0458422577108424e-08,-40.1892026000005,1.641803604689804e-05
fETH,2026-07-27T20:41:57.729908+00:00,20,0,1.0205834410958903e-05,1.641803604689804e-05,1.06e-06,1.643835616438356e-05,5723.67489328,14.24,116,0,1.537835616438356e-05,1.7024509160198983e-05,-6.064731133009443e-07,-7832.43353115,1.6990161929223375e-05
fETH,2026-07-27T22:16:53.614676+00:00,22,0,1.7693861369863015e-05,1.6990161929223375e-05,1.6383561643835615e-05,2.1e-05,12389.55958745,39.76,118,0,4.616438356164384e-06,1.641803604689804e-05,5.721258823253365e-07,6665.884694169999,1.6952212611944953e-05
fETH,2026-07-27T23:28:22.931359+00:00,23,0,1.6111724383561644e-05,1.6952212611944953e-05,2e-07,1.999e-05,12345.5081483,30.32,111,0,1.979e-05,1.6990161929223375e-05,-3.794931727842243e-08,-44.05143915000008,1.694146921463033e-05
fETH,2026-07-28T03:32:47.460971+00:00,3,1,1.7445127123287672e-05,1.694146921463033e-05,1.6336986301369862e-05,2e-05,12941.29695072,35.16,195,0,3.66301369863014e-06,1.6952212611944953e-05,-1.0743397314621431e-08,595.7888024200001,1.689290999046269e-05
fETH,2026-07-28T06:38:52.281383+00:00,6,1,1.7262206575342466e-05,1.689290999046269e-05,1.589e-05,2e-05,13488.13063802,35.92,194,0,4.110000000000003e-06,1.694146921463033e-05,-4.855922416764153e-08,546.8336873000007,1.687491921819541e-05
fETH,2026-07-28T09:46:30.239859+00:00,9,1,1.6914535342465756e-05,1.687491921819541e-05,1.58e-05,1.961369863013699e-05,13526.993868759999,27.08,194,0,3.8136986301369897e-06,1.689290999046269e-05,-1.7990772267278347e-08,38.86323073999847,1.692030865331918e-05
fETH,2026-07-28T12:11:49.002603+00:00,12,1,1.63522522630137e-05,1.692030865331918e-05,6.41606e-06,1.999e-05,13010.04802292,30.44,161,0,1.357394e-05,1.687491921819541e-05,4.5389435123767104e-08,-516.9458458399986,
fUSD,2026-07-21T14:26:37.443106+00:00,14,1,0.0001547859124461644,0.00017570625737544954,0.00012415135275,0.0002808219178082192,41062474.57909676,31.86,60,27,0.00015667056505821918,,,,0.00017591227370496935
fUSD,2026-07-21T14:30:50.828097+00:00,14,1,0.00018391765311256373,0.00017591227370496935,0.0001221,0.0002808219178082192,41227625.80403282,34.36,90,27,0.00015872191780821917,0.00017570625737544954,2.0601632951981275e-07,165151.2249360606,0.00017578605759296828
fUSD,2026-07-21T16:40:47.980834+00:00,16,1,0.0002029197148758769,0.00017578605759296828,0.00013,0.0002808219178082192,41406803.53003151,29.7,53,27,0.0001508219178082192,0.00017591227370496935,-1.2621611200107547e-07,179177.7259986922,0.00017578588499372294
fUSD,2026-07-21T18:39:19.753822+00:00,18,1,0.0001837298719337396,0.00017578588499372294,0.00013,0.0002808219178082192,41228314.11669133,29.6,47,27,0.0001508219178082192,0.00017578605759296828,-1.7259924533444965e-10,-178489.4133401811,0.00015144255501319377
fUSD,2026-07-21T20:35:06.527049+00:00,20,1,0.0001705171473129923,0.00015144255501319377,0.00012757,0.0002465753,33446796.8140874,29.4,69,28,0.00011900530000000001,0.00017578588499372294,-2.434332998052917e-05,-7781517.30260393,0.0001524818463105893
fUSD,2026-07-21T22:11:29.618376+00:00,22,1,0.00019419358110650303,0.0001524818463105893,0.00013,0.0002640905,33642514.05874561,32.36,58,30,0.0001340905,0.00015144255501319377,1.0392912973955352e-06,195717.24465820938,0.00015150798895386853
fUSD,2026-07-21T23:10:28.381665+00:00,23,1,0.00017130350937041803,0.00015150798895386853,0.00012757,0.00019316,33489396.28018298,32.16,42,27,6.559e-05,0.0001524818463105893,-9.738573567207801e-07,-153117.77856262773,0.000151440632897841
fUSD,2026-07-22T00:04:45.387917+00:00,0,2,0.00015597358265753426,0.000151440632897841,0.00012757,0.000181,33621527.45263084,31.88,93,27,5.343000000000001e-05,0.00015150798895386853,-6.735605602754152e-08,132131.17244786024,0.0001516087303389297
fUSD,2026-07-22T03:43:28.561589+00:00,3,2,0.00018400117150069748,0.0001516087303389297,0.00012820999500000001,0.00023181,33370939.48869212,29.6,70,27,0.00010360000499999998,0.000151440632897841,1.6809744108871533e-07,-250587.96393872052,0.0001513831346779968
fUSD,2026-07-22T06:41:18.638134+00:00,6,2,0.00015850549779260691,0.0001513831346779968,0.00012984291,0.00019203,33765625.75525545,27.38,105,27,6.218709e-05,0.0001516087303389297,-2.255956609328966e-07,394686.2665633336,0.00015133457103005306
fUSD,2026-07-22T09:37:44.615145+00:00,9,2,0.00014981518747396848,0.00015133457103005306,0.00013,0.00018010999999999998,33894532.497134626,27.04,60,27,5.010999999999999e-05,0.0001513831346779968,-4.8563647943745264e-08,128906.74187917262,0.0001512858276413489
fUSD,2026-07-22T12:02:30.048144+00:00,12,2,0.0001589954378863264,0.0001512858276413489,0.00012757,0.00018657534246575342,33858003.16764736,29.4,29,27,5.900534246575342e-05,0.00015133457103005306,-4.8743388704160836e-08,-36529.329487264156,0.0001842473614553264
fUSD,2026-07-22T14:20:36.619229+00:00,14,2,0.00018720751518241187,0.0001842473614553264,0.000131,0.00028767123287671236,39755556.95776452,29.4,60,26,0.00015667123287671234,0.0001512858276413489,3.29615338139775e-05,5897553.7901171595,0.00018389475736034472
fUSD,2026-07-22T16:43:20.434717+00:00,16,2,0.00019713341734166765,0.00018389475736034472,0.000131,0.00028767123287671236,39506657.7215015,30.24,96,26,0.00015667123287671234,0.0001842473614553264,-3.526040949816786e-07,-248899.23626302183,0.00015518062351932926
fUSD,2026-07-22T18:20:47.639564+00:00,18,2,0.0001898324246974351,0.00015518062351932926,0.00013202,0.00022997,28588617.25091194,28.04,28,33,9.795e-05,0.00018389475736034472,-2.871413384101547e-05,-10918040.47058956,0.00015561134104590516
fUSD,2026-07-22T20:20:20.622622+00:00,20,2,0.00020549803179903587,0.00015561134104590516,0.000131,0.0002600238602419472,30675862.1595679,28.34,113,34,0.00012902386024194718,0.00015518062351932926,4.307175265759098e-07,2087244.90865596,0.00015539049039496814
fUSD,2026-07-22T22:15:30.972723+00:00,22,2,0.00015275828796677777,0.00015539049039496814,0.000131,0.00018010999999999998,30187392.46457011,27.24,41,28,4.910999999999997e-05,0.00015561134104590516,-2.2085065093702702e-07,-488469.6949977912,0.000152787346962285
fUSD,2026-07-22T23:16:00.762742+00:00,23,2,0.00016788410938516852,0.000152787346962285,0.00012757,0.00019451,33772315.13056836,30.42,28,27,6.694e-05,0.00015539049039496814,-2.6031434326831318e-06,3584922.665998254,0.00015270749400637923
fUSD,2026-07-23T00:13:44.399220+00:00,0,3,0.0001507975223742299,0.00015270749400637923,0.0001221,0.00018010999999999998,34340371.92686833,31.96,132,27,5.800999999999997e-05,0.000152787346962285,-7.985295590577255e-08,568056.7962999642,0.00015266906937202266
fUSD,2026-07-23T03:44:04.629493+00:00,3,3,0.0001501880907577663,0.00015266906937202266,0.000121,0.00018010999999999998,34957472.54077172,31.6,94,27,5.910999999999998e-05,0.00015270749400637923,-3.842463435656924e-08,617100.6139033958,0.00015287618641633138
fUSD,2026-07-23T06:38:52.560169+00:00,6,3,0.00015232775002698736,0.00015287618641633138,0.000128709811897313,0.00018010999999999998,33561356.83011682,26.68,61,38,5.1400188102686994e-05,0.00015266906937202266,2.0711704430871353e-07,-1396115.7106548995,0.00018057375787741532
fUSD,2026-07-23T09:35:19.777045+00:00,9,3,0.00017326871550900152,0.00018057375787741532,0.00012757,0.00028767123287671236,42799035.93664463,31.4,39,27,0.00016010123287671236,0.00015287618641633138,2.769757146108394e-05,9237679.106527805,0.00018008468256461074
fUSD,2026-07-23T12:01:49.957780+00:00,12,3,0.00015502738290105525,0.00018008468256461074,0.00012757,0.00028767123287671236,42486879.77986879,31.4,62,27,0.00016010123287671236,0.00018057375787741532,-4.890753128045783e-07,-312156.1567758396,0.00017993139629928807
fUSD,2026-07-23T14:29:08.086316+00:00,14,3,0.00018670550589794448,0.00017993139629928807,0.00013,0.00028767123287671236,42230659.21374207,29.6,28,27,0.00015767123287671237,0.00018008468256461074,-1.5328626532266822e-07,-256220.56612671912,0.00015279769530889207
fUSD,2026-07-23T16:44:18.675702+00:00,16,3,0.00015918967863213035,0.00015279769530889207,0.00013,0.000184025,34229604.30810347,27.18,61,27,5.4025e-05,0.00017993139629928807,-2.7133700990396005e-05,-8001054.905638598,0.00015274210010727697
fUSD,2026-07-23T18:36:32.973334+00:00,18,3,0.00016181297987123399,0.00015274210010727697,0.00013,0.00019289574794520547,34065067.73995731,26.94,54,27,6.289574794520549e-05,0.00015279769530889207,-5.559520161509818e-08,-164536.56814616174,0.00015277057882378208
fUSD,2026-07-23T20:19:31.876175+00:00,20,3,0.00016812405383561643,0.00015277057882378208,0.00013,0.00019545,34083717.24856626,26.98,91,27,6.545000000000002e-05,0.00015274210010727697,2.8478716505110418e-08,18649.508608952165,0.00015750255436228707
fUSD,2026-07-23T22:13:31.781891+00:00,22,3,0.0001743982376163911,0.00015750255436228707,0.000135,0.00021,28047159.25144924,27.74,31,28,7.500000000000001e-05,0.00015277057882378208,4.731975538504991e-06,-6036557.997117024,0.00015517169640919378
fUSD,2026-07-23T23:11:00.579509+00:00,23,3,0.00018668488593445308,0.00015517169640919378,0.000131,0.00023271780821917807,30868603.72799795,27.54,54,26,0.00010171780821917805,0.00015750255436228707,-2.330857953093294e-06,2821444.4765487127,0.00015275141425394258
fUSD,2026-07-24T00:09:33.066317+00:00,0,4,0.00015317371508547946,0.00015275141425394258,0.00013,0.00018010999999999998,34018028.04545566,27.24,70,27,5.010999999999999e-05,0.00015517169640919378,-2.420282155251197e-06,3149424.3174577057,0.00015280571977138849
fUSD,2026-07-24T03:40:34.995392+00:00,3,4,0.00016310571952023585,0.00015280571977138849,0.00013,0.000189,34030115.51898949,29.14,58,27,5.9000000000000025e-05,0.00015275141425394258,5.4305517445906153e-08,12087.473533831537,0.00015276082152535766
fUSD,2026-07-24T06:38:16.610438+00:00,6,4,0.0001527768823561644,0.00015276082152535766,0.00013,0.00018010999999999998,35351760.533373326,27.44,110,27,5.010999999999999e-05,0.00015280571977138849,-4.489824603082096e-08,1321645.0143838376,0.0001567193931862546
fUSD,2026-07-24T09:32:42.845853+00:00,9,4,0.00015339814624089926,0.0001567193931862546,0.00013202,0.00018010999999999998,29551510.00972534,27.78,59,27,4.808999999999998e-05,0.00015276082152535766,3.958571660896929e-06,-5800250.523647986,0.0001569350276817057
fUSD,2026-07-24T11:55:01.763206+00:00,11,4,0.00016792877125045475,0.0001569350276817057,0.00013202,0.000195,28754452.082801588,27.98,45,27,6.298e-05,0.0001567193931862546,2.156344954511039e-07,-797057.9269237518,0.00015522867753997208
fUSD,2026-07-24T14:09:55.985752+00:00,14,4,0.0001611984604249315,0.00015522867753997208,0.000131,0.00019712,30728689.65718462,27.76,67,27,6.612e-05,0.0001569350276817057,-1.7063501417336141e-06,1974237.5743830316,0.00015762836802538113
fUSD,2026-07-24T15:42:51.418883+00:00,15,4,0.0001520242884183413,0.00015762836802538113,0.00014,0.00018010999999999998,28147856.84342231,27.68,94,49,4.0109999999999994e-05,0.00015522867753997208,2.399690485409045e-06,-2580832.813762311,0.00015767809456151464
fUSD,2026-07-24T17:50:06.284992+00:00,17,4,0.00015250561878490945,0.00015767809456151464,0.00014,0.00018010999999999998,27996561.41019993,27.68,77,42,4.0109999999999994e-05,0.00015762836802538113,4.972653613351382e-08,-151295.43322237954,0.00018837822624049948
fUSD,2026-07-24T19:44:47.669326+00:00,19,4,0.00016423741741603424,0.00018837822624049948,0.00013202,0.00028767123287671236,37478581.07715304,30.44,62,27,0.00015565123287671236,0.00015767809456151464,3.070013167898484e-05,9482019.666953113,0.00019126183677957548
fUSD,2026-07-24T21:19:41.603419+00:00,21,4,0.0002269368483353848,0.00019126183677957548,0.00014001,0.00029699,35552943.31942192,31.6,47,30,0.00015698,0.00018837822624049948,2.883610539075994e-06,-1925637.7577311248,0.00018982613530875854
fUSD,2026-07-24T23:15:13.328240+00:00,23,4,0.00020918313281750856,0.00018982613530875854,0.00013403050043203123,0.00028767123287671236,36460107.81453584,30.04,58,27,0.00015364073244468113,0.00019126183677957548,-1.4357014708169414e-06,907164.4951139241,0.00018943363146893452
fUSD,2026-07-25T00:15:03.829457+00:00,0,5,0.00021227705430910287,0.00018943363146893452,0.00013202,0.00028767123287671236,37613943.78221051,31.28,50,30,0.00015565123287671236,0.00018982613530875854,-3.9250383982402087e-07,1153835.9676746652,0.000187902020981719
fUSD,2026-07-25T03:37:40.647736+00:00,3,5,0.0001591771451689498,0.000187902020981719,0.00013463013698630135,0.00028767123287671236,37799148.54427942,30.04,76,36,0.000153041095890411,0.00018943363146893452,-1.5316104872155041e-06,185204.7620689124,0.00018758494367341672
fUSD,2026-07-25T06:28:08.635575+00:00,6,5,0.00016151235135063012,0.00018758494367341672,0.00013635208305,0.00028767123287671236,37972057.58271687,30.04,32,28,0.00015131914982671236,0.000187902020981719,-3.170773083022876e-07,172909.03843744844,0.00018775531877273277
fUSD,2026-07-25T09:11:23.695668+00:00,9,5,0.000178704622749863,0.00018775531877273277,0.00013202,0.00028767123287671236,37474897.99257425,30.34,78,30,0.00015565123287671236,0.00018758494367341672,1.7037509931604883e-07,-497159.59014261514,0.00018879163820667946
fUSD,2026-07-25T10:42:41.614246+00:00,10,5,0.00015630146451283645,0.00018879163820667946,0.00014,0.00028767123287671236,36504791.56370624,30.38,50,30,0.00014767123287671237,0.00018775531877273277,1.0363194339466824e-06,-970106.4288680106,0.00019011354626179708
fUSD,2026-07-25T12:08:41.623645+00:00,12,5,0.000173570463062429,0.00019011354626179708,0.00014001,0.00028767123287671236,35865449.97762388,30.28,86,31,0.00014766123287671235,0.00018879163820667946,1.3219080551176267e-06,-639341.5860823616,0.00018855539616020238
fUSD,2026-07-25T14:00:04.962680+00:00,14,5,0.00016150798586929315,0.00018855539616020238,0.00014,0.00028767123287671236,36407866.637769386,30.28,47,30,0.00014767123287671237,0.00019011354626179708,-1.5581501015947017e-06,542416.6601455063,0.00018964501462457394
fUSD,2026-07-25T15:18:03.886295+00:00,15,5,0.00017190268909830986,0.00018964501462457394,0.00014001,0.00028767123287671236,35382430.61184233,30.08,42,30,0.00014766123287671235,0.00018855539616020238,1.0896184643715558e-06,-1025436.0259270594,0.00015756687031263879
fUSD,2026-07-25T17:13:25.872493+00:00,17,5,0.00015356625210958904,0.00015756687031263879,0.00014,0.0002,27856241.42788703,27.9,106,30,6.000000000000002e-05,0.00018964501462457394,-3.207814431193515e-05,-7526189.183955297,0.00015827455252756962
fUSD,2026-07-25T18:06:46.063963+00:00,18,5,0.0001547687736798519,0.00015827455252756962,0.00014001,0.0002,26761138.948633898,27.88,220,30,5.999e-05,0.00015756687031263879,7.076822149308334e-07,-1095102.479253132,0.00015831489572655042
fUSD,2026-07-25T19:32:56.279833+00:00,19,5,0.0001743669344945306,0.00015831489572655042,0.00014001,0.00020427,26636091.26029569,28.08,43,30,6.425999999999998e-05,0.00015827455252756962,4.0343198980796876e-08,-125047.68833820894,0.000157566573730979
fUSD,2026-07-25T21:07:47.168271+00:00,21,5,0.00015645083031316456,0.000157566573730979,0.00014,0.00018010999999999998,27740439.83584561,27.68,129,37,4.0109999999999994e-05,0.00015831489572655042,-7.483219955714147e-07,1104348.5755499192,0.0001575768500427246
fUSD,2026-07-25T22:08:34.449859+00:00,22,5,0.00016778954826649959,0.0001575768500427246,0.00013341698630136987,0.00019183,27704096.91821405,28.28,36,30,5.8413013698630146e-05,0.000157566573730979,1.0276311745587062e-08,-36342.917631559074,0.00015734348739970274
fUSD,2026-07-25T23:10:40.190847+00:00,23,5,0.00019181441118504432,0.00015734348739970274,0.00013202,0.00023617,28710555.7767031,27.16,49,30,0.00010415000000000001,0.0001575768500427246,-2.333626430218495e-07,1006458.8584890515,0.00015819154968323975
fUSD,2026-07-26T00:11:48.867437+00:00,0,6,0.00021203347236613284,0.00015819154968323975,0.00014,0.0002706075,27806927.06853608,29.8,114,30,0.00013060749999999999,0.00015734348739970274,8.480622835370139e-07,-903628.7081670202,0.0001578173086063273
fUSD,2026-07-26T03:52:53.806591+00:00,3,6,0.00017412229498571893,0.0001578173086063273,0.00013341698630136987,0.00021106800000000002,29661781.16243821,27.86,35,29,7.765101369863015e-05,0.00015819154968323975,-3.7424107691245447e-07,1854854.0939021297,0.00016375206631700782
fUSD,2026-07-26T06:47:32.287880+00:00,6,6,0.00017418318503349952,0.00016375206631700782,0.00014003019999999999,0.00019116040359045671,24455403.70827886,27.7,46,30,5.113020359045673e-05,0.0001578173086063273,5.934757710680523e-06,-5206377.454159349,0.00016575333652058
fUSD,2026-07-26T09:22:39.323360+00:00,9,6,0.00018614758080854756,0.00016575333652058,0.00014120000000000002,0.000244,23694472.85140999,28.56,59,36,0.00010279999999999998,0.00016375206631700782,2.0012702035721735e-06,-760930.8568688706,0.0001646065756191796
fUSD,2026-07-26T11:36:04.330328+00:00,11,6,0.00019123255180383665,0.0001646065756191796,0.00014003019999999999,0.0002453,23431980.98290844,27.8,39,42,0.00010526980000000001,0.00016575333652058,-1.1467609014003918e-06,-262491.86850155145,0.0001719359704537911
fUSD,2026-07-26T13:54:15.289513+00:00,13,6,0.0002393860592395081,0.0001719359704537911,0.000147684708,0.00033359,23400884.00852594,29.94,29,39,0.000185905292,0.0001646065756191796,7.329394834611495e-06,-31096.97438249737,0.00018813329820346143
fUSD,2026-07-26T15:19:15.514145+00:00,15,6,0.00024145263991201305,0.00018813329820346143,0.00014902,0.0003153433,27354458.93181427,36.74,119,49,0.00016632329999999998,0.0001719359704537911,1.6197327749670334e-05,3953574.9232883267,0.00015859153813197656
fUSD,2026-07-26T17:13:50.128830+00:00,17,6,0.0001963458298653487,0.00015859153813197656,0.00014,0.0002652294,30920895.46813935,30.36,35,32,0.0001252294,0.00018813329820346143,-2.954176007148487e-05,3566436.536325082,0.00016076109666286558
fUSD,2026-07-26T18:11:11.811979+00:00,18,6,0.00020088793489846896,0.00016076109666286558,0.00014002,0.0002739890410958904,28147116.43644818,36.2,50,31,0.0001339690410958904,0.00015859153813197656,2.1695585308890183e-06,-2773779.031691171,0.00019210481750086883
fUSD,2026-07-26T19:32:45.343702+00:00,19,6,0.00018440185163136512,0.00019210481750086883,0.00014001,0.00028767123287671236,39086563.76880212,36.24,33,31,0.00014766123287671235,0.00016076109666286558,3.134372083800325e-05,10939447.332353942,0.0001920818334880216
fUSD,2026-07-26T21:10:25.485570+00:00,21,6,0.00018526855509958838,0.0001920818334880216,0.00014001,0.00028767123287671236,39056998.66261389,34.78,52,31,0.00014766123287671235,0.00019210481750086883,-2.298401284721893e-08,-29565.106188230217,0.00019216280810191764
fUSD,2026-07-26T22:11:12.538983+00:00,22,6,0.00021418101651270218,0.00019216280810191764,0.00014001,0.00028767123287671236,39016334.88574704,36.4,29,31,0.00014766123287671235,0.0001920818334880216,8.097461389602943e-08,-40663.77686685324,0.00019298905831805898
fUSD,2026-07-26T23:10:50.077350+00:00,23,6,0.00024074493569553853,0.00019298905831805898,0.00014,0.00033877,40668007.8289139,49.7,84,31,0.00019877000000000002,0.00019216280810191764,8.2625021614134e-07,1651672.9431668594,0.00019208963567268804
fUSD,2026-07-27T00:11:12.611974+00:00,0,0,0.00021428534298918383,0.00019208963567268804,0.00014001,0.00028767123287671236,39093004.10330808,37.32,42,31,0.00014766123287671235,0.00019298905831805898,-8.99422645370937e-07,-1575003.7256058156,0.0001597467272875052
fUSD,2026-07-27T03:59:46.555360+00:00,3,0,0.00023023262068611134,0.0001597467272875052,0.00014001,0.0003107799999999999,29196854.15680739,37.94,45,31,0.0001707699999999999,0.00019208963567268804,-3.234290838518284e-05,-9896149.946500693,0.00016231164139151206
fUSD,2026-07-27T07:48:01.822528+00:00,7,0,0.00019731513746397138,0.00016231164139151206,0.0001413585,0.00023711,25990458.22120531,34.7,29,34,9.575150000000002e-05,0.0001597467272875052,2.564914104006855e-06,-3206395.93560208,0.00016227756369444887
fUSD,2026-07-27T11:37:09.272486+00:00,11,0,0.0001789508197843544,0.00016227756369444887,0.00014120000000000002,0.00021232,25929495.42237836,33.44,30,30,7.111999999999998e-05,0.00016231164139151206,-3.407769706318623e-08,-60962.79882694781,0.00019631142080413133
fUSD,2026-07-27T15:11:31.353106+00:00,15,0,0.00020882353811042383,0.00019631142080413133,0.00014252,0.00028767123287671236,36462492.37718757,36.3,84,33,0.00014515123287671235,0.00016227756369444887,3.4033857109682454e-05,10532996.954809211,0.0001938802725592021
fUSD,2026-07-27T17:06:26.332570+00:00,17,0,0.00019486687015411237,0.0001938802725592021,0.00014252,0.00028767123287671236,34996123.08502006,35.52,36,32,0.00014515123287671235,0.00019631142080413133,-2.431148244929222e-06,-1466369.2921675146,0.00016219014414208332
fUSD,2026-07-27T18:45:40.010393+00:00,18,0,0.0002025630898971762,0.00016219014414208332,0.00014800000000000002,0.00024658,26115257.05595052,31.0,32,31,9.857999999999997e-05,0.0001938802725592021,-3.169012841711878e-05,-8880866.02906954,0.00016239940319441855
fUSD,2026-07-27T20:41:56.913524+00:00,20,0,0.00020677650870957342,0.00016239940319441855,0.00014252,0.0002579369,26254541.99714154,33.94,66,40,0.00011541689999999998,0.00016219014414208332,2.0925905233523103e-07,139284.94119102135,0.00016236959682417408
fUSD,2026-07-27T22:16:52.621607+00:00,22,0,0.00019015564983373759,0.00016236959682417408,0.00014120000000000002,0.00024301788159725336,26256695.18927577,34.6,37,31,0.00010181788159725335,0.00016239940319441855,-2.980637024447164e-08,2153.192134231329,0.00016183239350934638
fUSD,2026-07-27T23:28:22.484555+00:00,23,0,0.00016247723887671234,0.00016183239350934638,0.00014120000000000002,0.0002,27321389.78180038,34.5,30,31,5.879999999999999e-05,0.00016236959682417408,-5.372033148276999e-07,1064694.5925246105,0.00016119907647951218
fUSD,2026-07-28T03:32:47.017931+00:00,3,1,0.0001803874127901899,0.00016119907647951218,0.00014252,0.00021623,29183680.95130813,34.34,35,29,7.371e-05,0.00016183239350934638,-6.333170298342074e-07,1862291.1695077494,0.000161239348390573
fUSD,2026-07-28T06:38:51.746194+00:00,6,1,0.0001747153482127727,0.000161239348390573,0.00014252,0.0002,29009889.68365094,35.92,29,29,5.748e-05,0.00016119907647951218,4.027191106081244e-08,-173791.26765719056,0.00016167252089462975
fUSD,2026-07-28T09:46:29.614411+00:00,9,1,0.00018332149587114955,0.00016167252089462975,0.00014800000000000002,0.00026,28199643.77250279,33.84,56,28,0.00011199999999999996,0.000161239348390573,4.3317250405676194e-07,-810245.9111481495,0.00019835937196883516
fUSD,2026-07-28T12:11:48.693737+00:00,12,1,0.00019611311752108822,0.00019835937196883516,0.00015,0.00028767123287671236,35151018.41104947,38.82,1215,40,0.00013767123287671237,0.00016167252089462975,3.668685107420541e-05,6951374.638546679,
