run_at,market,feature_time,model_name,predicted_rate,actual_next_rate,prediction_error
2026-08-15T18:58:34.182540+00:00,fBTC,2026-08-11T23:00:36.763269+00:00,baseline_mean,3.67696538430645e-08,3.300174409197538e-08,3.76790975108912e-09
2026-08-15T18:58:34.182540+00:00,fBTC,2026-08-11T23:57:48.627209+00:00,baseline_mean,3.67696538430645e-08,3.296679566579519e-08,3.8028581772693105e-09
2026-08-15T18:58:34.182540+00:00,fBTC,2026-08-12T02:41:47.809443+00:00,baseline_mean,3.67696538430645e-08,3.2979393013397973e-08,3.790260829666528e-09
2026-08-15T18:58:34.182540+00:00,fBTC,2026-08-12T04:59:46.545443+00:00,baseline_mean,3.67696538430645e-08,3.2809634244750054e-08,3.9600195983144475e-09
2026-08-15T18:58:34.182540+00:00,fBTC,2026-08-12T06:40:22.041197+00:00,baseline_mean,3.67696538430645e-08,3.296518125755342e-08,3.8044725855110785e-09
2026-08-15T18:58:34.182540+00:00,fBTC,2026-08-12T08:38:20.648496+00:00,baseline_mean,3.67696538430645e-08,3.280494934518312e-08,3.9647044978813815e-09
2026-08-15T18:58:34.182540+00:00,fBTC,2026-08-12T10:18:29.587780+00:00,baseline_mean,3.67696538430645e-08,3.298075700032511e-08,3.788896842739392e-09
2026-08-15T18:58:34.182540+00:00,fBTC,2026-08-12T11:56:35.123837+00:00,baseline_mean,3.67696538430645e-08,3.297148295299304e-08,3.798170890071459e-09
2026-08-15T18:58:34.182540+00:00,fBTC,2026-08-12T13:43:56.652342+00:00,baseline_mean,3.67696538430645e-08,3.299420170150316e-08,3.775452141561338e-09
2026-08-15T18:58:34.182540+00:00,fBTC,2026-08-12T15:12:58.350975+00:00,baseline_mean,3.67696538430645e-08,3.283259540073285e-08,3.937058442331652e-09
2026-08-15T18:58:34.182540+00:00,fBTC,2026-08-12T16:08:04.253552+00:00,baseline_mean,3.67696538430645e-08,3.2987681846518935e-08,3.781971996545566e-09
2026-08-15T18:58:34.182540+00:00,fBTC,2026-08-12T17:10:08.740060+00:00,baseline_mean,3.67696538430645e-08,3.299995932468183e-08,3.76969451838267e-09
2026-08-15T18:58:34.182540+00:00,fBTC,2026-08-12T18:05:16.710356+00:00,baseline_mean,3.67696538430645e-08,3.298597493923056e-08,3.783678903833944e-09
2026-08-15T18:58:34.182540+00:00,fBTC,2026-08-12T19:18:00.266043+00:00,baseline_mean,3.67696538430645e-08,3.2988585328293786e-08,3.781068514770716e-09
2026-08-15T18:58:34.182540+00:00,fBTC,2026-08-12T21:01:14.601710+00:00,baseline_mean,3.67696538430645e-08,3.2977058236641666e-08,3.7925956064228355e-09
2026-08-15T18:58:34.182540+00:00,fBTC,2026-08-12T22:00:17.768655+00:00,baseline_mean,3.67696538430645e-08,3.28318201318918e-08,3.937833711172702e-09
2026-08-15T18:58:34.182540+00:00,fBTC,2026-08-12T22:59:16.286223+00:00,baseline_mean,3.67696538430645e-08,3.2829641872545194e-08,3.9400119705193075e-09
2026-08-15T18:58:34.182540+00:00,fBTC,2026-08-12T23:55:59.883732+00:00,baseline_mean,3.67696538430645e-08,3.298467752365961e-08,3.784976319404891e-09
2026-08-15T18:58:34.182540+00:00,fBTC,2026-08-13T02:45:08.641054+00:00,baseline_mean,3.67696538430645e-08,3.284102355986617e-08,3.9286302831983285e-09
2026-08-15T18:58:34.182540+00:00,fBTC,2026-08-13T05:01:54.379225+00:00,baseline_mean,3.67696538430645e-08,3.298252433051158e-08,3.787129512552922e-09
2026-08-15T18:58:34.182540+00:00,fBTC,2026-08-13T06:43:31.569939+00:00,baseline_mean,3.67696538430645e-08,3.2836546332760684e-08,3.933107510303817e-09
2026-08-15T18:58:34.182540+00:00,fBTC,2026-08-13T08:42:20.371744+00:00,baseline_mean,3.67696538430645e-08,3.2842495910458555e-08,3.927157932605946e-09
2026-08-15T18:58:34.182540+00:00,fBTC,2026-08-13T10:20:12.586806+00:00,baseline_mean,3.67696538430645e-08,3.298695533973516e-08,3.782698503329342e-09
2026-08-15T18:58:34.182540+00:00,fBTC,2026-08-13T11:57:37.161330+00:00,baseline_mean,3.67696538430645e-08,3.2834754782462934e-08,3.934899060601567e-09
2026-08-15T18:58:34.182540+00:00,fBTC,2026-08-13T13:44:30.622307+00:00,baseline_mean,3.67696538430645e-08,3.298945415874685e-08,3.780199684317652e-09
2026-08-15T18:58:34.182540+00:00,fBTC,2026-08-13T15:13:09.871032+00:00,baseline_mean,3.67696538430645e-08,3.284217278435752e-08,3.927481058706984e-09
2026-08-15T18:58:34.182540+00:00,fBTC,2026-08-13T16:08:29.798470+00:00,baseline_mean,3.67696538430645e-08,3.2840501377088916e-08,3.9291524659755854e-09
2026-08-15T18:58:34.182540+00:00,fBTC,2026-08-13T17:10:15.235369+00:00,baseline_mean,3.67696538430645e-08,3.283535407005422e-08,3.9342997730102814e-09
2026-08-15T18:58:34.182540+00:00,fBTC,2026-08-13T18:05:56.389276+00:00,baseline_mean,3.67696538430645e-08,3.2842105769804316e-08,3.927548073260186e-09
2026-08-15T18:58:34.182540+00:00,fBTC,2026-08-13T19:18:12.060302+00:00,baseline_mean,3.67696538430645e-08,3.281693907138348e-08,3.952714771681019e-09
2026-08-15T18:58:34.182540+00:00,fBTC,2026-08-13T21:00:37.220414+00:00,baseline_mean,3.67696538430645e-08,3.2825958789816625e-08,3.943695053247877e-09
2026-08-15T18:58:34.182540+00:00,fBTC,2026-08-13T22:00:51.798990+00:00,baseline_mean,3.67696538430645e-08,3.282250006904346e-08,3.9471537740210445e-09
2026-08-15T18:58:34.182540+00:00,fBTC,2026-08-13T23:00:25.660745+00:00,baseline_mean,3.67696538430645e-08,3.2835677791534445e-08,3.933976051530056e-09
2026-08-15T18:58:34.182540+00:00,fBTC,2026-08-13T23:56:15.689834+00:00,baseline_mean,3.67696538430645e-08,3.2836649315083527e-08,3.933004527980975e-09
2026-08-15T18:58:34.182540+00:00,fBTC,2026-08-14T02:43:37.547596+00:00,baseline_mean,3.67696538430645e-08,3.282927189889982e-08,3.9403819441646835e-09
2026-08-15T18:58:34.182540+00:00,fBTC,2026-08-14T04:59:30.668325+00:00,baseline_mean,3.67696538430645e-08,3.284376116933309e-08,3.925892673731413e-09
2026-08-15T18:58:34.182540+00:00,fBTC,2026-08-14T06:41:03.194147+00:00,baseline_mean,3.67696538430645e-08,3.282790885291258e-08,3.941744990151923e-09
2026-08-15T18:58:34.182540+00:00,fBTC,2026-08-14T08:36:32.062717+00:00,baseline_mean,3.67696538430645e-08,3.283054031796313e-08,3.9391135251013726e-09
2026-08-15T18:58:34.182540+00:00,fBTC,2026-08-14T10:15:27.017130+00:00,baseline_mean,3.67696538430645e-08,3.22111500833502e-08,4.558503759714304e-09
2026-08-15T18:58:34.182540+00:00,fBTC,2026-08-14T11:08:15.864520+00:00,baseline_mean,3.67696538430645e-08,3.222488028464501e-08,4.544773558419489e-09
2026-08-15T18:58:34.182540+00:00,fBTC,2026-08-14T11:54:59.033577+00:00,baseline_mean,3.67696538430645e-08,3.222282157264888e-08,4.5468322704156195e-09
2026-08-15T18:58:34.182540+00:00,fBTC,2026-08-14T13:39:08.761556+00:00,baseline_mean,3.67696538430645e-08,3.224242138932895e-08,4.527232453735551e-09
2026-08-15T18:58:34.182540+00:00,fBTC,2026-08-14T15:05:52.997579+00:00,baseline_mean,3.67696538430645e-08,3.225998086933476e-08,4.50967297372974e-09
2026-08-15T18:58:34.182540+00:00,fBTC,2026-08-14T16:04:12.914057+00:00,baseline_mean,3.67696538430645e-08,3.228312074949838e-08,4.486533093566124e-09
2026-08-15T18:58:34.182540+00:00,fBTC,2026-08-14T17:09:25.381277+00:00,baseline_mean,3.67696538430645e-08,3.230130503358111e-08,4.46834880948339e-09
2026-08-15T18:58:34.182540+00:00,fBTC,2026-08-14T18:04:45.826681+00:00,baseline_mean,3.67696538430645e-08,3.2304803418181566e-08,4.464850424882935e-09
2026-08-15T18:58:34.182540+00:00,fBTC,2026-08-14T19:11:56.130069+00:00,baseline_mean,3.67696538430645e-08,3.231050907226711e-08,4.4591447707973946e-09
2026-08-15T18:58:34.182540+00:00,fBTC,2026-08-14T19:54:29.166183+00:00,baseline_mean,3.67696538430645e-08,3.229143084106629e-08,4.478223001998214e-09
2026-08-15T18:58:34.182540+00:00,fBTC,2026-08-14T20:43:40.788910+00:00,baseline_mean,3.67696538430645e-08,3.2288700269508694e-08,4.480953573555807e-09
2026-08-15T18:58:34.182540+00:00,fBTC,2026-08-14T21:37:53.445207+00:00,baseline_mean,3.67696538430645e-08,3.2305896944348945e-08,4.463756898715557e-09
2026-08-15T18:58:34.182540+00:00,fBTC,2026-08-14T22:39:03.047932+00:00,baseline_mean,3.67696538430645e-08,3.231937670689601e-08,4.45027713616849e-09
2026-08-15T18:58:34.182540+00:00,fBTC,2026-08-14T23:34:21.328155+00:00,baseline_mean,3.67696538430645e-08,3.2317034356118375e-08,4.452619486946127e-09
2026-08-15T18:58:34.182540+00:00,fBTC,2026-08-15T01:47:39.455107+00:00,baseline_mean,3.67696538430645e-08,3.2318111038958093e-08,4.451542804106408e-09
2026-08-15T18:58:34.182540+00:00,fBTC,2026-08-15T03:03:02.925739+00:00,baseline_mean,3.67696538430645e-08,3.2318820704658027e-08,4.450833138406475e-09
2026-08-15T18:58:34.182540+00:00,fBTC,2026-08-15T03:52:06.414431+00:00,baseline_mean,3.67696538430645e-08,3.2313010389795155e-08,4.4566434532693465e-09
2026-08-15T18:58:34.182540+00:00,fBTC,2026-08-15T04:45:07.144236+00:00,baseline_mean,3.67696538430645e-08,3.231814286150521e-08,4.451510981559291e-09
2026-08-15T18:58:34.182540+00:00,fBTC,2026-08-15T05:38:23.639335+00:00,baseline_mean,3.67696538430645e-08,3.2315917368517115e-08,4.453736474547386e-09
2026-08-15T18:58:34.182540+00:00,fBTC,2026-08-15T06:55:50.481212+00:00,baseline_mean,3.67696538430645e-08,3.231766564744324e-08,4.451988195621262e-09
2026-08-15T18:58:34.182540+00:00,fBTC,2026-08-15T07:42:36.158188+00:00,baseline_mean,3.67696538430645e-08,3.232315348836108e-08,4.446500354703424e-09
2026-08-15T18:58:34.182540+00:00,fBTC,2026-08-15T08:44:07.550219+00:00,baseline_mean,3.67696538430645e-08,3.2292247550594734e-08,4.477406292469768e-09
2026-08-15T18:58:34.182540+00:00,fBTC,2026-08-15T09:37:27.391527+00:00,baseline_mean,3.67696538430645e-08,3.230088380417209e-08,4.468770038892409e-09
2026-08-15T18:58:34.182540+00:00,fBTC,2026-08-15T10:37:11.488298+00:00,baseline_mean,3.67696538430645e-08,3.230499282243909e-08,4.464661020625413e-09
2026-08-15T18:58:34.182540+00:00,fBTC,2026-08-15T11:32:31.912926+00:00,baseline_mean,3.67696538430645e-08,3.22977378009952e-08,4.4719160420693025e-09
2026-08-15T18:58:34.182540+00:00,fBTC,2026-08-15T12:57:13.743063+00:00,baseline_mean,3.67696538430645e-08,3.22837459325473e-08,4.4859079105172045e-09
2026-08-15T18:58:34.182540+00:00,fBTC,2026-08-15T13:41:57.094431+00:00,baseline_mean,3.67696538430645e-08,3.228206860903819e-08,4.487585234026313e-09
2026-08-15T18:58:34.182540+00:00,fBTC,2026-08-15T14:36:52.381664+00:00,baseline_mean,3.67696538430645e-08,3.227117776591121e-08,4.498476077153291e-09
2026-08-15T18:58:34.182540+00:00,fBTC,2026-08-15T15:33:27.015926+00:00,baseline_mean,3.67696538430645e-08,3.227637709613015e-08,4.4932767469343535e-09
2026-08-15T18:58:34.182540+00:00,fBTC,2026-08-15T16:39:20.068409+00:00,baseline_mean,3.67696538430645e-08,3.018243087209734e-08,6.5872229709671645e-09
2026-08-15T18:58:34.182540+00:00,fBTC,2026-08-15T17:33:24.093996+00:00,baseline_mean,3.67696538430645e-08,3.019948891283864e-08,6.570164930225861e-09
2026-08-15T18:58:34.182540+00:00,fBTC,2026-08-11T23:00:36.763269+00:00,baseline_previous,3.300628291960199e-08,3.300174409197538e-08,4.5388276266058506e-12
2026-08-15T18:58:34.182540+00:00,fBTC,2026-08-11T23:57:48.627209+00:00,baseline_previous,3.300174409197538e-08,3.296679566579519e-08,3.4948426180190364e-11
2026-08-15T18:58:34.182540+00:00,fBTC,2026-08-12T02:41:47.809443+00:00,baseline_previous,3.296679566579519e-08,3.2979393013397973e-08,-1.259734760278232e-11
2026-08-15T18:58:34.182540+00:00,fBTC,2026-08-12T04:59:46.545443+00:00,baseline_previous,3.2979393013397973e-08,3.2809634244750054e-08,1.6975876864791926e-10
2026-08-15T18:58:34.182540+00:00,fBTC,2026-08-12T06:40:22.041197+00:00,baseline_previous,3.2809634244750054e-08,3.296518125755342e-08,-1.5554701280336893e-10
2026-08-15T18:58:34.182540+00:00,fBTC,2026-08-12T08:38:20.648496+00:00,baseline_previous,3.296518125755342e-08,3.280494934518312e-08,1.60231912370303e-10
2026-08-15T18:58:34.182540+00:00,fBTC,2026-08-12T10:18:29.587780+00:00,baseline_previous,3.280494934518312e-08,3.298075700032511e-08,-1.7580765514198972e-10
2026-08-15T18:58:34.182540+00:00,fBTC,2026-08-12T11:56:35.123837+00:00,baseline_previous,3.298075700032511e-08,3.297148295299304e-08,9.27404733206703e-12
2026-08-15T18:58:34.182540+00:00,fBTC,2026-08-12T13:43:56.652342+00:00,baseline_previous,3.297148295299304e-08,3.299420170150316e-08,-2.271874851012045e-11
2026-08-15T18:58:34.182540+00:00,fBTC,2026-08-12T15:12:58.350975+00:00,baseline_previous,3.299420170150316e-08,3.283259540073285e-08,1.616063007703139e-10
2026-08-15T18:58:34.182540+00:00,fBTC,2026-08-12T16:08:04.253552+00:00,baseline_previous,3.283259540073285e-08,3.2987681846518935e-08,-1.550864457860862e-10
2026-08-15T18:58:34.182540+00:00,fBTC,2026-08-12T17:10:08.740060+00:00,baseline_previous,3.2987681846518935e-08,3.299995932468183e-08,-1.22774781628962e-11
2026-08-15T18:58:34.182540+00:00,fBTC,2026-08-12T18:05:16.710356+00:00,baseline_previous,3.299995932468183e-08,3.298597493923056e-08,1.3984385451273738e-11
2026-08-15T18:58:34.182540+00:00,fBTC,2026-08-12T19:18:00.266043+00:00,baseline_previous,3.298597493923056e-08,3.2988585328293786e-08,-2.6103890632280215e-12
2026-08-15T18:58:34.182540+00:00,fBTC,2026-08-12T21:01:14.601710+00:00,baseline_previous,3.2988585328293786e-08,3.2977058236641666e-08,1.15270916521199e-11
2026-08-15T18:58:34.182540+00:00,fBTC,2026-08-12T22:00:17.768655+00:00,baseline_previous,3.2977058236641666e-08,3.28318201318918e-08,1.4523810474986673e-10
2026-08-15T18:58:34.182540+00:00,fBTC,2026-08-12T22:59:16.286223+00:00,baseline_previous,3.28318201318918e-08,3.2829641872545194e-08,2.178259346605268e-12
2026-08-15T18:58:34.182540+00:00,fBTC,2026-08-12T23:55:59.883732+00:00,baseline_previous,3.2829641872545194e-08,3.298467752365961e-08,-1.5503565111441678e-10
2026-08-15T18:58:34.182540+00:00,fBTC,2026-08-13T02:45:08.641054+00:00,baseline_previous,3.298467752365961e-08,3.284102355986617e-08,1.4365396379343775e-10
2026-08-15T18:58:34.182540+00:00,fBTC,2026-08-13T05:01:54.379225+00:00,baseline_previous,3.284102355986617e-08,3.298252433051158e-08,-1.4150077064540674e-10
2026-08-15T18:58:34.182540+00:00,fBTC,2026-08-13T06:43:31.569939+00:00,baseline_previous,3.298252433051158e-08,3.2836546332760684e-08,1.4597799775089564e-10
2026-08-15T18:58:34.182540+00:00,fBTC,2026-08-13T08:42:20.371744+00:00,baseline_previous,3.2836546332760684e-08,3.2842495910458555e-08,-5.9495776978713166e-12
2026-08-15T18:58:34.182540+00:00,fBTC,2026-08-13T10:20:12.586806+00:00,baseline_previous,3.2842495910458555e-08,3.298695533973516e-08,-1.4445942927660396e-10
2026-08-15T18:58:34.182540+00:00,fBTC,2026-08-13T11:57:37.161330+00:00,baseline_previous,3.298695533973516e-08,3.2834754782462934e-08,1.5220055727222507e-10
2026-08-15T18:58:34.182540+00:00,fBTC,2026-08-13T13:44:30.622307+00:00,baseline_previous,3.2834754782462934e-08,3.298945415874685e-08,-1.546993762839151e-10
2026-08-15T18:58:34.182540+00:00,fBTC,2026-08-13T15:13:09.871032+00:00,baseline_previous,3.298945415874685e-08,3.284217278435752e-08,1.472813743893318e-10
2026-08-15T18:58:34.182540+00:00,fBTC,2026-08-13T16:08:29.798470+00:00,baseline_previous,3.284217278435752e-08,3.2840501377088916e-08,1.6714072686015686e-12
2026-08-15T18:58:34.182540+00:00,fBTC,2026-08-13T17:10:15.235369+00:00,baseline_previous,3.2840501377088916e-08,3.283535407005422e-08,5.147307034695993e-12
2026-08-15T18:58:34.182540+00:00,fBTC,2026-08-13T18:05:56.389276+00:00,baseline_previous,3.283535407005422e-08,3.2842105769804316e-08,-6.751699750095426e-12
2026-08-15T18:58:34.182540+00:00,fBTC,2026-08-13T19:18:12.060302+00:00,baseline_previous,3.2842105769804316e-08,3.281693907138348e-08,2.5166698420833225e-11
2026-08-15T18:58:34.182540+00:00,fBTC,2026-08-13T21:00:37.220414+00:00,baseline_previous,3.281693907138348e-08,3.2825958789816625e-08,-9.01971843314252e-12
2026-08-15T18:58:34.182540+00:00,fBTC,2026-08-13T22:00:51.798990+00:00,baseline_previous,3.2825958789816625e-08,3.282250006904346e-08,3.458720773167778e-12
2026-08-15T18:58:34.182540+00:00,fBTC,2026-08-13T23:00:25.660745+00:00,baseline_previous,3.282250006904346e-08,3.2835677791534445e-08,-1.3177722490988165e-11
2026-08-15T18:58:34.182540+00:00,fBTC,2026-08-13T23:56:15.689834+00:00,baseline_previous,3.2835677791534445e-08,3.2836649315083527e-08,-9.715235490812801e-13
2026-08-15T18:58:34.182540+00:00,fBTC,2026-08-14T02:43:37.547596+00:00,baseline_previous,3.2836649315083527e-08,3.282927189889982e-08,7.377416183708477e-12
2026-08-15T18:58:34.182540+00:00,fBTC,2026-08-14T04:59:30.668325+00:00,baseline_previous,3.282927189889982e-08,3.284376116933309e-08,-1.448927043327087e-11
2026-08-15T18:58:34.182540+00:00,fBTC,2026-08-14T06:41:03.194147+00:00,baseline_previous,3.284376116933309e-08,3.282790885291258e-08,1.5852316420510417e-11
2026-08-15T18:58:34.182540+00:00,fBTC,2026-08-14T08:36:32.062717+00:00,baseline_previous,3.282790885291258e-08,3.283054031796313e-08,-2.6314650505504878e-12
2026-08-15T18:58:34.182540+00:00,fBTC,2026-08-14T10:15:27.017130+00:00,baseline_previous,3.283054031796313e-08,3.22111500833502e-08,6.193902346129318e-10
2026-08-15T18:58:34.182540+00:00,fBTC,2026-08-14T11:08:15.864520+00:00,baseline_previous,3.22111500833502e-08,3.222488028464501e-08,-1.3730201294814945e-11
2026-08-15T18:58:34.182540+00:00,fBTC,2026-08-14T11:54:59.033577+00:00,baseline_previous,3.222488028464501e-08,3.222282157264888e-08,2.0587119961300583e-12
2026-08-15T18:58:34.182540+00:00,fBTC,2026-08-14T13:39:08.761556+00:00,baseline_previous,3.222282157264888e-08,3.224242138932895e-08,-1.959981668006826e-11
2026-08-15T18:58:34.182540+00:00,fBTC,2026-08-14T15:05:52.997579+00:00,baseline_previous,3.224242138932895e-08,3.225998086933476e-08,-1.75594800058112e-11
2026-08-15T18:58:34.182540+00:00,fBTC,2026-08-14T16:04:12.914057+00:00,baseline_previous,3.225998086933476e-08,3.228312074949838e-08,-2.313988016361619e-11
2026-08-15T18:58:34.182540+00:00,fBTC,2026-08-14T17:09:25.381277+00:00,baseline_previous,3.228312074949838e-08,3.230130503358111e-08,-1.8184284082733623e-11
2026-08-15T18:58:34.182540+00:00,fBTC,2026-08-14T18:04:45.826681+00:00,baseline_previous,3.230130503358111e-08,3.2304803418181566e-08,-3.4983846004547867e-12
2026-08-15T18:58:34.182540+00:00,fBTC,2026-08-14T19:11:56.130069+00:00,baseline_previous,3.2304803418181566e-08,3.231050907226711e-08,-5.7056540855408255e-12
2026-08-15T18:58:34.182540+00:00,fBTC,2026-08-14T19:54:29.166183+00:00,baseline_previous,3.231050907226711e-08,3.229143084106629e-08,1.9078231200819413e-11
2026-08-15T18:58:34.182540+00:00,fBTC,2026-08-14T20:43:40.788910+00:00,baseline_previous,3.229143084106629e-08,3.2288700269508694e-08,2.7305715575934036e-12
2026-08-15T18:58:34.182540+00:00,fBTC,2026-08-14T21:37:53.445207+00:00,baseline_previous,3.2288700269508694e-08,3.2305896944348945e-08,-1.719667484025041e-11
2026-08-15T18:58:34.182540+00:00,fBTC,2026-08-14T22:39:03.047932+00:00,baseline_previous,3.2305896944348945e-08,3.231937670689601e-08,-1.3479762547067369e-11
2026-08-15T18:58:34.182540+00:00,fBTC,2026-08-14T23:34:21.328155+00:00,baseline_previous,3.231937670689601e-08,3.2317034356118375e-08,2.3423507776371867e-12
2026-08-15T18:58:34.182540+00:00,fBTC,2026-08-15T01:47:39.455107+00:00,baseline_previous,3.2317034356118375e-08,3.2318111038958093e-08,-1.076682839718753e-12
2026-08-15T18:58:34.182540+00:00,fBTC,2026-08-15T03:03:02.925739+00:00,baseline_previous,3.2318111038958093e-08,3.2318820704658027e-08,-7.096656999330897e-13
2026-08-15T18:58:34.182540+00:00,fBTC,2026-08-15T03:52:06.414431+00:00,baseline_previous,3.2318820704658027e-08,3.2313010389795155e-08,5.810314862871508e-12
2026-08-15T18:58:34.182540+00:00,fBTC,2026-08-15T04:45:07.144236+00:00,baseline_previous,3.2313010389795155e-08,3.231814286150521e-08,-5.132471710055713e-12
2026-08-15T18:58:34.182540+00:00,fBTC,2026-08-15T05:38:23.639335+00:00,baseline_previous,3.231814286150521e-08,3.2315917368517115e-08,2.225492988095531e-12
2026-08-15T18:58:34.182540+00:00,fBTC,2026-08-15T06:55:50.481212+00:00,baseline_previous,3.2315917368517115e-08,3.231766564744324e-08,-1.7482789261244629e-12
2026-08-15T18:58:34.182540+00:00,fBTC,2026-08-15T07:42:36.158188+00:00,baseline_previous,3.231766564744324e-08,3.232315348836108e-08,-5.4878409178379975e-12
2026-08-15T18:58:34.182540+00:00,fBTC,2026-08-15T08:44:07.550219+00:00,baseline_previous,3.232315348836108e-08,3.2292247550594734e-08,3.090593776634388e-11
2026-08-15T18:58:34.182540+00:00,fBTC,2026-08-15T09:37:27.391527+00:00,baseline_previous,3.2292247550594734e-08,3.230088380417209e-08,-8.636253577358584e-12
2026-08-15T18:58:34.182540+00:00,fBTC,2026-08-15T10:37:11.488298+00:00,baseline_previous,3.230088380417209e-08,3.230499282243909e-08,-4.109018266996312e-12
2026-08-15T18:58:34.182540+00:00,fBTC,2026-08-15T11:32:31.912926+00:00,baseline_previous,3.230499282243909e-08,3.22977378009952e-08,7.2550214438896454e-12
2026-08-15T18:58:34.182540+00:00,fBTC,2026-08-15T12:57:13.743063+00:00,baseline_previous,3.22977378009952e-08,3.22837459325473e-08,1.3991868447902004e-11
2026-08-15T18:58:34.182540+00:00,fBTC,2026-08-15T13:41:57.094431+00:00,baseline_previous,3.22837459325473e-08,3.228206860903819e-08,1.6773235091085999e-12
2026-08-15T18:58:34.182540+00:00,fBTC,2026-08-15T14:36:52.381664+00:00,baseline_previous,3.228206860903819e-08,3.227117776591121e-08,1.089084312697781e-11
2026-08-15T18:58:34.182540+00:00,fBTC,2026-08-15T15:33:27.015926+00:00,baseline_previous,3.227117776591121e-08,3.227637709613015e-08,-5.199330218937395e-12
2026-08-15T18:58:34.182540+00:00,fBTC,2026-08-15T16:39:20.068409+00:00,baseline_previous,3.227637709613015e-08,3.018243087209734e-08,2.093946224032811e-09
2026-08-15T18:58:34.182540+00:00,fBTC,2026-08-15T17:33:24.093996+00:00,baseline_previous,3.018243087209734e-08,3.019948891283864e-08,-1.7058040741303442e-11
2026-08-15T18:58:34.182540+00:00,fBTC,2026-08-11T23:00:36.763269+00:00,linear_regression,3.201040624921447e-08,3.300174409197538e-08,-9.913378427609137e-10
2026-08-15T18:58:34.182540+00:00,fBTC,2026-08-11T23:57:48.627209+00:00,linear_regression,3.138049977150792e-08,3.296679566579519e-08,-1.5862958942872708e-09
2026-08-15T18:58:34.182540+00:00,fBTC,2026-08-12T02:41:47.809443+00:00,linear_regression,3.079642662486345e-08,3.2979393013397973e-08,-2.1829663885345253e-09
2026-08-15T18:58:34.182540+00:00,fBTC,2026-08-12T04:59:46.545443+00:00,linear_regression,3.0559414787907535e-08,3.2809634244750054e-08,-2.250219456842519e-09
2026-08-15T18:58:34.182540+00:00,fBTC,2026-08-12T06:40:22.041197+00:00,linear_regression,3.1416987414472255e-08,3.296518125755342e-08,-1.5481938430811683e-09
2026-08-15T18:58:34.182540+00:00,fBTC,2026-08-12T08:38:20.648496+00:00,linear_regression,3.1957169884522034e-08,3.280494934518312e-08,-8.477794606610863e-10
2026-08-15T18:58:34.182540+00:00,fBTC,2026-08-12T10:18:29.587780+00:00,linear_regression,3.146449186313956e-08,3.298075700032511e-08,-1.516265137185549e-09
2026-08-15T18:58:34.182540+00:00,fBTC,2026-08-12T11:56:35.123837+00:00,linear_regression,3.124559768939925e-08,3.297148295299304e-08,-1.7258852635937926e-09
2026-08-15T18:58:34.182540+00:00,fBTC,2026-08-12T13:43:56.652342+00:00,linear_regression,3.16267087071431e-08,3.299420170150316e-08,-1.3674929943600608e-09
2026-08-15T18:58:34.182540+00:00,fBTC,2026-08-12T15:12:58.350975+00:00,linear_regression,3.156006473711751e-08,3.283259540073285e-08,-1.2725306636153376e-09
2026-08-15T18:58:34.182540+00:00,fBTC,2026-08-12T16:08:04.253552+00:00,linear_regression,3.1738894843602136e-08,3.2987681846518935e-08,-1.2487870029167994e-09
2026-08-15T18:58:34.182540+00:00,fBTC,2026-08-12T17:10:08.740060+00:00,linear_regression,3.1358192213383975e-08,3.299995932468183e-08,-1.641767111297857e-09
2026-08-15T18:58:34.182540+00:00,fBTC,2026-08-12T18:05:16.710356+00:00,linear_regression,3.1423273567287353e-08,3.298597493923056e-08,-1.5627013719432045e-09
2026-08-15T18:58:34.182540+00:00,fBTC,2026-08-12T19:18:00.266043+00:00,linear_regression,3.1008509901548566e-08,3.2988585328293786e-08,-1.9800754267452202e-09
2026-08-15T18:58:34.182540+00:00,fBTC,2026-08-12T21:01:14.601710+00:00,linear_regression,3.126637916725658e-08,3.2977058236641666e-08,-1.7106790693850892e-09
2026-08-15T18:58:34.182540+00:00,fBTC,2026-08-12T22:00:17.768655+00:00,linear_regression,3.158629640745232e-08,3.28318201318918e-08,-1.24552372443948e-09
2026-08-15T18:58:34.182540+00:00,fBTC,2026-08-12T22:59:16.286223+00:00,linear_regression,3.1517714897321816e-08,3.2829641872545194e-08,-1.3119269752233784e-09
2026-08-15T18:58:34.182540+00:00,fBTC,2026-08-12T23:55:59.883732+00:00,linear_regression,3.175758297729712e-08,3.298467752365961e-08,-1.2270945463624877e-09
2026-08-15T18:58:34.182540+00:00,fBTC,2026-08-13T02:45:08.641054+00:00,linear_regression,3.0698441865397164e-08,3.284102355986617e-08,-2.1425816944690093e-09
2026-08-15T18:58:34.182540+00:00,fBTC,2026-08-13T05:01:54.379225+00:00,linear_regression,3.094883924419693e-08,3.298252433051158e-08,-2.0336850863146482e-09
2026-08-15T18:58:34.182540+00:00,fBTC,2026-08-13T06:43:31.569939+00:00,linear_regression,3.0862177802899615e-08,3.2836546332760684e-08,-1.9743685298610696e-09
2026-08-15T18:58:34.182540+00:00,fBTC,2026-08-13T08:42:20.371744+00:00,linear_regression,2.780336259555205e-08,3.2842495910458555e-08,-5.039133314906507e-09
2026-08-15T18:58:34.182540+00:00,fBTC,2026-08-13T10:20:12.586806+00:00,linear_regression,2.7888934202883308e-08,3.298695533973516e-08,-5.098021136851851e-09
2026-08-15T18:58:34.182540+00:00,fBTC,2026-08-13T11:57:37.161330+00:00,linear_regression,3.082270750465063e-08,3.2834754782462934e-08,-2.0120472778123047e-09
2026-08-15T18:58:34.182540+00:00,fBTC,2026-08-13T13:44:30.622307+00:00,linear_regression,3.063436721017807e-08,3.298945415874685e-08,-2.3550869485687764e-09
2026-08-15T18:58:34.182540+00:00,fBTC,2026-08-13T15:13:09.871032+00:00,linear_regression,3.0427672814395405e-08,3.284217278435752e-08,-2.414499969962112e-09
2026-08-15T18:58:34.182540+00:00,fBTC,2026-08-13T16:08:29.798470+00:00,linear_regression,3.098186397772682e-08,3.2840501377088916e-08,-1.8586373993620954e-09
2026-08-15T18:58:34.182540+00:00,fBTC,2026-08-13T17:10:15.235369+00:00,linear_regression,3.113742686956109e-08,3.283535407005422e-08,-1.6979272004931284e-09
2026-08-15T18:58:34.182540+00:00,fBTC,2026-08-13T18:05:56.389276+00:00,linear_regression,3.110990121263069e-08,3.2842105769804316e-08,-1.7322045571736247e-09
2026-08-15T18:58:34.182540+00:00,fBTC,2026-08-13T19:18:12.060302+00:00,linear_regression,3.1842035816767675e-08,3.281693907138348e-08,-9.74903254615807e-10
2026-08-15T18:58:34.182540+00:00,fBTC,2026-08-13T21:00:37.220414+00:00,linear_regression,3.1929420197296846e-08,3.2825958789816625e-08,-8.965385925197791e-10
2026-08-15T18:58:34.182540+00:00,fBTC,2026-08-13T22:00:51.798990+00:00,linear_regression,3.159288601604055e-08,3.282250006904346e-08,-1.2296140530029091e-09
2026-08-15T18:58:34.182540+00:00,fBTC,2026-08-13T23:00:25.660745+00:00,linear_regression,3.193879215600876e-08,3.2835677791534445e-08,-8.96885635525688e-10
2026-08-15T18:58:34.182540+00:00,fBTC,2026-08-13T23:56:15.689834+00:00,linear_regression,3.1548983242895715e-08,3.2836649315083527e-08,-1.2876660721878113e-09
2026-08-15T18:58:34.182540+00:00,fBTC,2026-08-14T02:43:37.547596+00:00,linear_regression,3.076155953533495e-08,3.282927189889982e-08,-2.067712363564868e-09
2026-08-15T18:58:34.182540+00:00,fBTC,2026-08-14T04:59:30.668325+00:00,linear_regression,3.114382004003489e-08,3.284376116933309e-08,-1.699941129298196e-09
2026-08-15T18:58:34.182540+00:00,fBTC,2026-08-14T06:41:03.194147+00:00,linear_regression,3.0912899632507875e-08,3.282790885291258e-08,-1.9150092204047033e-09
2026-08-15T18:58:34.182540+00:00,fBTC,2026-08-14T08:36:32.062717+00:00,linear_regression,3.1032693335626914e-08,3.283054031796313e-08,-1.7978469823362146e-09
2026-08-15T18:58:34.182540+00:00,fBTC,2026-08-14T10:15:27.017130+00:00,linear_regression,3.106380666966409e-08,3.22111500833502e-08,-1.1473434136861041e-09
2026-08-15T18:58:34.182540+00:00,fBTC,2026-08-14T11:08:15.864520+00:00,linear_regression,3.139521083315671e-08,3.222488028464501e-08,-8.296694514882993e-10
2026-08-15T18:58:34.182540+00:00,fBTC,2026-08-14T11:54:59.033577+00:00,linear_regression,3.085594778603285e-08,3.222282157264888e-08,-1.3668737866160302e-09
2026-08-15T18:58:34.182540+00:00,fBTC,2026-08-14T13:39:08.761556+00:00,linear_regression,3.1112876666231186e-08,3.224242138932895e-08,-1.1295447230977642e-09
2026-08-15T18:58:34.182540+00:00,fBTC,2026-08-14T15:05:52.997579+00:00,linear_regression,3.134000160467997e-08,3.225998086933476e-08,-9.199792646547901e-10
2026-08-15T18:58:34.182540+00:00,fBTC,2026-08-14T16:04:12.914057+00:00,linear_regression,3.118331204790738e-08,3.228312074949838e-08,-1.0998087015909993e-09
2026-08-15T18:58:34.182540+00:00,fBTC,2026-08-14T17:09:25.381277+00:00,linear_regression,3.114004598726895e-08,3.230130503358111e-08,-1.1612590463121611e-09
2026-08-15T18:58:34.182540+00:00,fBTC,2026-08-14T18:04:45.826681+00:00,linear_regression,3.1334358424265035e-08,3.2304803418181566e-08,-9.70444993916531e-10
2026-08-15T18:58:34.182540+00:00,fBTC,2026-08-14T19:11:56.130069+00:00,linear_regression,3.138298126500414e-08,3.231050907226711e-08,-9.275278072629685e-10
2026-08-15T18:58:34.182540+00:00,fBTC,2026-08-14T19:54:29.166183+00:00,linear_regression,3.1386194909372246e-08,3.229143084106629e-08,-9.052359316940418e-10
2026-08-15T18:58:34.182540+00:00,fBTC,2026-08-14T20:43:40.788910+00:00,linear_regression,3.200721622194762e-08,3.2288700269508694e-08,-2.814840475610751e-10
2026-08-15T18:58:34.182540+00:00,fBTC,2026-08-14T21:37:53.445207+00:00,linear_regression,3.186616202796598e-08,3.2305896944348945e-08,-4.3973491638296633e-10
2026-08-15T18:58:34.182540+00:00,fBTC,2026-08-14T22:39:03.047932+00:00,linear_regression,3.153018288995285e-08,3.231937670689601e-08,-7.891938169431606e-10
2026-08-15T18:58:34.182540+00:00,fBTC,2026-08-14T23:34:21.328155+00:00,linear_regression,3.157663930702618e-08,3.2317034356118375e-08,-7.403950490921922e-10
2026-08-15T18:58:34.182540+00:00,fBTC,2026-08-15T01:47:39.455107+00:00,linear_regression,3.0750964313147317e-08,3.2318111038958093e-08,-1.567146725810777e-09
2026-08-15T18:58:34.182540+00:00,fBTC,2026-08-15T03:03:02.925739+00:00,linear_regression,3.064137557079354e-08,3.2318820704658027e-08,-1.6774451338644868e-09
2026-08-15T18:58:34.182540+00:00,fBTC,2026-08-15T03:52:06.414431+00:00,linear_regression,3.084579353581992e-08,3.2313010389795155e-08,-1.4672168539752345e-09
2026-08-15T18:58:34.182540+00:00,fBTC,2026-08-15T04:45:07.144236+00:00,linear_regression,3.091867978015089e-08,3.231814286150521e-08,-1.3994630813543218e-09
2026-08-15T18:58:34.182540+00:00,fBTC,2026-08-15T05:38:23.639335+00:00,linear_regression,3.091316832829651e-08,3.2315917368517115e-08,-1.402749040220604e-09
2026-08-15T18:58:34.182540+00:00,fBTC,2026-08-15T06:55:50.481212+00:00,linear_regression,3.094753957695265e-08,3.231766564744324e-08,-1.3701260704905902e-09
2026-08-15T18:58:34.182540+00:00,fBTC,2026-08-15T07:42:36.158188+00:00,linear_regression,3.099667905439481e-08,3.232315348836108e-08,-1.3264744339662665e-09
2026-08-15T18:58:34.182540+00:00,fBTC,2026-08-15T08:44:07.550219+00:00,linear_regression,3.103890551222908e-08,3.2292247550594734e-08,-1.253342038365657e-09
2026-08-15T18:58:34.182540+00:00,fBTC,2026-08-15T09:37:27.391527+00:00,linear_regression,3.067200390099027e-08,3.230088380417209e-08,-1.6288799031818204e-09
2026-08-15T18:58:34.182540+00:00,fBTC,2026-08-15T10:37:11.488298+00:00,linear_regression,3.072931775976682e-08,3.230499282243909e-08,-1.5756750626722715e-09
2026-08-15T18:58:34.182540+00:00,fBTC,2026-08-15T11:32:31.912926+00:00,linear_regression,3.08344869989176e-08,3.22977378009952e-08,-1.4632508020775983e-09
2026-08-15T18:58:34.182540+00:00,fBTC,2026-08-15T12:57:13.743063+00:00,linear_regression,3.062994538752509e-08,3.22837459325473e-08,-1.6538005450222103e-09
2026-08-15T18:58:34.182540+00:00,fBTC,2026-08-15T13:41:57.094431+00:00,linear_regression,3.043899052300094e-08,3.228206860903819e-08,-1.8430780860372496e-09
2026-08-15T18:58:34.182540+00:00,fBTC,2026-08-15T14:36:52.381664+00:00,linear_regression,3.047823746212491e-08,3.227117776591121e-08,-1.7929403037862976e-09
2026-08-15T18:58:34.182540+00:00,fBTC,2026-08-15T15:33:27.015926+00:00,linear_regression,3.103943812666277e-08,3.227637709613015e-08,-1.2369389694673774e-09
2026-08-15T18:58:34.182540+00:00,fBTC,2026-08-15T16:39:20.068409+00:00,linear_regression,3.072602770918938e-08,3.018243087209734e-08,5.435968370920412e-10
2026-08-15T18:58:34.182540+00:00,fBTC,2026-08-15T17:33:24.093996+00:00,linear_regression,3.217629380193628e-08,3.019948891283864e-08,1.976804889097638e-09
2026-08-15T18:58:34.182540+00:00,fETH,2026-08-11T23:00:36.920685+00:00,baseline_mean,1.3189387762817044e-05,1.0283410401574146e-05,2.9059773612428987e-06
2026-08-15T18:58:34.182540+00:00,fETH,2026-08-11T23:57:48.778853+00:00,baseline_mean,1.3189387762817044e-05,1.0388815494885177e-05,2.8005722679318678e-06
2026-08-15T18:58:34.182540+00:00,fETH,2026-08-12T02:41:48.002549+00:00,baseline_mean,1.3189387762817044e-05,1.0245415018809688e-05,2.943972744007357e-06
2026-08-15T18:58:34.182540+00:00,fETH,2026-08-12T04:59:46.693000+00:00,baseline_mean,1.3189387762817044e-05,1.0096112222698088e-05,3.093275540118956e-06
2026-08-15T18:58:34.182540+00:00,fETH,2026-08-12T06:40:22.190009+00:00,baseline_mean,1.3189387762817044e-05,1.0026944849972735e-05,3.162442912844309e-06
2026-08-15T18:58:34.182540+00:00,fETH,2026-08-12T08:38:21.101027+00:00,baseline_mean,1.3189387762817044e-05,7.288863395905932e-06,5.900524366911112e-06
2026-08-15T18:58:34.182540+00:00,fETH,2026-08-12T10:18:29.739268+00:00,baseline_mean,1.3189387762817044e-05,6.479131277262532e-06,6.710256485554512e-06
2026-08-15T18:58:34.182540+00:00,fETH,2026-08-12T11:56:35.319872+00:00,baseline_mean,1.3189387762817044e-05,1.0172941448767669e-05,3.0164463140493758e-06
2026-08-15T18:58:34.182540+00:00,fETH,2026-08-12T13:43:56.830957+00:00,baseline_mean,1.3189387762817044e-05,1.018668244688489e-05,3.002705315932154e-06
2026-08-15T18:58:34.182540+00:00,fETH,2026-08-12T15:12:58.507448+00:00,baseline_mean,1.3189387762817044e-05,1.0091162934373527e-05,3.0982248284435176e-06
2026-08-15T18:58:34.182540+00:00,fETH,2026-08-12T16:08:04.795189+00:00,baseline_mean,1.3189387762817044e-05,1.0007978957507639e-05,3.1814088053094053e-06
2026-08-15T18:58:34.182540+00:00,fETH,2026-08-12T17:10:08.963743+00:00,baseline_mean,1.3189387762817044e-05,1.0101757951036036e-05,3.087629811781008e-06
2026-08-15T18:58:34.182540+00:00,fETH,2026-08-12T18:05:17.011712+00:00,baseline_mean,1.3189387762817044e-05,1.0021075806846473e-05,3.168311955970571e-06
2026-08-15T18:58:34.182540+00:00,fETH,2026-08-12T19:18:00.443420+00:00,baseline_mean,1.3189387762817044e-05,1.000211675953586e-05,3.1872710032811835e-06
2026-08-15T18:58:34.182540+00:00,fETH,2026-08-12T21:01:14.754068+00:00,baseline_mean,1.3189387762817044e-05,9.933624085877364e-06,3.2557636769396807e-06
2026-08-15T18:58:34.182540+00:00,fETH,2026-08-12T22:00:18.051835+00:00,baseline_mean,1.3189387762817044e-05,9.975564461175241e-06,3.213823301641803e-06
2026-08-15T18:58:34.182540+00:00,fETH,2026-08-12T22:59:16.494594+00:00,baseline_mean,1.3189387762817044e-05,9.944894185367477e-06,3.244493577449567e-06
2026-08-15T18:58:34.182540+00:00,fETH,2026-08-12T23:56:00.042603+00:00,baseline_mean,1.3189387762817044e-05,1.0197072888314974e-05,2.99231487450207e-06
2026-08-15T18:58:34.182540+00:00,fETH,2026-08-13T02:45:08.878682+00:00,baseline_mean,1.3189387762817044e-05,1.0366581460381953e-05,2.8228063024350917e-06
2026-08-15T18:58:34.182540+00:00,fETH,2026-08-13T05:01:54.556758+00:00,baseline_mean,1.3189387762817044e-05,1.0061687470495886e-05,3.127700292321159e-06
2026-08-15T18:58:34.182540+00:00,fETH,2026-08-13T06:43:31.967918+00:00,baseline_mean,1.3189387762817044e-05,9.995589788420952e-06,3.1937979743960924e-06
2026-08-15T18:58:34.182540+00:00,fETH,2026-08-13T08:42:20.542482+00:00,baseline_mean,1.3189387762817044e-05,1.0089139222479156e-05,3.100248540337888e-06
2026-08-15T18:58:34.182540+00:00,fETH,2026-08-13T10:20:12.800092+00:00,baseline_mean,1.3189387762817044e-05,1.0076348006540199e-05,3.1130397562768454e-06
2026-08-15T18:58:34.182540+00:00,fETH,2026-08-13T11:57:37.336015+00:00,baseline_mean,1.3189387762817044e-05,1.0010147383434403e-05,3.1792403793826412e-06
2026-08-15T18:58:34.182540+00:00,fETH,2026-08-13T13:44:30.835988+00:00,baseline_mean,1.3189387762817044e-05,1.0039692259863951e-05,3.149695502953093e-06
2026-08-15T18:58:34.182540+00:00,fETH,2026-08-13T15:13:10.117720+00:00,baseline_mean,1.3189387762817044e-05,1.0100664860766548e-05,3.0887229020504967e-06
2026-08-15T18:58:34.182540+00:00,fETH,2026-08-13T16:08:29.981389+00:00,baseline_mean,1.3189387762817044e-05,1.00272821496555e-05,3.162105613161545e-06
2026-08-15T18:58:34.182540+00:00,fETH,2026-08-13T17:10:15.465066+00:00,baseline_mean,1.3189387762817044e-05,1.0113998647493863e-05,3.075389115323181e-06
2026-08-15T18:58:34.182540+00:00,fETH,2026-08-13T18:05:56.577678+00:00,baseline_mean,1.3189387762817044e-05,1.0301568709430475e-05,2.887819053386569e-06
2026-08-15T18:58:34.182540+00:00,fETH,2026-08-13T19:18:12.453901+00:00,baseline_mean,1.3189387762817044e-05,1.0087103751035842e-05,3.102284011781202e-06
2026-08-15T18:58:34.182540+00:00,fETH,2026-08-13T21:00:37.502778+00:00,baseline_mean,1.3189387762817044e-05,1.0148672408246289e-05,3.0407153545707553e-06
2026-08-15T18:58:34.182540+00:00,fETH,2026-08-13T22:00:51.952797+00:00,baseline_mean,1.3189387762817044e-05,1.0092601095232485e-05,3.096786667584559e-06
2026-08-15T18:58:34.182540+00:00,fETH,2026-08-13T23:00:25.905710+00:00,baseline_mean,1.3189387762817044e-05,1.0039202467249106e-05,3.1501852955679386e-06
2026-08-15T18:58:34.182540+00:00,fETH,2026-08-13T23:56:16.111279+00:00,baseline_mean,1.3189387762817044e-05,1.0004586920112611e-05,3.184800842704433e-06
2026-08-15T18:58:34.182540+00:00,fETH,2026-08-14T02:43:37.696874+00:00,baseline_mean,1.3189387762817044e-05,1.0045305986217253e-05,3.1440817765997917e-06
2026-08-15T18:58:34.182540+00:00,fETH,2026-08-14T04:59:30.924346+00:00,baseline_mean,1.3189387762817044e-05,9.961058942824449e-06,3.2283288199925952e-06
2026-08-15T18:58:34.182540+00:00,fETH,2026-08-14T06:41:03.399768+00:00,baseline_mean,1.3189387762817044e-05,1.007684505426509e-05,3.1125427085519535e-06
2026-08-15T18:58:34.182540+00:00,fETH,2026-08-14T08:36:32.360118+00:00,baseline_mean,1.3189387762817044e-05,1.0042455415614413e-05,3.1469323472026315e-06
2026-08-15T18:58:34.182540+00:00,fETH,2026-08-14T10:15:27.249297+00:00,baseline_mean,1.3189387762817044e-05,1.0065435238109909e-05,3.1239525247071355e-06
2026-08-15T18:58:34.182540+00:00,fETH,2026-08-14T11:08:16.062778+00:00,baseline_mean,1.3189387762817044e-05,1.0065871896651565e-05,3.1235158661654793e-06
2026-08-15T18:58:34.182540+00:00,fETH,2026-08-14T11:54:59.182714+00:00,baseline_mean,1.3189387762817044e-05,1.0146953126361098e-05,3.0424346364559466e-06
2026-08-15T18:58:34.182540+00:00,fETH,2026-08-14T13:39:08.918331+00:00,baseline_mean,1.3189387762817044e-05,1.005879951615026e-05,3.1305882466667844e-06
2026-08-15T18:58:34.182540+00:00,fETH,2026-08-14T15:05:53.169440+00:00,baseline_mean,1.3189387762817044e-05,1.0218330180714807e-05,2.9710575821022376e-06
2026-08-15T18:58:34.182540+00:00,fETH,2026-08-14T16:04:13.123221+00:00,baseline_mean,1.3189387762817044e-05,1.0179989121001535e-05,3.009398641815509e-06
2026-08-15T18:58:34.182540+00:00,fETH,2026-08-14T17:09:25.708132+00:00,baseline_mean,1.3189387762817044e-05,1.0229701780942421e-05,2.959685981874623e-06
2026-08-15T18:58:34.182540+00:00,fETH,2026-08-14T18:04:45.981064+00:00,baseline_mean,1.3189387762817044e-05,1.0165946847839973e-05,3.0234409149770717e-06
2026-08-15T18:58:34.182540+00:00,fETH,2026-08-14T19:11:56.376472+00:00,baseline_mean,1.3189387762817044e-05,1.0154146986711717e-05,3.0352407761053276e-06
2026-08-15T18:58:34.182540+00:00,fETH,2026-08-14T19:54:29.341616+00:00,baseline_mean,1.3189387762817044e-05,1.020258950104682e-05,2.9867982617702243e-06
2026-08-15T18:58:34.182540+00:00,fETH,2026-08-14T20:43:41.087805+00:00,baseline_mean,1.3189387762817044e-05,1.0338275990835281e-05,2.851111771981763e-06
2026-08-15T18:58:34.182540+00:00,fETH,2026-08-14T21:37:53.596484+00:00,baseline_mean,1.3189387762817044e-05,1.0188029343760658e-05,3.001358419056386e-06
2026-08-15T18:58:34.182540+00:00,fETH,2026-08-14T22:39:03.254108+00:00,baseline_mean,1.3189387762817044e-05,1.0152721015084945e-05,3.0366667477320997e-06
2026-08-15T18:58:34.182540+00:00,fETH,2026-08-14T23:34:21.984047+00:00,baseline_mean,1.3189387762817044e-05,1.011364043504558e-05,3.0757473277714644e-06
2026-08-15T18:58:34.182540+00:00,fETH,2026-08-15T01:47:39.662303+00:00,baseline_mean,1.3189387762817044e-05,1.0105370593519882e-05,3.0840171692971624e-06
2026-08-15T18:58:34.182540+00:00,fETH,2026-08-15T03:03:03.128174+00:00,baseline_mean,1.3189387762817044e-05,1.0163313511638262e-05,3.026074251178783e-06
2026-08-15T18:58:34.182540+00:00,fETH,2026-08-15T03:52:06.586106+00:00,baseline_mean,1.3189387762817044e-05,1.0206886769854668e-05,2.982500992962376e-06
2026-08-15T18:58:34.182540+00:00,fETH,2026-08-15T04:45:07.361939+00:00,baseline_mean,1.3189387762817044e-05,1.0188012337841816e-05,3.0013754249752284e-06
2026-08-15T18:58:34.182540+00:00,fETH,2026-08-15T05:38:23.794231+00:00,baseline_mean,1.3189387762817044e-05,1.0306555826681345e-05,2.8828319361356993e-06
2026-08-15T18:58:34.182540+00:00,fETH,2026-08-15T06:55:50.656434+00:00,baseline_mean,1.3189387762817044e-05,1.03086750412734e-05,2.8807127215436445e-06
2026-08-15T18:58:34.182540+00:00,fETH,2026-08-15T07:42:36.368084+00:00,baseline_mean,1.3189387762817044e-05,1.0233673496758272e-05,2.9557142660587724e-06
2026-08-15T18:58:34.182540+00:00,fETH,2026-08-15T08:44:07.758069+00:00,baseline_mean,1.3189387762817044e-05,1.0230957905809072e-05,2.958429857007973e-06
2026-08-15T18:58:34.182540+00:00,fETH,2026-08-15T09:37:27.564012+00:00,baseline_mean,1.3189387762817044e-05,1.0178113317269926e-05,3.011274445547118e-06
2026-08-15T18:58:34.182540+00:00,fETH,2026-08-15T10:37:11.669058+00:00,baseline_mean,1.3189387762817044e-05,1.0256070080407577e-05,2.9333176824094675e-06
2026-08-15T18:58:34.182540+00:00,fETH,2026-08-15T11:32:32.136988+00:00,baseline_mean,1.3189387762817044e-05,1.0180278436576261e-05,3.0091093262407834e-06
2026-08-15T18:58:34.182540+00:00,fETH,2026-08-15T12:57:13.938025+00:00,baseline_mean,1.3189387762817044e-05,1.0149348977813529e-05,3.0400387850035153e-06
2026-08-15T18:58:34.182540+00:00,fETH,2026-08-15T13:41:57.248129+00:00,baseline_mean,1.3189387762817044e-05,1.0147481633630918e-05,3.0419061291861263e-06
2026-08-15T18:58:34.182540+00:00,fETH,2026-08-15T14:36:52.592058+00:00,baseline_mean,1.3189387762817044e-05,1.01468155192506e-05,3.0425722435664436e-06
2026-08-15T18:58:34.182540+00:00,fETH,2026-08-15T15:33:27.293470+00:00,baseline_mean,1.3189387762817044e-05,1.0144823431279196e-05,3.044564331537848e-06
2026-08-15T18:58:34.182540+00:00,fETH,2026-08-15T16:39:20.312018+00:00,baseline_mean,1.3189387762817044e-05,1.0135893830797277e-05,3.0534939320197673e-06
2026-08-15T18:58:34.182540+00:00,fETH,2026-08-15T17:33:24.249109+00:00,baseline_mean,1.3189387762817044e-05,1.0091512110819685e-05,3.0978756519973596e-06
2026-08-15T18:58:34.182540+00:00,fETH,2026-08-11T23:00:36.920685+00:00,baseline_previous,1.0278584648683567e-05,1.0283410401574146e-05,-4.825752890578666e-09
2026-08-15T18:58:34.182540+00:00,fETH,2026-08-11T23:57:48.778853+00:00,baseline_previous,1.0283410401574146e-05,1.0388815494885177e-05,-1.0540509331103095e-07
2026-08-15T18:58:34.182540+00:00,fETH,2026-08-12T02:41:48.002549+00:00,baseline_previous,1.0388815494885177e-05,1.0245415018809688e-05,1.4340047607548907e-07
2026-08-15T18:58:34.182540+00:00,fETH,2026-08-12T04:59:46.693000+00:00,baseline_previous,1.0245415018809688e-05,1.0096112222698088e-05,1.493027961115991e-07
2026-08-15T18:58:34.182540+00:00,fETH,2026-08-12T06:40:22.190009+00:00,baseline_previous,1.0096112222698088e-05,1.0026944849972735e-05,6.91673727253532e-08
2026-08-15T18:58:34.182540+00:00,fETH,2026-08-12T08:38:21.101027+00:00,baseline_previous,1.0026944849972735e-05,7.288863395905932e-06,2.738081454066803e-06
2026-08-15T18:58:34.182540+00:00,fETH,2026-08-12T10:18:29.739268+00:00,baseline_previous,7.288863395905932e-06,6.479131277262532e-06,8.097321186434002e-07
2026-08-15T18:58:34.182540+00:00,fETH,2026-08-12T11:56:35.319872+00:00,baseline_previous,6.479131277262532e-06,1.0172941448767669e-05,-3.6938101715051364e-06
2026-08-15T18:58:34.182540+00:00,fETH,2026-08-12T13:43:56.830957+00:00,baseline_previous,1.0172941448767669e-05,1.018668244688489e-05,-1.3740998117221985e-08
2026-08-15T18:58:34.182540+00:00,fETH,2026-08-12T15:12:58.507448+00:00,baseline_previous,1.018668244688489e-05,1.0091162934373527e-05,9.551951251136377e-08
2026-08-15T18:58:34.182540+00:00,fETH,2026-08-12T16:08:04.795189+00:00,baseline_previous,1.0091162934373527e-05,1.0007978957507639e-05,8.31839768658877e-08
2026-08-15T18:58:34.182540+00:00,fETH,2026-08-12T17:10:08.963743+00:00,baseline_previous,1.0007978957507639e-05,1.0101757951036036e-05,-9.377899352839714e-08
2026-08-15T18:58:34.182540+00:00,fETH,2026-08-12T18:05:17.011712+00:00,baseline_previous,1.0101757951036036e-05,1.0021075806846473e-05,8.068214418956296e-08
2026-08-15T18:58:34.182540+00:00,fETH,2026-08-12T19:18:00.443420+00:00,baseline_previous,1.0021075806846473e-05,1.000211675953586e-05,1.8959047310612424e-08
2026-08-15T18:58:34.182540+00:00,fETH,2026-08-12T21:01:14.754068+00:00,baseline_previous,1.000211675953586e-05,9.933624085877364e-06,6.849267365849724e-08
2026-08-15T18:58:34.182540+00:00,fETH,2026-08-12T22:00:18.051835+00:00,baseline_previous,9.933624085877364e-06,9.975564461175241e-06,-4.194037529787777e-08
2026-08-15T18:58:34.182540+00:00,fETH,2026-08-12T22:59:16.494594+00:00,baseline_previous,9.975564461175241e-06,9.944894185367477e-06,3.0670275807763905e-08
2026-08-15T18:58:34.182540+00:00,fETH,2026-08-12T23:56:00.042603+00:00,baseline_previous,9.944894185367477e-06,1.0197072888314974e-05,-2.521787029474969e-07
2026-08-15T18:58:34.182540+00:00,fETH,2026-08-13T02:45:08.878682+00:00,baseline_previous,1.0197072888314974e-05,1.0366581460381953e-05,-1.6950857206697828e-07
2026-08-15T18:58:34.182540+00:00,fETH,2026-08-13T05:01:54.556758+00:00,baseline_previous,1.0366581460381953e-05,1.0061687470495886e-05,3.0489398988606713e-07
2026-08-15T18:58:34.182540+00:00,fETH,2026-08-13T06:43:31.967918+00:00,baseline_previous,1.0061687470495886e-05,9.995589788420952e-06,6.609768207493356e-08
2026-08-15T18:58:34.182540+00:00,fETH,2026-08-13T08:42:20.542482+00:00,baseline_previous,9.995589788420952e-06,1.0089139222479156e-05,-9.354943405820429e-08
2026-08-15T18:58:34.182540+00:00,fETH,2026-08-13T10:20:12.800092+00:00,baseline_previous,1.0089139222479156e-05,1.0076348006540199e-05,1.2791215938957315e-08
2026-08-15T18:58:34.182540+00:00,fETH,2026-08-13T11:57:37.336015+00:00,baseline_previous,1.0076348006540199e-05,1.0010147383434403e-05,6.620062310579583e-08
2026-08-15T18:58:34.182540+00:00,fETH,2026-08-13T13:44:30.835988+00:00,baseline_previous,1.0010147383434403e-05,1.0039692259863951e-05,-2.954487642954824e-08
2026-08-15T18:58:34.182540+00:00,fETH,2026-08-13T15:13:10.117720+00:00,baseline_previous,1.0039692259863951e-05,1.0100664860766548e-05,-6.097260090259625e-08
2026-08-15T18:58:34.182540+00:00,fETH,2026-08-13T16:08:29.981389+00:00,baseline_previous,1.0100664860766548e-05,1.00272821496555e-05,7.338271111104822e-08
2026-08-15T18:58:34.182540+00:00,fETH,2026-08-13T17:10:15.465066+00:00,baseline_previous,1.00272821496555e-05,1.0113998647493863e-05,-8.671649783836396e-08
2026-08-15T18:58:34.182540+00:00,fETH,2026-08-13T18:05:56.577678+00:00,baseline_previous,1.0113998647493863e-05,1.0301568709430475e-05,-1.8757006193661202e-07
2026-08-15T18:58:34.182540+00:00,fETH,2026-08-13T19:18:12.453901+00:00,baseline_previous,1.0301568709430475e-05,1.0087103751035842e-05,2.1446495839463304e-07
2026-08-15T18:58:34.182540+00:00,fETH,2026-08-13T21:00:37.502778+00:00,baseline_previous,1.0087103751035842e-05,1.0148672408246289e-05,-6.15686572104467e-08
2026-08-15T18:58:34.182540+00:00,fETH,2026-08-13T22:00:51.952797+00:00,baseline_previous,1.0148672408246289e-05,1.0092601095232485e-05,5.607131301380388e-08
2026-08-15T18:58:34.182540+00:00,fETH,2026-08-13T23:00:25.905710+00:00,baseline_previous,1.0092601095232485e-05,1.0039202467249106e-05,5.33986279833794e-08
2026-08-15T18:58:34.182540+00:00,fETH,2026-08-13T23:56:16.111279+00:00,baseline_previous,1.0039202467249106e-05,1.0004586920112611e-05,3.461554713649451e-08
2026-08-15T18:58:34.182540+00:00,fETH,2026-08-14T02:43:37.696874+00:00,baseline_previous,1.0004586920112611e-05,1.0045305986217253e-05,-4.07190661046414e-08
2026-08-15T18:58:34.182540+00:00,fETH,2026-08-14T04:59:30.924346+00:00,baseline_previous,1.0045305986217253e-05,9.961058942824449e-06,8.424704339280353e-08
2026-08-15T18:58:34.182540+00:00,fETH,2026-08-14T06:41:03.399768+00:00,baseline_previous,9.961058942824449e-06,1.007684505426509e-05,-1.1578611144064171e-07
2026-08-15T18:58:34.182540+00:00,fETH,2026-08-14T08:36:32.360118+00:00,baseline_previous,1.007684505426509e-05,1.0042455415614413e-05,3.438963865067794e-08
2026-08-15T18:58:34.182540+00:00,fETH,2026-08-14T10:15:27.249297+00:00,baseline_previous,1.0042455415614413e-05,1.0065435238109909e-05,-2.2979822495495958e-08
2026-08-15T18:58:34.182540+00:00,fETH,2026-08-14T11:08:16.062778+00:00,baseline_previous,1.0065435238109909e-05,1.0065871896651565e-05,-4.3665854165620473e-10
2026-08-15T18:58:34.182540+00:00,fETH,2026-08-14T11:54:59.182714+00:00,baseline_previous,1.0065871896651565e-05,1.0146953126361098e-05,-8.108122970953276e-08
2026-08-15T18:58:34.182540+00:00,fETH,2026-08-14T13:39:08.918331+00:00,baseline_previous,1.0146953126361098e-05,1.005879951615026e-05,8.815361021083785e-08
2026-08-15T18:58:34.182540+00:00,fETH,2026-08-14T15:05:53.169440+00:00,baseline_previous,1.005879951615026e-05,1.0218330180714807e-05,-1.595306645645468e-07
2026-08-15T18:58:34.182540+00:00,fETH,2026-08-14T16:04:13.123221+00:00,baseline_previous,1.0218330180714807e-05,1.0179989121001535e-05,3.834105971327129e-08
2026-08-15T18:58:34.182540+00:00,fETH,2026-08-14T17:09:25.708132+00:00,baseline_previous,1.0179989121001535e-05,1.0229701780942421e-05,-4.971265994088589e-08
2026-08-15T18:58:34.182540+00:00,fETH,2026-08-14T18:04:45.981064+00:00,baseline_previous,1.0229701780942421e-05,1.0165946847839973e-05,6.375493310244866e-08
2026-08-15T18:58:34.182540+00:00,fETH,2026-08-14T19:11:56.376472+00:00,baseline_previous,1.0165946847839973e-05,1.0154146986711717e-05,1.1799861128255888e-08
2026-08-15T18:58:34.182540+00:00,fETH,2026-08-14T19:54:29.341616+00:00,baseline_previous,1.0154146986711717e-05,1.020258950104682e-05,-4.844251433510327e-08
2026-08-15T18:58:34.182540+00:00,fETH,2026-08-14T20:43:41.087805+00:00,baseline_previous,1.020258950104682e-05,1.0338275990835281e-05,-1.356864897884613e-07
2026-08-15T18:58:34.182540+00:00,fETH,2026-08-14T21:37:53.596484+00:00,baseline_previous,1.0338275990835281e-05,1.0188029343760658e-05,1.5024664707462294e-07
2026-08-15T18:58:34.182540+00:00,fETH,2026-08-14T22:39:03.254108+00:00,baseline_previous,1.0188029343760658e-05,1.0152721015084945e-05,3.53083286757138e-08
2026-08-15T18:58:34.182540+00:00,fETH,2026-08-14T23:34:21.984047+00:00,baseline_previous,1.0152721015084945e-05,1.011364043504558e-05,3.908058003936463e-08
2026-08-15T18:58:34.182540+00:00,fETH,2026-08-15T01:47:39.662303+00:00,baseline_previous,1.011364043504558e-05,1.0105370593519882e-05,8.269841525698041e-09
2026-08-15T18:58:34.182540+00:00,fETH,2026-08-15T03:03:03.128174+00:00,baseline_previous,1.0105370593519882e-05,1.0163313511638262e-05,-5.7942918118379576e-08
2026-08-15T18:58:34.182540+00:00,fETH,2026-08-15T03:52:06.586106+00:00,baseline_previous,1.0163313511638262e-05,1.0206886769854668e-05,-4.357325821640683e-08
2026-08-15T18:58:34.182540+00:00,fETH,2026-08-15T04:45:07.361939+00:00,baseline_previous,1.0206886769854668e-05,1.0188012337841816e-05,1.8874432012852394e-08
2026-08-15T18:58:34.182540+00:00,fETH,2026-08-15T05:38:23.794231+00:00,baseline_previous,1.0188012337841816e-05,1.0306555826681345e-05,-1.1854348883952908e-07
2026-08-15T18:58:34.182540+00:00,fETH,2026-08-15T06:55:50.656434+00:00,baseline_previous,1.0306555826681345e-05,1.03086750412734e-05,-2.1192145920548305e-09
2026-08-15T18:58:34.182540+00:00,fETH,2026-08-15T07:42:36.368084+00:00,baseline_previous,1.03086750412734e-05,1.0233673496758272e-05,7.500154451512797e-08
2026-08-15T18:58:34.182540+00:00,fETH,2026-08-15T08:44:07.758069+00:00,baseline_previous,1.0233673496758272e-05,1.0230957905809072e-05,2.7155909492003716e-09
2026-08-15T18:58:34.182540+00:00,fETH,2026-08-15T09:37:27.564012+00:00,baseline_previous,1.0230957905809072e-05,1.0178113317269926e-05,5.2844588539145056e-08
2026-08-15T18:58:34.182540+00:00,fETH,2026-08-15T10:37:11.669058+00:00,baseline_previous,1.0178113317269926e-05,1.0256070080407577e-05,-7.795676313765037e-08
2026-08-15T18:58:34.182540+00:00,fETH,2026-08-15T11:32:32.136988+00:00,baseline_previous,1.0256070080407577e-05,1.0180278436576261e-05,7.579164383131588e-08
2026-08-15T18:58:34.182540+00:00,fETH,2026-08-15T12:57:13.938025+00:00,baseline_previous,1.0180278436576261e-05,1.0149348977813529e-05,3.0929458762731906e-08
2026-08-15T18:58:34.182540+00:00,fETH,2026-08-15T13:41:57.248129+00:00,baseline_previous,1.0149348977813529e-05,1.0147481633630918e-05,1.8673441826110422e-09
2026-08-15T18:58:34.182540+00:00,fETH,2026-08-15T14:36:52.592058+00:00,baseline_previous,1.0147481633630918e-05,1.01468155192506e-05,6.661143803173209e-10
2026-08-15T18:58:34.182540+00:00,fETH,2026-08-15T15:33:27.293470+00:00,baseline_previous,1.01468155192506e-05,1.0144823431279196e-05,1.9920879714044163e-09
2026-08-15T18:58:34.182540+00:00,fETH,2026-08-15T16:39:20.312018+00:00,baseline_previous,1.0144823431279196e-05,1.0135893830797277e-05,8.92960048191923e-09
2026-08-15T18:58:34.182540+00:00,fETH,2026-08-15T17:33:24.249109+00:00,baseline_previous,1.0135893830797277e-05,1.0091512110819685e-05,4.4381719977592296e-08
2026-08-15T18:58:34.182540+00:00,fETH,2026-08-11T23:00:36.920685+00:00,linear_regression,1.0070124989432629e-05,1.0283410401574146e-05,-2.132854121415165e-07
2026-08-15T18:58:34.182540+00:00,fETH,2026-08-11T23:57:48.778853+00:00,linear_regression,1.0069426913409244e-05,1.0388815494885177e-05,-3.193885814759324e-07
2026-08-15T18:58:34.182540+00:00,fETH,2026-08-12T02:41:48.002549+00:00,linear_regression,1.0103867048415287e-05,1.0245415018809688e-05,-1.4154797039440098e-07
2026-08-15T18:58:34.182540+00:00,fETH,2026-08-12T04:59:46.693000+00:00,linear_regression,1.0460455003254097e-05,1.0096112222698088e-05,3.6434278055600833e-07
2026-08-15T18:58:34.182540+00:00,fETH,2026-08-12T06:40:22.190009+00:00,linear_regression,1.0517425042107446e-05,1.0026944849972735e-05,4.904801921347112e-07
2026-08-15T18:58:34.182540+00:00,fETH,2026-08-12T08:38:21.101027+00:00,linear_regression,1.043937318922243e-05,7.288863395905932e-06,3.150509793316498e-06
2026-08-15T18:58:34.182540+00:00,fETH,2026-08-12T10:18:29.739268+00:00,linear_regression,1.207152768501633e-05,6.479131277262532e-06,5.5923964077537986e-06
2026-08-15T18:58:34.182540+00:00,fETH,2026-08-12T11:56:35.319872+00:00,linear_regression,1.1172606408176624e-05,1.0172941448767669e-05,9.996649594089555e-07
2026-08-15T18:58:34.182540+00:00,fETH,2026-08-12T13:43:56.830957+00:00,linear_regression,8.753566261925036e-06,1.018668244688489e-05,-1.4331161849598545e-06
2026-08-15T18:58:34.182540+00:00,fETH,2026-08-12T15:12:58.507448+00:00,linear_regression,1.0340513964148001e-05,1.0091162934373527e-05,2.493510297744742e-07
2026-08-15T18:58:34.182540+00:00,fETH,2026-08-12T16:08:04.795189+00:00,linear_regression,1.0466574801602269e-05,1.0007978957507639e-05,4.5859584409462957e-07
2026-08-15T18:58:34.182540+00:00,fETH,2026-08-12T17:10:08.963743+00:00,linear_regression,1.0761781089405067e-05,1.0101757951036036e-05,6.600231383690306e-07
2026-08-15T18:58:34.182540+00:00,fETH,2026-08-12T18:05:17.011712+00:00,linear_regression,1.0418991269714943e-05,1.0021075806846473e-05,3.979154628684701e-07
2026-08-15T18:58:34.182540+00:00,fETH,2026-08-12T19:18:00.443420+00:00,linear_regression,1.0769588951677766e-05,1.000211675953586e-05,7.674721921419049e-07
2026-08-15T18:58:34.182540+00:00,fETH,2026-08-12T21:01:14.754068+00:00,linear_regression,1.0616660834449028e-05,9.933624085877364e-06,6.830367485716642e-07
2026-08-15T18:58:34.182540+00:00,fETH,2026-08-12T22:00:18.051835+00:00,linear_regression,1.091771710123134e-05,9.975564461175241e-06,9.421526400560992e-07
2026-08-15T18:58:34.182540+00:00,fETH,2026-08-12T22:59:16.494594+00:00,linear_regression,1.0945065038989359e-05,9.944894185367477e-06,1.0001708536218816e-06
2026-08-15T18:58:34.182540+00:00,fETH,2026-08-12T23:56:00.042603+00:00,linear_regression,1.0817002132228816e-05,1.0197072888314974e-05,6.199292439138419e-07
2026-08-15T18:58:34.182540+00:00,fETH,2026-08-13T02:45:08.878682+00:00,linear_regression,1.0471520542297824e-05,1.0366581460381953e-05,1.0493908191587157e-07
2026-08-15T18:58:34.182540+00:00,fETH,2026-08-13T05:01:54.556758+00:00,linear_regression,1.0576030367847553e-05,1.0061687470495886e-05,5.143428973516673e-07
2026-08-15T18:58:34.182540+00:00,fETH,2026-08-13T06:43:31.967918+00:00,linear_regression,9.638280112654373e-06,9.995589788420952e-06,-3.573096757665788e-07
2026-08-15T18:58:34.182540+00:00,fETH,2026-08-13T08:42:20.542482+00:00,linear_regression,1.072656709319928e-05,1.0089139222479156e-05,6.374278707201242e-07
2026-08-15T18:58:34.182540+00:00,fETH,2026-08-13T10:20:12.800092+00:00,linear_regression,1.0727285138482132e-05,1.0076348006540199e-05,6.509371319419329e-07
2026-08-15T18:58:34.182540+00:00,fETH,2026-08-13T11:57:37.336015+00:00,linear_regression,1.0863219240600066e-05,1.0010147383434403e-05,8.530718571656629e-07
2026-08-15T18:58:34.182540+00:00,fETH,2026-08-13T13:44:30.835988+00:00,linear_regression,1.0814705441757257e-05,1.0039692259863951e-05,7.75013181893306e-07
2026-08-15T18:58:34.182540+00:00,fETH,2026-08-13T15:13:10.117720+00:00,linear_regression,1.0893201825653441e-05,1.0100664860766548e-05,7.925369648868938e-07
2026-08-15T18:58:34.182540+00:00,fETH,2026-08-13T16:08:29.981389+00:00,linear_regression,1.0995718450585329e-05,1.00272821496555e-05,9.684363009298294e-07
2026-08-15T18:58:34.182540+00:00,fETH,2026-08-13T17:10:15.465066+00:00,linear_regression,1.1464278413375552e-05,1.0113998647493863e-05,1.350279765881689e-06
2026-08-15T18:58:34.182540+00:00,fETH,2026-08-13T18:05:56.577678+00:00,linear_regression,1.1280303399552049e-05,1.0301568709430475e-05,9.787346901215737e-07
2026-08-15T18:58:34.182540+00:00,fETH,2026-08-13T19:18:12.453901+00:00,linear_regression,1.1401489220997302e-05,1.0087103751035842e-05,1.3143854699614597e-06
2026-08-15T18:58:34.182540+00:00,fETH,2026-08-13T21:00:37.502778+00:00,linear_regression,1.1172194725287802e-05,1.0148672408246289e-05,1.023522317041513e-06
2026-08-15T18:58:34.182540+00:00,fETH,2026-08-13T22:00:51.952797+00:00,linear_regression,1.1292471958186213e-05,1.0092601095232485e-05,1.1998708629537275e-06
2026-08-15T18:58:34.182540+00:00,fETH,2026-08-13T23:00:25.905710+00:00,linear_regression,1.1334290129851852e-05,1.0039202467249106e-05,1.2950876626027461e-06
2026-08-15T18:58:34.182540+00:00,fETH,2026-08-13T23:56:16.111279+00:00,linear_regression,1.1385105999983756e-05,1.0004586920112611e-05,1.3805190798711446e-06
2026-08-15T18:58:34.182540+00:00,fETH,2026-08-14T02:43:37.696874+00:00,linear_regression,1.1455823906958747e-05,1.0045305986217253e-05,1.4105179207414944e-06
2026-08-15T18:58:34.182540+00:00,fETH,2026-08-14T04:59:30.924346+00:00,linear_regression,1.1445918940910995e-05,9.961058942824449e-06,1.4848599980865463e-06
2026-08-15T18:58:34.182540+00:00,fETH,2026-08-14T06:41:03.399768+00:00,linear_regression,1.1742634146733838e-05,1.007684505426509e-05,1.6657890924687472e-06
2026-08-15T18:58:34.182540+00:00,fETH,2026-08-14T08:36:32.360118+00:00,linear_regression,1.1842582913973736e-05,1.0042455415614413e-05,1.8001274983593227e-06
2026-08-15T18:58:34.182540+00:00,fETH,2026-08-14T10:15:27.249297+00:00,linear_regression,1.1656787940480454e-05,1.0065435238109909e-05,1.591352702370545e-06
2026-08-15T18:58:34.182540+00:00,fETH,2026-08-14T11:08:16.062778+00:00,linear_regression,1.1435955850045124e-05,1.0065871896651565e-05,1.370083953393559e-06
2026-08-15T18:58:34.182540+00:00,fETH,2026-08-14T11:54:59.182714+00:00,linear_regression,1.1546135653833282e-05,1.0146953126361098e-05,1.3991825274721844e-06
2026-08-15T18:58:34.182540+00:00,fETH,2026-08-14T13:39:08.918331+00:00,linear_regression,1.1628462804872473e-05,1.005879951615026e-05,1.5696632887222135e-06
2026-08-15T18:58:34.182540+00:00,fETH,2026-08-14T15:05:53.169440+00:00,linear_regression,1.1635953034627506e-05,1.0218330180714807e-05,1.4176228539126996e-06
2026-08-15T18:58:34.182540+00:00,fETH,2026-08-14T16:04:13.123221+00:00,linear_regression,1.1698121294316603e-05,1.0179989121001535e-05,1.518132173315068e-06
2026-08-15T18:58:34.182540+00:00,fETH,2026-08-14T17:09:25.708132+00:00,linear_regression,1.1874772741902718e-05,1.0229701780942421e-05,1.6450709609602968e-06
2026-08-15T18:58:34.182540+00:00,fETH,2026-08-14T18:04:45.981064+00:00,linear_regression,1.1892051655449824e-05,1.0165946847839973e-05,1.7261048076098515e-06
2026-08-15T18:58:34.182540+00:00,fETH,2026-08-14T19:11:56.376472+00:00,linear_regression,1.2331377880623078e-05,1.0154146986711717e-05,2.177230893911361e-06
2026-08-15T18:58:34.182540+00:00,fETH,2026-08-14T19:54:29.341616+00:00,linear_regression,1.2044830423767447e-05,1.020258950104682e-05,1.8422409227206267e-06
2026-08-15T18:58:34.182540+00:00,fETH,2026-08-14T20:43:41.087805+00:00,linear_regression,1.2154551254868753e-05,1.0338275990835281e-05,1.8162752640334713e-06
2026-08-15T18:58:34.182540+00:00,fETH,2026-08-14T21:37:53.596484+00:00,linear_regression,1.2201258922493444e-05,1.0188029343760658e-05,2.013229578732785e-06
2026-08-15T18:58:34.182540+00:00,fETH,2026-08-14T22:39:03.254108+00:00,linear_regression,1.2196839395022038e-05,1.0152721015084945e-05,2.044118379937093e-06
2026-08-15T18:58:34.182540+00:00,fETH,2026-08-14T23:34:21.984047+00:00,linear_regression,1.2197785391250352e-05,1.011364043504558e-05,2.084144956204772e-06
2026-08-15T18:58:34.182540+00:00,fETH,2026-08-15T01:47:39.662303+00:00,linear_regression,1.1711792337574364e-05,1.0105370593519882e-05,1.6064217440544825e-06
2026-08-15T18:58:34.182540+00:00,fETH,2026-08-15T03:03:03.128174+00:00,linear_regression,1.1752358115564076e-05,1.0163313511638262e-05,1.5890446039258143e-06
2026-08-15T18:58:34.182540+00:00,fETH,2026-08-15T03:52:06.586106+00:00,linear_regression,1.1858034804979593e-05,1.0206886769854668e-05,1.6511480351249247e-06
2026-08-15T18:58:34.182540+00:00,fETH,2026-08-15T04:45:07.361939+00:00,linear_regression,1.1629443915026827e-05,1.0188012337841816e-05,1.4414315771850106e-06
2026-08-15T18:58:34.182540+00:00,fETH,2026-08-15T05:38:23.794231+00:00,linear_regression,1.1891570916600679e-05,1.0306555826681345e-05,1.585015089919334e-06
2026-08-15T18:58:34.182540+00:00,fETH,2026-08-15T06:55:50.656434+00:00,linear_regression,1.1741315796806223e-05,1.03086750412734e-05,1.4326407555328229e-06
2026-08-15T18:58:34.182540+00:00,fETH,2026-08-15T07:42:36.368084+00:00,linear_regression,1.1794611240983373e-05,1.0233673496758272e-05,1.560937744225101e-06
2026-08-15T18:58:34.182540+00:00,fETH,2026-08-15T08:44:07.758069+00:00,linear_regression,1.184929404127576e-05,1.0230957905809072e-05,1.6183361354666886e-06
2026-08-15T18:58:34.182540+00:00,fETH,2026-08-15T09:37:27.564012+00:00,linear_regression,1.1854422999681406e-05,1.0178113317269926e-05,1.6763096824114798e-06
2026-08-15T18:58:34.182540+00:00,fETH,2026-08-15T10:37:11.669058+00:00,linear_regression,1.1709391447241267e-05,1.0256070080407577e-05,1.4533213668336904e-06
2026-08-15T18:58:34.182540+00:00,fETH,2026-08-15T11:32:32.136988+00:00,linear_regression,1.1821887734112345e-05,1.0180278436576261e-05,1.6416092975360836e-06
2026-08-15T18:58:34.182540+00:00,fETH,2026-08-15T12:57:13.938025+00:00,linear_regression,1.1875198041983265e-05,1.0149348977813529e-05,1.7258490641697358e-06
2026-08-15T18:58:34.182540+00:00,fETH,2026-08-15T13:41:57.248129+00:00,linear_regression,1.2119421958705e-05,1.0147481633630918e-05,1.9719403250740825e-06
2026-08-15T18:58:34.182540+00:00,fETH,2026-08-15T14:36:52.592058+00:00,linear_regression,1.2203109809331682e-05,1.01468155192506e-05,2.056294290081081e-06
2026-08-15T18:58:34.182540+00:00,fETH,2026-08-15T15:33:27.293470+00:00,linear_regression,1.2003724341838464e-05,1.0144823431279196e-05,1.8589009105592681e-06
2026-08-15T18:58:34.182540+00:00,fETH,2026-08-15T16:39:20.312018+00:00,linear_regression,1.2336217926514066e-05,1.0135893830797277e-05,2.2003240957167887e-06
2026-08-15T18:58:34.182540+00:00,fETH,2026-08-15T17:33:24.249109+00:00,linear_regression,1.2225389646998673e-05,1.0091512110819685e-05,2.133877536178988e-06
2026-08-15T18:58:34.182540+00:00,fUSD,2026-08-11T23:00:36.564555+00:00,baseline_mean,0.00018242423759322565,0.00020314675470692233,-2.072251711369668e-05
2026-08-15T18:58:34.182540+00:00,fUSD,2026-08-11T23:57:48.391452+00:00,baseline_mean,0.00018242423759322565,0.00020057687744388304,-1.8152639850657387e-05
2026-08-15T18:58:34.182540+00:00,fUSD,2026-08-12T02:41:47.490748+00:00,baseline_mean,0.00018242423759322565,0.00016468788198149172,1.773635561173393e-05
2026-08-15T18:58:34.182540+00:00,fUSD,2026-08-12T04:59:46.342221+00:00,baseline_mean,0.00018242423759322565,0.00016515877110992666,1.7265466483298988e-05
2026-08-15T18:58:34.182540+00:00,fUSD,2026-08-12T06:40:21.822484+00:00,baseline_mean,0.00018242423759322565,0.0001684398905709012,1.3984347022324457e-05
2026-08-15T18:58:34.182540+00:00,fUSD,2026-08-12T08:38:20.449730+00:00,baseline_mean,0.00018242423759322565,0.000168872378719462,1.355185887376366e-05
2026-08-15T18:58:34.182540+00:00,fUSD,2026-08-12T10:18:29.413998+00:00,baseline_mean,0.00018242423759322565,0.00016949870743528344,1.2925530157942207e-05
2026-08-15T18:58:34.182540+00:00,fUSD,2026-08-12T11:56:34.834619+00:00,baseline_mean,0.00018242423759322565,0.00020044810089969137,-1.8023863306465717e-05
2026-08-15T18:58:34.182540+00:00,fUSD,2026-08-12T13:43:56.406233+00:00,baseline_mean,0.00018242423759322565,0.00020360327544971844,-2.1179037856492784e-05
2026-08-15T18:58:34.182540+00:00,fUSD,2026-08-12T15:12:57.872989+00:00,baseline_mean,0.00018242423759322565,0.00020335819538269548,-2.093395778946983e-05
2026-08-15T18:58:34.182540+00:00,fUSD,2026-08-12T16:08:03.611137+00:00,baseline_mean,0.00018242423759322565,0.00016463039605750241,1.7793841535723238e-05
2026-08-15T18:58:34.182540+00:00,fUSD,2026-08-12T17:10:08.429154+00:00,baseline_mean,0.00018242423759322565,0.00016424974756936163,1.817449002386402e-05
2026-08-15T18:58:34.182540+00:00,fUSD,2026-08-12T18:05:16.177784+00:00,baseline_mean,0.00018242423759322565,0.00016024840854246555,2.21758290507601e-05
2026-08-15T18:58:34.182540+00:00,fUSD,2026-08-12T19:17:59.932640+00:00,baseline_mean,0.00018242423759322565,0.00016010843189567662,2.2315805697549035e-05
2026-08-15T18:58:34.182540+00:00,fUSD,2026-08-12T21:01:14.415951+00:00,baseline_mean,0.00018242423759322565,0.0001625770871322113,1.9847150461014363e-05
2026-08-15T18:58:34.182540+00:00,fUSD,2026-08-12T22:00:17.322845+00:00,baseline_mean,0.00018242423759322565,0.00016086373575635295,2.1560501836872706e-05
2026-08-15T18:58:34.182540+00:00,fUSD,2026-08-12T22:59:16.090947+00:00,baseline_mean,0.00018242423759322565,0.00015803770569661592,2.438653189660973e-05
2026-08-15T18:58:34.182540+00:00,fUSD,2026-08-12T23:55:59.580051+00:00,baseline_mean,0.00018242423759322565,0.00016091824117493806,2.1505996418287593e-05
2026-08-15T18:58:34.182540+00:00,fUSD,2026-08-13T02:45:08.527986+00:00,baseline_mean,0.00018242423759322565,0.0001611164672201301,2.130777037309556e-05
2026-08-15T18:58:34.182540+00:00,fUSD,2026-08-13T05:01:54.019560+00:00,baseline_mean,0.00018242423759322565,0.00016385974602220178,1.856449157102387e-05
2026-08-15T18:58:34.182540+00:00,fUSD,2026-08-13T06:43:31.365435+00:00,baseline_mean,0.00018242423759322565,0.00020379852013055063,-2.1374282537324973e-05
2026-08-15T18:58:34.182540+00:00,fUSD,2026-08-13T08:42:20.059869+00:00,baseline_mean,0.00018242423759322565,0.0002019006956374283,-1.9476458044202652e-05
2026-08-15T18:58:34.182540+00:00,fUSD,2026-08-13T10:20:12.322700+00:00,baseline_mean,0.00018242423759322565,0.00019502808487420218,-1.2603847280976527e-05
2026-08-15T18:58:34.182540+00:00,fUSD,2026-08-13T11:57:36.919100+00:00,baseline_mean,0.00018242423759322565,0.0002070054733394876,-2.458123574626195e-05
2026-08-15T18:58:34.182540+00:00,fUSD,2026-08-13T13:44:30.330496+00:00,baseline_mean,0.00018242423759322565,0.00020531163687399195,-2.28873992807663e-05
2026-08-15T18:58:34.182540+00:00,fUSD,2026-08-13T15:13:09.510329+00:00,baseline_mean,0.00018242423759322565,0.00019415549045739895,-1.1731252864173299e-05
2026-08-15T18:58:34.182540+00:00,fUSD,2026-08-13T16:08:29.557921+00:00,baseline_mean,0.00018242423759322565,0.0001917594869662446,-9.335249373018943e-06
2026-08-15T18:58:34.182540+00:00,fUSD,2026-08-13T17:10:15.125711+00:00,baseline_mean,0.00018242423759322565,0.00019164817686290824,-9.223939269682583e-06
2026-08-15T18:58:34.182540+00:00,fUSD,2026-08-13T18:05:56.102168+00:00,baseline_mean,0.00018242423759322565,0.00019037504327528538,-7.950805682059727e-06
2026-08-15T18:58:34.182540+00:00,fUSD,2026-08-13T19:18:11.642711+00:00,baseline_mean,0.00018242423759322565,0.00020127077081534181,-1.8846533222116162e-05
2026-08-15T18:58:34.182540+00:00,fUSD,2026-08-13T21:00:36.916037+00:00,baseline_mean,0.00018242423759322565,0.00020076074671232137,-1.8336509119095713e-05
2026-08-15T18:58:34.182540+00:00,fUSD,2026-08-13T22:00:51.563713+00:00,baseline_mean,0.00018242423759322565,0.000200775826205642,-1.835158861241635e-05
2026-08-15T18:58:34.182540+00:00,fUSD,2026-08-13T23:00:25.276237+00:00,baseline_mean,0.00018242423759322565,0.0001944656450500008,-1.204140745677515e-05
2026-08-15T18:58:34.182540+00:00,fUSD,2026-08-13T23:56:15.067983+00:00,baseline_mean,0.00018242423759322565,0.00019441731737252624,-1.1993079779300589e-05
2026-08-15T18:58:34.182540+00:00,fUSD,2026-08-14T02:43:37.273357+00:00,baseline_mean,0.00018242423759322565,0.00016254960003162815,1.9874637561597503e-05
2026-08-15T18:58:34.182540+00:00,fUSD,2026-08-14T04:59:30.361737+00:00,baseline_mean,0.00018242423759322565,0.00016513086932349184,1.7293368269733812e-05
2026-08-15T18:58:34.182540+00:00,fUSD,2026-08-14T06:41:02.913210+00:00,baseline_mean,0.00018242423759322565,0.00020098061658932446,-1.8556378996098803e-05
2026-08-15T18:58:34.182540+00:00,fUSD,2026-08-14T08:36:31.789209+00:00,baseline_mean,0.00018242423759322565,0.00020049716111675397,-1.807292352352832e-05
2026-08-15T18:58:34.182540+00:00,fUSD,2026-08-14T10:15:26.675828+00:00,baseline_mean,0.00018242423759322565,0.00019404309767343176,-1.1618860080206108e-05
2026-08-15T18:58:34.182540+00:00,fUSD,2026-08-14T11:08:15.164297+00:00,baseline_mean,0.00018242423759322565,0.00019416229144057583,-1.1738053847350178e-05
2026-08-15T18:58:34.182540+00:00,fUSD,2026-08-14T11:54:58.854474+00:00,baseline_mean,0.00018242423759322565,0.0001912726056795042,-8.848368086278546e-06
2026-08-15T18:58:34.182540+00:00,fUSD,2026-08-14T13:39:08.556340+00:00,baseline_mean,0.00018242423759322565,0.00019416828539113993,-1.1744047797914282e-05
2026-08-15T18:58:34.182540+00:00,fUSD,2026-08-14T15:05:52.765006+00:00,baseline_mean,0.00018242423759322565,0.00019426129122983315,-1.18370536366075e-05
2026-08-15T18:58:34.182540+00:00,fUSD,2026-08-14T16:04:12.612635+00:00,baseline_mean,0.00018242423759322565,0.0001941420654258666,-1.1717827832640935e-05
2026-08-15T18:58:34.182540+00:00,fUSD,2026-08-14T17:09:23.761439+00:00,baseline_mean,0.00018242423759322565,0.00016279912419217652,1.9625113401049133e-05
2026-08-15T18:58:34.182540+00:00,fUSD,2026-08-14T18:04:45.597131+00:00,baseline_mean,0.00018242423759322565,0.00016479269446432088,1.7631543128904774e-05
2026-08-15T18:58:34.182540+00:00,fUSD,2026-08-14T19:11:55.734107+00:00,baseline_mean,0.00018242423759322565,0.00016875885017281523,1.3665387420410422e-05
2026-08-15T18:58:34.182540+00:00,fUSD,2026-08-14T19:54:28.910110+00:00,baseline_mean,0.00018242423759322565,0.0001628171044862999,1.9607133106925754e-05
2026-08-15T18:58:34.182540+00:00,fUSD,2026-08-14T20:43:40.595926+00:00,baseline_mean,0.00018242423759322565,0.00016278516692073375,1.96390706724919e-05
2026-08-15T18:58:34.182540+00:00,fUSD,2026-08-14T21:37:53.218880+00:00,baseline_mean,0.00018242423759322565,0.00016278783987884332,1.963639771438233e-05
2026-08-15T18:58:34.182540+00:00,fUSD,2026-08-14T22:39:02.726462+00:00,baseline_mean,0.00018242423759322565,0.00016278557498668167,1.9638662606543978e-05
2026-08-15T18:58:34.182540+00:00,fUSD,2026-08-14T23:34:20.994263+00:00,baseline_mean,0.00018242423759322565,0.00016286151031306796,1.9562727280157688e-05
2026-08-15T18:58:34.182540+00:00,fUSD,2026-08-15T01:47:38.877968+00:00,baseline_mean,0.00018242423759322565,0.00016261760467660178,1.9806632916623875e-05
2026-08-15T18:58:34.182540+00:00,fUSD,2026-08-15T03:03:02.622341+00:00,baseline_mean,0.00018242423759322565,0.00016313921533300162,1.9285022260224035e-05
2026-08-15T18:58:34.182540+00:00,fUSD,2026-08-15T03:52:06.177674+00:00,baseline_mean,0.00018242423759322565,0.00016454707923749988,1.7877158355725768e-05
2026-08-15T18:58:34.182540+00:00,fUSD,2026-08-15T04:45:06.834239+00:00,baseline_mean,0.00018242423759322565,0.00016499911233652779,1.7425125256697867e-05
2026-08-15T18:58:34.182540+00:00,fUSD,2026-08-15T05:38:23.453855+00:00,baseline_mean,0.00018242423759322565,0.00016495965590063006,1.746458169259559e-05
2026-08-15T18:58:34.182540+00:00,fUSD,2026-08-15T06:55:50.237482+00:00,baseline_mean,0.00018242423759322565,0.00016503694226367702,1.7387295329548632e-05
2026-08-15T18:58:34.182540+00:00,fUSD,2026-08-15T07:42:35.851509+00:00,baseline_mean,0.00018242423759322565,0.00019161945297585607,-9.195215382630414e-06
2026-08-15T18:58:34.182540+00:00,fUSD,2026-08-15T08:44:07.276309+00:00,baseline_mean,0.00018242423759322565,0.00018955713214986478,-7.1328945566391305e-06
2026-08-15T18:58:34.182540+00:00,fUSD,2026-08-15T09:37:27.069846+00:00,baseline_mean,0.00018242423759322565,0.00019046447713441666,-8.040239541191012e-06
2026-08-15T18:58:34.182540+00:00,fUSD,2026-08-15T10:37:11.237304+00:00,baseline_mean,0.00018242423759322565,0.00019024258390273115,-7.818346309505499e-06
2026-08-15T18:58:34.182540+00:00,fUSD,2026-08-15T11:32:31.639670+00:00,baseline_mean,0.00018242423759322565,0.0001907219662236708,-8.297728630445142e-06
2026-08-15T18:58:34.182540+00:00,fUSD,2026-08-15T12:57:13.472334+00:00,baseline_mean,0.00018242423759322565,0.00019037383962785975,-7.949602034634101e-06
2026-08-15T18:58:34.182540+00:00,fUSD,2026-08-15T13:41:56.910387+00:00,baseline_mean,0.00018242423759322565,0.00018934814165105795,-6.9239040578323e-06
2026-08-15T18:58:34.182540+00:00,fUSD,2026-08-15T14:36:52.084678+00:00,baseline_mean,0.00018242423759322565,0.0001922216458109767,-9.797408217751053e-06
2026-08-15T18:58:34.182540+00:00,fUSD,2026-08-15T15:33:26.639475+00:00,baseline_mean,0.00018242423759322565,0.00018987012653491104,-7.4458889416853925e-06
2026-08-15T18:58:34.182540+00:00,fUSD,2026-08-15T16:39:19.818920+00:00,baseline_mean,0.00018242423759322565,0.0001903968209797743,-7.972583386548648e-06
2026-08-15T18:58:34.182540+00:00,fUSD,2026-08-15T17:33:23.836302+00:00,baseline_mean,0.00018242423759322565,0.00019610465238943447,-1.368041479620882e-05
2026-08-15T18:58:34.182540+00:00,fUSD,2026-08-11T23:00:36.564555+00:00,baseline_previous,0.00020336342449097495,0.00020314675470692233,2.1666978405261478e-07
2026-08-15T18:58:34.182540+00:00,fUSD,2026-08-11T23:57:48.391452+00:00,baseline_previous,0.00020314675470692233,0.00020057687744388304,2.569877263039293e-06
2026-08-15T18:58:34.182540+00:00,fUSD,2026-08-12T02:41:47.490748+00:00,baseline_previous,0.00020057687744388304,0.00016468788198149172,3.5888995462391316e-05
2026-08-15T18:58:34.182540+00:00,fUSD,2026-08-12T04:59:46.342221+00:00,baseline_previous,0.00016468788198149172,0.00016515877110992666,-4.708891284349408e-07
2026-08-15T18:58:34.182540+00:00,fUSD,2026-08-12T06:40:21.822484+00:00,baseline_previous,0.00016515877110992666,0.0001684398905709012,-3.2811194609745306e-06
2026-08-15T18:58:34.182540+00:00,fUSD,2026-08-12T08:38:20.449730+00:00,baseline_previous,0.0001684398905709012,0.000168872378719462,-4.324881485607971e-07
2026-08-15T18:58:34.182540+00:00,fUSD,2026-08-12T10:18:29.413998+00:00,baseline_previous,0.000168872378719462,0.00016949870743528344,-6.263287158214529e-07
2026-08-15T18:58:34.182540+00:00,fUSD,2026-08-12T11:56:34.834619+00:00,baseline_previous,0.00016949870743528344,0.00020044810089969137,-3.0949393464407924e-05
2026-08-15T18:58:34.182540+00:00,fUSD,2026-08-12T13:43:56.406233+00:00,baseline_previous,0.00020044810089969137,0.00020360327544971844,-3.155174550027067e-06
2026-08-15T18:58:34.182540+00:00,fUSD,2026-08-12T15:12:57.872989+00:00,baseline_previous,0.00020360327544971844,0.00020335819538269548,2.450800670229531e-07
2026-08-15T18:58:34.182540+00:00,fUSD,2026-08-12T16:08:03.611137+00:00,baseline_previous,0.00020335819538269548,0.00016463039605750241,3.872779932519307e-05
2026-08-15T18:58:34.182540+00:00,fUSD,2026-08-12T17:10:08.429154+00:00,baseline_previous,0.00016463039605750241,0.00016424974756936163,3.806484881407836e-07
2026-08-15T18:58:34.182540+00:00,fUSD,2026-08-12T18:05:16.177784+00:00,baseline_previous,0.00016424974756936163,0.00016024840854246555,4.0013390268960796e-06
2026-08-15T18:58:34.182540+00:00,fUSD,2026-08-12T19:17:59.932640+00:00,baseline_previous,0.00016024840854246555,0.00016010843189567662,1.3997664678893382e-07
2026-08-15T18:58:34.182540+00:00,fUSD,2026-08-12T21:01:14.415951+00:00,baseline_previous,0.00016010843189567662,0.0001625770871322113,-2.4686552365346713e-06
2026-08-15T18:58:34.182540+00:00,fUSD,2026-08-12T22:00:17.322845+00:00,baseline_previous,0.0001625770871322113,0.00016086373575635295,1.7133513758583433e-06
2026-08-15T18:58:34.182540+00:00,fUSD,2026-08-12T22:59:16.090947+00:00,baseline_previous,0.00016086373575635295,0.00015803770569661592,2.826030059737024e-06
2026-08-15T18:58:34.182540+00:00,fUSD,2026-08-12T23:55:59.580051+00:00,baseline_previous,0.00015803770569661592,0.00016091824117493806,-2.8805354783221376e-06
2026-08-15T18:58:34.182540+00:00,fUSD,2026-08-13T02:45:08.527986+00:00,baseline_previous,0.00016091824117493806,0.0001611164672201301,-1.982260451920321e-07
2026-08-15T18:58:34.182540+00:00,fUSD,2026-08-13T05:01:54.019560+00:00,baseline_previous,0.0001611164672201301,0.00016385974602220178,-2.7432788020716908e-06
2026-08-15T18:58:34.182540+00:00,fUSD,2026-08-13T06:43:31.365435+00:00,baseline_previous,0.00016385974602220178,0.00020379852013055063,-3.993877410834884e-05
2026-08-15T18:58:34.182540+00:00,fUSD,2026-08-13T08:42:20.059869+00:00,baseline_previous,0.00020379852013055063,0.0002019006956374283,1.8978244931223205e-06
2026-08-15T18:58:34.182540+00:00,fUSD,2026-08-13T10:20:12.322700+00:00,baseline_previous,0.0002019006956374283,0.00019502808487420218,6.872610763226125e-06
2026-08-15T18:58:34.182540+00:00,fUSD,2026-08-13T11:57:36.919100+00:00,baseline_previous,0.00019502808487420218,0.0002070054733394876,-1.1977388465285422e-05
2026-08-15T18:58:34.182540+00:00,fUSD,2026-08-13T13:44:30.330496+00:00,baseline_previous,0.0002070054733394876,0.00020531163687399195,1.6938364654956492e-06
2026-08-15T18:58:34.182540+00:00,fUSD,2026-08-13T15:13:09.510329+00:00,baseline_previous,0.00020531163687399195,0.00019415549045739895,1.1156146416593001e-05
2026-08-15T18:58:34.182540+00:00,fUSD,2026-08-13T16:08:29.557921+00:00,baseline_previous,0.00019415549045739895,0.0001917594869662446,2.3960034911543553e-06
2026-08-15T18:58:34.182540+00:00,fUSD,2026-08-13T17:10:15.125711+00:00,baseline_previous,0.0001917594869662446,0.00019164817686290824,1.1131010333636018e-07
2026-08-15T18:58:34.182540+00:00,fUSD,2026-08-13T18:05:56.102168+00:00,baseline_previous,0.00019164817686290824,0.00019037504327528538,1.273133587622856e-06
2026-08-15T18:58:34.182540+00:00,fUSD,2026-08-13T19:18:11.642711+00:00,baseline_previous,0.00019037504327528538,0.00020127077081534181,-1.0895727540056435e-05
2026-08-15T18:58:34.182540+00:00,fUSD,2026-08-13T21:00:36.916037+00:00,baseline_previous,0.00020127077081534181,0.00020076074671232137,5.100241030204491e-07
2026-08-15T18:58:34.182540+00:00,fUSD,2026-08-13T22:00:51.563713+00:00,baseline_previous,0.00020076074671232137,0.000200775826205642,-1.507949332063682e-08
2026-08-15T18:58:34.182540+00:00,fUSD,2026-08-13T23:00:25.276237+00:00,baseline_previous,0.000200775826205642,0.0001944656450500008,6.3101811556412e-06
2026-08-15T18:58:34.182540+00:00,fUSD,2026-08-13T23:56:15.067983+00:00,baseline_previous,0.0001944656450500008,0.00019441731737252624,4.8327677474560744e-08
2026-08-15T18:58:34.182540+00:00,fUSD,2026-08-14T02:43:37.273357+00:00,baseline_previous,0.00019441731737252624,0.00016254960003162815,3.186771734089809e-05
2026-08-15T18:58:34.182540+00:00,fUSD,2026-08-14T04:59:30.361737+00:00,baseline_previous,0.00016254960003162815,0.00016513086932349184,-2.5812692918636914e-06
2026-08-15T18:58:34.182540+00:00,fUSD,2026-08-14T06:41:02.913210+00:00,baseline_previous,0.00016513086932349184,0.00020098061658932446,-3.5849747265832615e-05
2026-08-15T18:58:34.182540+00:00,fUSD,2026-08-14T08:36:31.789209+00:00,baseline_previous,0.00020098061658932446,0.00020049716111675397,4.834554725704826e-07
2026-08-15T18:58:34.182540+00:00,fUSD,2026-08-14T10:15:26.675828+00:00,baseline_previous,0.00020049716111675397,0.00019404309767343176,6.454063443322213e-06
2026-08-15T18:58:34.182540+00:00,fUSD,2026-08-14T11:08:15.164297+00:00,baseline_previous,0.00019404309767343176,0.00019416229144057583,-1.1919376714407057e-07
2026-08-15T18:58:34.182540+00:00,fUSD,2026-08-14T11:54:58.854474+00:00,baseline_previous,0.00019416229144057583,0.0001912726056795042,2.889685761071632e-06
2026-08-15T18:58:34.182540+00:00,fUSD,2026-08-14T13:39:08.556340+00:00,baseline_previous,0.0001912726056795042,0.00019416828539113993,-2.895679711635736e-06
2026-08-15T18:58:34.182540+00:00,fUSD,2026-08-14T15:05:52.765006+00:00,baseline_previous,0.00019416828539113993,0.00019426129122983315,-9.30058386932177e-08
2026-08-15T18:58:34.182540+00:00,fUSD,2026-08-14T16:04:12.612635+00:00,baseline_previous,0.00019426129122983315,0.0001941420654258666,1.1922580396656556e-07
2026-08-15T18:58:34.182540+00:00,fUSD,2026-08-14T17:09:23.761439+00:00,baseline_previous,0.0001941420654258666,0.00016279912419217652,3.134294123369007e-05
2026-08-15T18:58:34.182540+00:00,fUSD,2026-08-14T18:04:45.597131+00:00,baseline_previous,0.00016279912419217652,0.00016479269446432088,-1.9935702721443594e-06
2026-08-15T18:58:34.182540+00:00,fUSD,2026-08-14T19:11:55.734107+00:00,baseline_previous,0.00016479269446432088,0.00016875885017281523,-3.966155708494352e-06
2026-08-15T18:58:34.182540+00:00,fUSD,2026-08-14T19:54:28.910110+00:00,baseline_previous,0.00016875885017281523,0.0001628171044862999,5.9417456865153324e-06
2026-08-15T18:58:34.182540+00:00,fUSD,2026-08-14T20:43:40.595926+00:00,baseline_previous,0.0001628171044862999,0.00016278516692073375,3.193756556614524e-08
2026-08-15T18:58:34.182540+00:00,fUSD,2026-08-14T21:37:53.218880+00:00,baseline_previous,0.00016278516692073375,0.00016278783987884332,-2.672958109570852e-09
2026-08-15T18:58:34.182540+00:00,fUSD,2026-08-14T22:39:02.726462+00:00,baseline_previous,0.00016278783987884332,0.00016278557498668167,2.264892161649547e-09
2026-08-15T18:58:34.182540+00:00,fUSD,2026-08-14T23:34:20.994263+00:00,baseline_previous,0.00016278557498668167,0.00016286151031306796,-7.593532638629024e-08
2026-08-15T18:58:34.182540+00:00,fUSD,2026-08-15T01:47:38.877968+00:00,baseline_previous,0.00016286151031306796,0.00016261760467660178,2.4390563646618747e-07
2026-08-15T18:58:34.182540+00:00,fUSD,2026-08-15T03:03:02.622341+00:00,baseline_previous,0.00016261760467660178,0.00016313921533300162,-5.216106563998401e-07
2026-08-15T18:58:34.182540+00:00,fUSD,2026-08-15T03:52:06.177674+00:00,baseline_previous,0.00016313921533300162,0.00016454707923749988,-1.4078639044982672e-06
2026-08-15T18:58:34.182540+00:00,fUSD,2026-08-15T04:45:06.834239+00:00,baseline_previous,0.00016454707923749988,0.00016499911233652779,-4.5203309902790124e-07
2026-08-15T18:58:34.182540+00:00,fUSD,2026-08-15T05:38:23.453855+00:00,baseline_previous,0.00016499911233652779,0.00016495965590063006,3.945643589772178e-08
2026-08-15T18:58:34.182540+00:00,fUSD,2026-08-15T06:55:50.237482+00:00,baseline_previous,0.00016495965590063006,0.00016503694226367702,-7.728636304695597e-08
2026-08-15T18:58:34.182540+00:00,fUSD,2026-08-15T07:42:35.851509+00:00,baseline_previous,0.00016503694226367702,0.00019161945297585607,-2.6582510712179047e-05
2026-08-15T18:58:34.182540+00:00,fUSD,2026-08-15T08:44:07.276309+00:00,baseline_previous,0.00019161945297585607,0.00018955713214986478,2.0623208259912837e-06
2026-08-15T18:58:34.182540+00:00,fUSD,2026-08-15T09:37:27.069846+00:00,baseline_previous,0.00018955713214986478,0.00019046447713441666,-9.073449845518812e-07
2026-08-15T18:58:34.182540+00:00,fUSD,2026-08-15T10:37:11.237304+00:00,baseline_previous,0.00019046447713441666,0.00019024258390273115,2.2189323168551314e-07
2026-08-15T18:58:34.182540+00:00,fUSD,2026-08-15T11:32:31.639670+00:00,baseline_previous,0.00019024258390273115,0.0001907219662236708,-4.793823209396436e-07
2026-08-15T18:58:34.182540+00:00,fUSD,2026-08-15T12:57:13.472334+00:00,baseline_previous,0.0001907219662236708,0.00019037383962785975,3.4812659581104095e-07
2026-08-15T18:58:34.182540+00:00,fUSD,2026-08-15T13:41:56.910387+00:00,baseline_previous,0.00019037383962785975,0.00018934814165105795,1.025697976801801e-06
2026-08-15T18:58:34.182540+00:00,fUSD,2026-08-15T14:36:52.084678+00:00,baseline_previous,0.00018934814165105795,0.0001922216458109767,-2.873504159918753e-06
2026-08-15T18:58:34.182540+00:00,fUSD,2026-08-15T15:33:26.639475+00:00,baseline_previous,0.0001922216458109767,0.00018987012653491104,2.3515192760656606e-06
2026-08-15T18:58:34.182540+00:00,fUSD,2026-08-15T16:39:19.818920+00:00,baseline_previous,0.00018987012653491104,0.0001903968209797743,-5.266944448632555e-07
2026-08-15T18:58:34.182540+00:00,fUSD,2026-08-15T17:33:23.836302+00:00,baseline_previous,0.0001903968209797743,0.00019610465238943447,-5.707831409660171e-06
2026-08-15T18:58:34.182540+00:00,fUSD,2026-08-11T23:00:36.564555+00:00,linear_regression,0.00018288408790898155,0.00020314675470692233,-2.0262666797940787e-05
2026-08-15T18:58:34.182540+00:00,fUSD,2026-08-11T23:57:48.391452+00:00,linear_regression,0.00018305072933028015,0.00020057687744388304,-1.7526148113602893e-05
2026-08-15T18:58:34.182540+00:00,fUSD,2026-08-12T02:41:47.490748+00:00,linear_regression,0.00018066644017523487,0.00016468788198149172,1.5978558193743142e-05
2026-08-15T18:58:34.182540+00:00,fUSD,2026-08-12T04:59:46.342221+00:00,linear_regression,0.00017316969891603462,0.00016515877110992666,8.010927806107956e-06
2026-08-15T18:58:34.182540+00:00,fUSD,2026-08-12T06:40:21.822484+00:00,linear_regression,0.00017522956185808352,0.0001684398905709012,6.789671287182327e-06
2026-08-15T18:58:34.182540+00:00,fUSD,2026-08-12T08:38:20.449730+00:00,linear_regression,0.00017970891347273828,0.000168872378719462,1.083653475327629e-05
2026-08-15T18:58:34.182540+00:00,fUSD,2026-08-12T10:18:29.413998+00:00,linear_regression,0.00017286157119456006,0.00016949870743528344,3.362863759276614e-06
2026-08-15T18:58:34.182540+00:00,fUSD,2026-08-12T11:56:34.834619+00:00,linear_regression,0.00017284723099945078,0.00020044810089969137,-2.7600869900240593e-05
2026-08-15T18:58:34.182540+00:00,fUSD,2026-08-12T13:43:56.406233+00:00,linear_regression,0.00018605392198133515,0.00020360327544971844,-1.7549353468383284e-05
2026-08-15T18:58:34.182540+00:00,fUSD,2026-08-12T15:12:57.872989+00:00,linear_regression,0.00018026730502606304,0.00020335819538269548,-2.309089035663244e-05
2026-08-15T18:58:34.182540+00:00,fUSD,2026-08-12T16:08:03.611137+00:00,linear_regression,0.00018073721778276157,0.00016463039605750241,1.610682172525915e-05
2026-08-15T18:58:34.182540+00:00,fUSD,2026-08-12T17:10:08.429154+00:00,linear_regression,0.00017506707416439795,0.00016424974756936163,1.0817326595036322e-05
2026-08-15T18:58:34.182540+00:00,fUSD,2026-08-12T18:05:16.177784+00:00,linear_regression,0.00017843031545928758,0.00016024840854246555,1.818190691682203e-05
2026-08-15T18:58:34.182540+00:00,fUSD,2026-08-12T19:17:59.932640+00:00,linear_regression,0.0001828801186083878,0.00016010843189567662,2.277168671271118e-05
2026-08-15T18:58:34.182540+00:00,fUSD,2026-08-12T21:01:14.415951+00:00,linear_regression,0.00018358327529406334,0.0001625770871322113,2.1006188161852048e-05
2026-08-15T18:58:34.182540+00:00,fUSD,2026-08-12T22:00:17.322845+00:00,linear_regression,0.00017708818753949863,0.00016086373575635295,1.6224451783145683e-05
2026-08-15T18:58:34.182540+00:00,fUSD,2026-08-12T22:59:16.090947+00:00,linear_regression,0.00017990707495742762,0.00015803770569661592,2.1869369260811697e-05
2026-08-15T18:58:34.182540+00:00,fUSD,2026-08-12T23:55:59.580051+00:00,linear_regression,0.00018350607896337,0.00016091824117493806,2.2587837788431937e-05
2026-08-15T18:58:34.182540+00:00,fUSD,2026-08-13T02:45:08.527986+00:00,linear_regression,0.0001751209147804494,0.0001611164672201301,1.4004447560319314e-05
2026-08-15T18:58:34.182540+00:00,fUSD,2026-08-13T05:01:54.019560+00:00,linear_regression,0.0001769952125896604,0.00016385974602220178,1.3135466567458607e-05
2026-08-15T18:58:34.182540+00:00,fUSD,2026-08-13T06:43:31.365435+00:00,linear_regression,0.00017465487799753681,0.00020379852013055063,-2.914364213301381e-05
2026-08-15T18:58:34.182540+00:00,fUSD,2026-08-13T08:42:20.059869+00:00,linear_regression,0.0001835007800489071,0.0002019006956374283,-1.8399915588521203e-05
2026-08-15T18:58:34.182540+00:00,fUSD,2026-08-13T10:20:12.322700+00:00,linear_regression,0.00018118432097099406,0.00019502808487420218,-1.3843763903208115e-05
2026-08-15T18:58:34.182540+00:00,fUSD,2026-08-13T11:57:36.919100+00:00,linear_regression,0.00017849576115678883,0.0002070054733394876,-2.8509712182698768e-05
2026-08-15T18:58:34.182540+00:00,fUSD,2026-08-13T13:44:30.330496+00:00,linear_regression,0.00018724204033575582,0.00020531163687399195,-1.8069596538236132e-05
2026-08-15T18:58:34.182540+00:00,fUSD,2026-08-13T15:13:09.510329+00:00,linear_regression,0.0001844278388835731,0.00019415549045739895,-9.727651573825856e-06
2026-08-15T18:58:34.182540+00:00,fUSD,2026-08-13T16:08:29.557921+00:00,linear_regression,0.000181471462708998,0.0001917594869662446,-1.028802425724661e-05
2026-08-15T18:58:34.182540+00:00,fUSD,2026-08-13T17:10:15.125711+00:00,linear_regression,0.0001847763697647017,0.00019164817686290824,-6.871807098206528e-06
2026-08-15T18:58:34.182540+00:00,fUSD,2026-08-13T18:05:56.102168+00:00,linear_regression,0.00018426943606149242,0.00019037504327528538,-6.105607213792956e-06
2026-08-15T18:58:34.182540+00:00,fUSD,2026-08-13T19:18:11.642711+00:00,linear_regression,0.00018510487846124383,0.00020127077081534181,-1.6165892354097982e-05
2026-08-15T18:58:34.182540+00:00,fUSD,2026-08-13T21:00:36.916037+00:00,linear_regression,0.00018061411421977795,0.00020076074671232137,-2.0146632492543413e-05
2026-08-15T18:58:34.182540+00:00,fUSD,2026-08-13T22:00:51.563713+00:00,linear_regression,0.0001828210934241786,0.000200775826205642,-1.7954732781463395e-05
2026-08-15T18:58:34.182540+00:00,fUSD,2026-08-13T23:00:25.276237+00:00,linear_regression,0.00017998853678243318,0.0001944656450500008,-1.4477108267567617e-05
2026-08-15T18:58:34.182540+00:00,fUSD,2026-08-13T23:56:15.067983+00:00,linear_regression,0.00018475444299958656,0.00019441731737252624,-9.662874372939683e-06
2026-08-15T18:58:34.182540+00:00,fUSD,2026-08-14T02:43:37.273357+00:00,linear_regression,0.0001806093076562296,0.00016254960003162815,1.805970762460145e-05
2026-08-15T18:58:34.182540+00:00,fUSD,2026-08-14T04:59:30.361737+00:00,linear_regression,0.00017227240579460778,0.00016513086932349184,7.141536471115935e-06
2026-08-15T18:58:34.182540+00:00,fUSD,2026-08-14T06:41:02.913210+00:00,linear_regression,0.00017311753623941401,0.00020098061658932446,-2.786308034991044e-05
2026-08-15T18:58:34.182540+00:00,fUSD,2026-08-14T08:36:31.789209+00:00,linear_regression,0.00017989586218075803,0.00020049716111675397,-2.060129893599594e-05
2026-08-15T18:58:34.182540+00:00,fUSD,2026-08-14T10:15:26.675828+00:00,linear_regression,0.0001862586514191746,0.00019404309767343176,-7.784446254257172e-06
2026-08-15T18:58:34.182540+00:00,fUSD,2026-08-14T11:08:15.164297+00:00,linear_regression,0.00018292047097202474,0.00019416229144057583,-1.1241820468551087e-05
2026-08-15T18:58:34.182540+00:00,fUSD,2026-08-14T11:54:58.854474+00:00,linear_regression,0.00018401630413977045,0.0001912726056795042,-7.2563015397337474e-06
2026-08-15T18:58:34.182540+00:00,fUSD,2026-08-14T13:39:08.556340+00:00,linear_regression,0.00018406942337546693,0.00019416828539113993,-1.0098862015673005e-05
2026-08-15T18:58:34.182540+00:00,fUSD,2026-08-14T15:05:52.765006+00:00,linear_regression,0.00018215526503638697,0.00019426129122983315,-1.2106026193446184e-05
2026-08-15T18:58:34.182540+00:00,fUSD,2026-08-14T16:04:12.612635+00:00,linear_regression,0.0001834610012325054,0.0001941420654258666,-1.06810641933612e-05
2026-08-15T18:58:34.182540+00:00,fUSD,2026-08-14T17:09:23.761439+00:00,linear_regression,0.00018294660749534588,0.00016279912419217652,2.0147483303169358e-05
2026-08-15T18:58:34.182540+00:00,fUSD,2026-08-14T18:04:45.597131+00:00,linear_regression,0.0001754423718408326,0.00016479269446432088,1.0649677376511733e-05
2026-08-15T18:58:34.182540+00:00,fUSD,2026-08-14T19:11:55.734107+00:00,linear_regression,0.00017606296192903355,0.00016875885017281523,7.304111756218317e-06
2026-08-15T18:58:34.182540+00:00,fUSD,2026-08-14T19:54:28.910110+00:00,linear_regression,0.00017715418013519404,0.0001628171044862999,1.433707564889414e-05
2026-08-15T18:58:34.182540+00:00,fUSD,2026-08-14T20:43:40.595926+00:00,linear_regression,0.0001805450674626067,0.00016278516692073375,1.7759900541872956e-05
2026-08-15T18:58:34.182540+00:00,fUSD,2026-08-14T21:37:53.218880+00:00,linear_regression,0.0001783446692845379,0.00016278783987884332,1.555682940569458e-05
2026-08-15T18:58:34.182540+00:00,fUSD,2026-08-14T22:39:02.726462+00:00,linear_regression,0.00017835375778496595,0.00016278557498668167,1.556818279828428e-05
2026-08-15T18:58:34.182540+00:00,fUSD,2026-08-14T23:34:20.994263+00:00,linear_regression,0.00017925264455656646,0.00016286151031306796,1.6391134243498492e-05
2026-08-15T18:58:34.182540+00:00,fUSD,2026-08-15T01:47:38.877968+00:00,linear_regression,0.00017553571927066437,0.00016261760467660178,1.2918114594062593e-05
2026-08-15T18:58:34.182540+00:00,fUSD,2026-08-15T03:03:02.622341+00:00,linear_regression,0.00017661501903770753,0.00016313921533300162,1.3475803704705912e-05
2026-08-15T18:58:34.182540+00:00,fUSD,2026-08-15T03:52:06.177674+00:00,linear_regression,0.00017624633636604458,0.00016454707923749988,1.169925712854469e-05
2026-08-15T18:58:34.182540+00:00,fUSD,2026-08-15T04:45:06.834239+00:00,linear_regression,0.00017494891080095922,0.00016499911233652779,9.949798464431437e-06
2026-08-15T18:58:34.182540+00:00,fUSD,2026-08-15T05:38:23.453855+00:00,linear_regression,0.0001741758647260959,0.00016495965590063006,9.216208825465832e-06
2026-08-15T18:58:34.182540+00:00,fUSD,2026-08-15T06:55:50.237482+00:00,linear_regression,0.00017453487965801056,0.00016503694226367702,9.497937394333536e-06
2026-08-15T18:58:34.182540+00:00,fUSD,2026-08-15T07:42:35.851509+00:00,linear_regression,0.00017465643316055547,0.00019161945297585607,-1.6963019815300598e-05
2026-08-15T18:58:34.182540+00:00,fUSD,2026-08-15T08:44:07.276309+00:00,linear_regression,0.00018731880875539505,0.00018955713214986478,-2.2383233944697333e-06
2026-08-15T18:58:34.182540+00:00,fUSD,2026-08-15T09:37:27.069846+00:00,linear_regression,0.000185573633905816,0.00019046447713441666,-4.8908432286006755e-06
2026-08-15T18:58:34.182540+00:00,fUSD,2026-08-15T10:37:11.237304+00:00,linear_regression,0.00018646593736605722,0.00019024258390273115,-3.776646536673929e-06
2026-08-15T18:58:34.182540+00:00,fUSD,2026-08-15T11:32:31.639670+00:00,linear_regression,0.0001860343229506448,0.0001907219662236708,-4.687643273025983e-06
2026-08-15T18:58:34.182540+00:00,fUSD,2026-08-15T12:57:13.472334+00:00,linear_regression,0.00018539636721863674,0.00019037383962785975,-4.977472409223017e-06
2026-08-15T18:58:34.182540+00:00,fUSD,2026-08-15T13:41:56.910387+00:00,linear_regression,0.0001867823593768944,0.00018934814165105795,-2.565782274163551e-06
2026-08-15T18:58:34.182540+00:00,fUSD,2026-08-15T14:36:52.084678+00:00,linear_regression,0.00018722790392621048,0.0001922216458109767,-4.9937418847662235e-06
2026-08-15T18:58:34.182540+00:00,fUSD,2026-08-15T15:33:26.639475+00:00,linear_regression,0.00018441864093634037,0.00018987012653491104,-5.451485598570671e-06
2026-08-15T18:58:34.182540+00:00,fUSD,2026-08-15T16:39:19.818920+00:00,linear_regression,0.00018718046363438027,0.0001903968209797743,-3.2163573453940295e-06
2026-08-15T18:58:34.182540+00:00,fUSD,2026-08-15T17:33:23.836302+00:00,linear_regression,0.0001912663526102312,0.00019610465238943447,-4.838299779203262e-06
